clientID;descriptionID;frameNr;sizeInBytes;entryTimestamp;completedTimestamp;isSender
0;2;0;0;1751357202362;1751357202366;true
0;1;0;0;1751357202364;1751357202368;true
0;2;1;0;1751357202367;1751357202371;true
0;1;1;0;1751357202368;1751357202372;true
0;0;0;0;1751357202364;1751357202372;true
0;0;1;0;1751357202373;1751357202374;true
0;2;2;0;1751357202402;1751357202405;true
0;1;2;0;1751357202402;1751357202406;true
0;0;2;0;1751357202402;1751357202407;true
0;1;3;0;1751357202433;1751357202435;true
0;2;3;0;1751357202433;1751357202437;true
0;0;3;0;1751357202433;1751357202437;true
0;2;4;0;1751357202479;1751357202483;true
0;0;4;0;1751357202480;1751357202484;true
0;1;4;0;1751357202480;1751357202484;true
0;1;5;0;1751357202513;1751357202516;true
0;2;5;0;1751357202513;1751357202517;true
0;0;5;0;1751357202513;1751357202518;true
0;2;6;0;1751357202532;1751357202534;true
0;1;6;0;1751357202532;1751357202535;true
0;0;6;0;1751357202532;1751357202536;true
0;2;7;0;1751357202580;1751357202581;true
0;1;7;0;1751357202580;1751357202583;true
0;0;7;0;1751357202580;1751357202583;true
0;2;8;0;1751357202611;1751357202614;true
0;1;8;0;1751357202611;1751357202614;true
0;0;8;0;1751357202611;1751357202615;true
0;2;9;0;1751357202646;1751357202649;true
0;1;9;0;1751357202646;1751357202649;true
0;0;9;0;1751357202646;1751357202650;true
0;2;10;0;1751357202664;1751357202666;true
0;1;10;0;1751357202664;1751357202666;true
0;0;10;0;1751357202664;1751357202667;true
0;1;11;0;1751357202712;1751357202714;true
0;2;11;0;1751357202712;1751357202715;true
0;0;11;0;1751357202712;1751357202715;true
0;2;12;0;1751357202744;1751357202746;true
0;0;12;0;1751357202744;1751357202749;true
0;1;12;0;1751357202744;1751357202749;true
0;2;13;0;1751357202776;1751357202778;true
0;1;13;0;1751357202776;1751357202779;true
0;0;13;0;1751357202776;1751357202780;true
0;2;14;0;1751357202807;1751357202810;true
0;1;14;0;1751357202807;1751357202810;true
0;0;14;0;1751357202807;1751357202811;true
0;2;15;0;1751357202830;1751357202831;true
0;1;15;0;1751357202830;1751357202832;true
0;0;15;0;1751357202830;1751357202833;true
0;2;16;0;1751357202862;1751357202864;true
0;1;16;0;1751357202862;1751357202864;true
0;0;16;0;1751357202862;1751357202866;true
0;2;17;0;1751357202910;1751357202912;true
0;1;17;0;1751357202910;1751357202913;true
0;0;17;0;1751357202910;1751357202914;true
0;2;18;0;1751357202942;1751357202944;true
0;1;18;0;1751357202942;1751357202946;true
0;0;18;0;1751357202942;1751357202946;true
0;2;19;0;1751357202974;1751357202977;true
0;1;19;0;1751357202974;1751357202978;true
0;0;19;0;1751357202974;1751357202978;true
0;2;20;0;1751357203006;1751357203008;true
0;1;20;0;1751357203006;1751357203008;true
0;0;20;0;1751357203006;1751357203009;true
0;1;21;0;1751357203028;1751357203031;true
0;2;21;0;1751357203028;1751357203032;true
0;0;21;0;1751357203028;1751357203032;true
0;2;22;0;1751357203060;1751357203062;true
0;1;22;0;1751357203060;1751357203064;true
0;0;22;0;1751357203060;1751357203064;true
0;1;23;0;1751357203107;1751357203109;true
0;2;23;0;1751357203107;1751357203110;true
0;0;23;0;1751357203107;1751357203111;true
0;2;24;0;1751357203139;1751357203140;true
0;1;24;0;1751357203139;1751357203141;true
0;0;24;0;1751357203139;1751357203142;true
0;2;25;0;1751357203170;1751357203172;true
0;1;25;0;1751357203170;1751357203173;true
0;0;25;0;1751357203170;1751357203174;true
0;2;26;0;1751357203195;1751357203197;true
0;1;26;0;1751357203194;1751357203198;true
0;0;26;0;1751357203194;1751357203198;true
0;2;27;0;1751357203226;1751357203229;true
0;1;27;0;1751357203226;1751357203229;true
0;0;27;0;1751357203226;1751357203230;true
0;2;28;0;1751357203259;1751357203260;true
0;1;28;0;1751357203259;1751357203261;true
0;0;28;0;1751357203259;1751357203262;true
0;2;29;0;1751357203306;1751357203308;true
0;1;29;0;1751357203306;1751357203309;true
0;0;29;0;1751357203306;1751357203310;true
0;2;30;0;1751357203337;1751357203339;true
0;1;30;0;1751357203337;1751357203340;true
0;0;30;0;1751357203337;1751357203341;true
0;1;31;0;1751357203359;1751357203361;true
0;2;31;0;1751357203359;1751357203361;true
0;0;31;0;1751357203359;1751357203362;true
0;2;32;0;1751357203390;1751357203392;true
0;1;32;0;1751357203390;1751357203393;true
0;0;32;0;1751357203390;1751357203394;true
0;2;33;0;1751357203423;1751357203425;true
0;1;33;0;1751357203423;1751357203425;true
0;0;33;0;1751357203423;1751357203426;true
0;2;34;0;1751357203459;1751357203461;true
0;1;34;0;1751357203459;1751357203461;true
0;0;34;0;1751357203459;1751357203462;true
0;2;35;0;1751357203496;1751357203497;true
0;0;35;0;1751357203496;1751357203500;true
0;1;35;0;1751357203496;1751357203501;true
0;2;36;0;1751357203528;1751357203529;true
0;1;36;0;1751357203528;1751357203531;true
0;0;36;0;1751357203528;1751357203532;true
0;2;37;0;1751357203558;1751357203559;true
0;1;37;0;1751357203558;1751357203561;true
0;0;37;0;1751357203558;1751357203562;true
0;2;38;0;1751357203590;1751357203593;true
0;1;38;0;1751357203590;1751357203593;true
0;0;38;0;1751357203590;1751357203594;true
0;2;39;0;1751357203624;1751357203627;true
0;1;39;0;1751357203624;1751357203628;true
0;0;39;0;1751357203624;1751357203629;true
0;2;40;0;1751357203656;1751357203659;true
0;1;40;0;1751357203656;1751357203661;true
0;0;40;0;1751357203656;1751357203661;true
0;2;41;0;1751357203690;1751357203692;true
0;1;41;0;1751357203690;1751357203695;true
0;0;41;0;1751357203690;1751357203695;true
0;2;42;0;1751357203722;1751357203725;true
0;1;42;0;1751357203722;1751357203726;true
0;0;42;0;1751357203722;1751357203727;true
0;2;43;0;1751357203753;1751357203754;true
0;1;43;0;1751357203753;1751357203755;true
0;0;43;0;1751357203753;1751357203757;true
0;2;44;0;1751357203789;1751357203793;true
0;1;44;0;1751357203789;1751357203794;true
0;0;44;0;1751357203789;1751357203794;true
0;2;45;0;1751357203822;1751357203824;true
0;1;45;0;1751357203822;1751357203826;true
0;0;45;0;1751357203822;1751357203827;true
0;2;46;0;1751357203857;1751357203859;true
0;1;46;0;1751357203858;1751357203860;true
0;0;46;0;1751357203857;1751357203862;true
0;2;47;0;1751357203890;1751357203893;true
0;1;47;0;1751357203890;1751357203894;true
0;0;47;0;1751357203890;1751357203895;true
0;2;48;0;1751357203921;1751357203923;true
0;1;48;0;1751357203921;1751357203925;true
0;0;48;0;1751357203921;1751357203926;true
0;2;49;0;1751357203956;1751357203957;true
0;1;49;0;1751357203956;1751357203960;true
0;0;49;0;1751357203956;1751357203960;true
0;2;50;0;1751357203990;1751357203993;true
0;1;50;0;1751357203990;1751357203994;true
0;0;50;0;1751357203990;1751357203995;true
0;2;51;0;1751357204022;1751357204024;true
0;1;51;0;1751357204022;1751357204025;true
0;0;51;0;1751357204022;1751357204026;true
0;2;52;0;1751357204053;1751357204056;true
0;1;52;0;1751357204053;1751357204058;true
0;0;52;0;1751357204053;1751357204060;true
0;2;53;0;1751357204087;1751357204088;true
0;1;53;0;1751357204087;1751357204090;true
0;0;53;0;1751357204087;1751357204091;true
0;2;54;0;1751357204121;1751357204122;true
0;1;54;0;1751357204121;1751357204125;true
0;0;54;0;1751357204121;1751357204126;true
0;2;55;0;1751357204154;1751357204156;true
0;1;55;0;1751357204154;1751357204158;true
0;0;55;0;1751357204154;1751357204159;true
0;2;56;0;1751357204189;1751357204190;true
0;1;56;0;1751357204189;1751357204191;true
0;0;56;0;1751357204189;1751357204192;true
0;2;57;0;1751357204219;1751357204223;true
0;1;57;0;1751357204219;1751357204224;true
0;0;57;0;1751357204219;1751357204224;true
0;2;58;0;1751357204253;1751357204256;true
0;1;58;0;1751357204254;1751357204257;true
0;0;58;0;1751357204254;1751357204258;true
0;1;59;0;1751357204288;1751357204289;true
0;2;59;0;1751357204288;1751357204290;true
0;0;59;0;1751357204288;1751357204292;true
0;1;60;0;1751357204320;1751357204322;true
0;2;60;0;1751357204320;1751357204323;true
0;0;60;0;1751357204320;1751357204324;true
0;1;61;0;1751357204356;1751357204358;true
0;2;61;0;1751357204356;1751357204359;true
0;0;61;0;1751357204356;1751357204360;true
0;2;62;0;1751357204386;1751357204389;true
0;1;62;0;1751357204386;1751357204389;true
0;0;62;0;1751357204386;1751357204390;true
0;2;63;0;1751357204417;1751357204418;true
0;1;63;0;1751357204417;1751357204420;true
0;0;63;0;1751357204417;1751357204421;true
0;2;64;0;1751357204449;1751357204451;true
0;1;64;0;1751357204449;1751357204453;true
0;0;64;0;1751357204449;1751357204453;true
0;2;65;0;1751357204483;1751357204485;true
0;1;65;0;1751357204483;1751357204487;true
0;0;65;0;1751357204483;1751357204488;true
0;2;66;0;1751357204520;1751357204522;true
0;1;66;0;1751357204520;1751357204522;true
0;0;66;0;1751357204520;1751357204523;true
0;1;67;0;1751357204552;1751357204554;true
0;2;67;0;1751357204552;1751357204555;true
0;0;67;0;1751357204552;1751357204555;true
0;2;68;0;1751357204583;1751357204585;true
0;1;68;0;1751357204583;1751357204586;true
0;0;68;0;1751357204583;1751357204586;true
0;2;69;0;1751357204613;1751357204616;true
0;1;69;0;1751357204613;1751357204616;true
0;0;69;0;1751357204613;1751357204617;true
0;2;70;0;1751357204650;1751357204652;true
0;1;70;0;1751357204650;1751357204653;true
0;0;70;0;1751357204650;1751357204653;true
0;2;71;0;1751357204679;1751357204681;true
0;1;71;0;1751357204679;1751357204682;true
0;0;71;0;1751357204679;1751357204682;true
0;2;72;0;1751357204717;1751357204719;true
0;1;72;0;1751357204717;1751357204720;true
0;0;72;0;1751357204717;1751357204721;true
0;2;73;0;1751357204749;1751357204751;true
0;1;73;0;1751357204749;1751357204752;true
0;0;73;0;1751357204749;1751357204753;true
0;2;74;0;1751357204782;1751357204783;true
0;1;74;0;1751357204782;1751357204785;true
0;0;74;0;1751357204782;1751357204786;true
0;2;75;0;1751357204815;1751357204817;true
0;1;75;0;1751357204815;1751357204818;true
0;0;75;0;1751357204815;1751357204819;true
0;2;76;0;1751357204847;1751357204848;true
0;1;76;0;1751357204847;1751357204850;true
0;0;76;0;1751357204847;1751357204850;true
0;2;77;0;1751357204877;1751357204878;true
0;1;77;0;1751357204877;1751357204880;true
0;0;77;0;1751357204877;1751357204880;true
0;2;78;0;1751357204915;1751357204917;true
0;1;78;0;1751357204915;1751357204918;true
0;0;78;0;1751357204915;1751357204919;true
0;2;79;0;1751357204948;1751357204950;true
0;1;79;0;1751357204948;1751357204951;true
0;0;79;0;1751357204948;1751357204952;true
0;1;80;0;1751357204981;1751357204984;true
0;2;80;0;1751357204981;1751357204984;true
0;0;80;0;1751357204981;1751357204985;true
0;2;81;0;1751357205012;1751357205016;true
0;0;81;0;1751357205012;1751357205016;true
0;1;81;0;1751357205012;1751357205016;true
0;2;82;0;1751357205044;1751357205047;true
0;1;82;0;1751357205044;1751357205048;true
0;0;82;0;1751357205044;1751357205049;true
0;2;83;0;1751357205080;1751357205082;true
0;1;83;0;1751357205080;1751357205083;true
0;0;83;0;1751357205080;1751357205084;true
0;2;84;0;1751357205111;1751357205113;true
0;1;84;0;1751357205111;1751357205114;true
0;0;84;0;1751357205111;1751357205115;true
0;2;85;0;1751357205146;1751357205147;true
0;1;85;0;1751357205146;1751357205149;true
0;0;85;0;1751357205146;1751357205150;true
0;2;86;0;1751357205179;1751357205181;true
0;1;86;0;1751357205179;1751357205182;true
0;0;86;0;1751357205179;1751357205183;true
0;1;87;0;1751357205211;1751357205214;true
0;2;87;0;1751357205211;1751357205215;true
0;0;87;0;1751357205211;1751357205215;true
0;2;88;0;1751357205243;1751357205245;true
0;1;88;0;1751357205243;1751357205247;true
0;0;88;0;1751357205243;1751357205247;true
0;2;89;0;1751357205280;1751357205283;true
0;1;89;0;1751357205280;1751357205283;true
0;0;89;0;1751357205280;1751357205284;true
0;1;90;0;1751357205312;1751357205314;true
0;2;90;0;1751357205312;1751357205315;true
0;0;90;0;1751357205312;1751357205316;true
0;2;91;0;1751357205345;1751357205346;true
0;1;91;0;1751357205345;1751357205347;true
0;0;91;0;1751357205345;1751357205349;true
0;2;92;0;1751357205377;1751357205381;true
0;1;92;0;1751357205377;1751357205381;true
0;0;92;0;1751357205377;1751357205381;true
0;2;93;0;1751357205409;1751357205412;true
0;1;93;0;1751357205409;1751357205412;true
0;0;93;0;1751357205409;1751357205413;true
0;2;94;0;1751357205440;1751357205443;true
0;1;94;0;1751357205440;1751357205443;true
0;0;94;0;1751357205440;1751357205444;true
0;1;95;0;1751357205479;1751357205481;true
0;2;95;0;1751357205479;1751357205482;true
0;0;95;0;1751357205479;1751357205483;true
0;2;96;0;1751357205510;1751357205512;true
0;1;96;0;1751357205510;1751357205513;true
0;0;96;0;1751357205510;1751357205514;true
0;2;97;0;1751357205545;1751357205546;true
0;1;97;0;1751357205545;1751357205548;true
0;0;97;0;1751357205545;1751357205549;true
0;2;98;0;1751357205577;1751357205580;true
0;1;98;0;1751357205577;1751357205581;true
0;0;98;0;1751357205577;1751357205582;true
0;2;99;0;1751357205609;1751357205610;true
0;1;99;0;1751357205609;1751357205612;true
0;0;99;0;1751357205609;1751357205612;true
0;2;100;0;1751357205643;1751357205645;true
0;1;100;0;1751357205643;1751357205647;true
0;0;100;0;1751357205643;1751357205647;true
0;2;101;0;1751357205677;1751357205678;true
0;1;101;0;1751357205677;1751357205680;true
0;0;101;0;1751357205677;1751357205681;true
0;2;102;0;1751357205703;1751357205706;true
0;1;102;0;1751357205703;1751357205707;true
0;0;102;0;1751357205703;1751357205707;true
0;1;103;0;1751357205741;1751357205743;true
0;2;103;0;1751357205741;1751357205744;true
0;0;103;0;1751357205741;1751357205745;true
0;1;104;0;1751357205773;1751357205775;true
0;2;104;0;1751357205773;1751357205776;true
0;0;104;0;1751357205773;1751357205776;true
0;2;105;0;1751357205809;1751357205811;true
0;1;105;0;1751357205809;1751357205812;true
0;0;105;0;1751357205809;1751357205813;true
0;2;106;0;1751357205842;1751357205844;true
0;1;106;0;1751357205843;1751357205845;true
0;0;106;0;1751357205842;1751357205847;true
0;2;107;0;1751357205874;1751357205876;true
0;1;107;0;1751357205875;1751357205878;true
0;0;107;0;1751357205874;1751357205878;true
0;1;108;0;1751357205906;1751357205909;true
0;2;108;0;1751357205906;1751357205910;true
0;0;108;0;1751357205906;1751357205911;true
0;2;109;0;1751357205937;1751357205938;true
0;1;109;0;1751357205937;1751357205940;true
0;0;109;0;1751357205937;1751357205941;true
0;2;110;0;1751357205969;1751357205971;true
0;1;110;0;1751357205969;1751357205973;true
0;0;110;0;1751357205969;1751357205973;true
0;2;111;0;1751357206009;1751357206011;true
0;1;111;0;1751357206009;1751357206012;true
0;0;111;0;1751357206009;1751357206013;true
0;2;112;0;1751357206042;1751357206044;true
0;1;112;0;1751357206042;1751357206046;true
0;0;112;0;1751357206042;1751357206046;true
0;2;113;0;1751357206075;1751357206078;true
0;1;113;0;1751357206075;1751357206079;true
0;0;113;0;1751357206075;1751357206080;true
0;1;114;0;1751357206108;1751357206110;true
0;2;114;0;1751357206108;1751357206110;true
0;0;114;0;1751357206108;1751357206111;true
0;1;115;0;1751357206139;1751357206144;true
0;2;115;0;1751357206139;1751357206144;true
0;0;115;0;1751357206139;1751357206144;true
0;2;116;0;1751357206174;1751357206176;true
0;1;116;0;1751357206174;1751357206177;true
0;0;116;0;1751357206174;1751357206178;true
0;2;117;0;1751357206206;1751357206209;true
0;1;117;0;1751357206206;1751357206210;true
0;0;117;0;1751357206206;1751357206211;true
0;2;118;0;1751357206237;1751357206239;true
0;1;118;0;1751357206237;1751357206240;true
0;0;118;0;1751357206237;1751357206241;true
0;2;119;0;1751357206269;1751357206271;true
0;1;119;0;1751357206269;1751357206271;true
0;0;119;0;1751357206269;1751357206272;true
0;2;120;0;1751357206300;1751357206302;true
0;1;120;0;1751357206300;1751357206304;true
0;0;120;0;1751357206300;1751357206304;true
0;2;121;0;1751357206332;1751357206333;true
0;1;121;0;1751357206332;1751357206335;true
0;0;121;0;1751357206332;1751357206335;true
0;2;122;0;1751357206371;1751357206371;true
0;1;122;0;1751357206371;1751357206374;true
0;0;122;0;1751357206371;1751357206374;true
0;2;123;0;1751357206405;1751357206407;true
0;1;123;0;1751357206405;1751357206409;true
0;0;123;0;1751357206405;1751357206409;true
0;2;124;0;1751357206437;1751357206440;true
0;1;124;0;1751357206437;1751357206440;true
0;0;124;0;1751357206437;1751357206441;true
0;2;125;0;1751357206468;1751357206470;true
0;1;125;0;1751357206468;1751357206471;true
0;0;125;0;1751357206468;1751357206472;true
0;2;126;0;1751357206505;1751357206506;true
0;1;126;0;1751357206505;1751357206507;true
0;0;126;0;1751357206505;1751357206508;true
0;2;127;0;1751357206535;1751357206537;true
0;1;127;0;1751357206535;1751357206538;true
0;0;127;0;1751357206535;1751357206539;true
0;1;128;0;1751357206571;1751357206573;true
0;2;128;0;1751357206571;1751357206574;true
0;0;128;0;1751357206571;1751357206575;true
0;2;129;0;1751357206602;1751357206604;true
0;1;129;0;1751357206603;1751357206605;true
0;0;129;0;1751357206603;1751357206606;true
0;2;130;0;1751357206634;1751357206636;true
0;1;130;0;1751357206634;1751357206637;true
0;0;130;0;1751357206634;1751357206638;true
0;2;131;0;1751357206666;1751357206667;true
0;1;131;0;1751357206666;1751357206669;true
0;0;131;0;1751357206666;1751357206670;true
0;2;132;0;1751357206704;1751357206706;true
0;1;132;0;1751357206704;1751357206706;true
0;0;132;0;1751357206704;1751357206707;true
0;2;133;0;1751357206736;1751357206738;true
0;1;133;0;1751357206737;1751357206740;true
0;0;133;0;1751357206736;1751357206740;true
0;2;134;0;1751357206768;1751357206770;true
0;1;134;0;1751357206768;1751357206771;true
0;0;134;0;1751357206768;1751357206771;true
0;2;135;0;1751357206799;1751357206801;true
0;1;135;0;1751357206799;1751357206801;true
0;0;135;0;1751357206799;1751357206802;true
0;2;136;0;1751357206830;1751357206833;true
0;1;136;0;1751357206830;1751357206834;true
0;0;136;0;1751357206830;1751357206835;true
0;2;137;0;1751357206869;1751357206872;true
0;1;137;0;1751357206870;1751357206873;true
0;0;137;0;1751357206869;1751357206873;true
0;1;138;0;1751357206901;1751357206904;true
0;2;138;0;1751357206901;1751357206904;true
0;0;138;0;1751357206901;1751357206905;true
0;2;139;0;1751357206935;1751357206936;true
0;1;139;0;1751357206935;1751357206938;true
0;0;139;0;1751357206935;1751357206939;true
0;2;140;0;1751357206966;1751357206967;true
0;1;140;0;1751357206966;1751357206968;true
0;0;140;0;1751357206966;1751357206969;true
0;2;141;0;1751357206997;1751357206999;true
0;1;141;0;1751357206997;1751357207000;true
0;0;141;0;1751357206997;1751357207001;true
0;2;142;0;1751357207027;1751357207030;true
0;1;142;0;1751357207027;1751357207030;true
0;0;142;0;1751357207027;1751357207031;true
0;2;143;0;1751357207068;1751357207069;true
0;1;143;0;1751357207068;1751357207071;true
0;0;143;0;1751357207068;1751357207072;true
0;1;144;0;1751357207087;1751357207088;true
0;2;144;0;1751357207087;1751357207089;true
0;0;144;0;1751357207087;1751357207089;true
0;2;145;0;1751357207126;1751357207127;true
0;1;145;0;1751357207126;1751357207128;true
0;0;145;0;1751357207126;1751357207130;true
0;2;146;0;1751357207153;1751357207157;true
0;1;146;0;1751357207153;1751357207157;true
0;0;146;0;1751357207153;1751357207157;true
0;2;147;0;1751357207185;1751357207188;true
0;1;147;0;1751357207185;1751357207189;true
0;0;147;0;1751357207185;1751357207189;true
0;2;148;0;1751357207218;1751357207220;true
0;1;148;0;1751357207218;1751357207221;true
0;0;148;0;1751357207218;1751357207221;true
0;2;149;0;1751357207251;1751357207254;true
0;1;149;0;1751357207251;1751357207256;true
0;0;149;0;1751357207251;1751357207256;true
0;1;150;0;1751357207297;1751357207299;true
0;2;150;0;1751357207297;1751357207300;true
0;0;150;0;1751357207297;1751357207301;true
0;2;151;0;1751357207327;1751357207331;true
0;1;151;0;1751357207327;1751357207331;true
0;0;151;0;1751357207327;1751357207331;true
0;1;152;0;1751357207365;1751357207368;true
0;2;152;0;1751357207365;1751357207368;true
0;0;152;0;1751357207365;1751357207369;true
0;2;153;0;1751357207397;1751357207399;true
0;1;153;0;1751357207397;1751357207399;true
0;0;153;0;1751357207397;1751357207401;true
0;2;154;0;1751357207428;1751357207430;true
0;1;154;0;1751357207428;1751357207430;true
0;0;154;0;1751357207428;1751357207431;true
0;2;155;0;1751357207464;1751357207465;true
0;1;155;0;1751357207464;1751357207467;true
0;0;155;0;1751357207464;1751357207468;true
0;2;156;0;1751357207496;1751357207498;true
0;1;156;0;1751357207496;1751357207498;true
0;0;156;0;1751357207496;1751357207499;true
0;2;157;0;1751357207526;1751357207528;true
0;1;157;0;1751357207526;1751357207529;true
0;0;157;0;1751357207526;1751357207529;true
0;2;158;0;1751357207563;1751357207564;true
0;1;158;0;1751357207563;1751357207565;true
0;0;158;0;1751357207563;1751357207566;true
0;1;159;0;1751357207595;1751357207597;true
0;2;159;0;1751357207595;1751357207598;true
0;0;159;0;1751357207595;1751357207599;true
1;0;0;177300;1751357207603;1751357207606;false
0;2;160;0;1751357207621;1751357207623;true
0;1;160;0;1751357207621;1751357207625;true
0;0;160;0;1751357207621;1751357207625;true
0;2;161;0;1751357207654;1751357207655;true
0;1;161;0;1751357207654;1751357207657;true
0;0;161;0;1751357207654;1751357207657;true
1;2;1;52749;1751357207623;1751357207667;false
0;1;162;0;1751357207682;1751357207685;true
0;2;162;0;1751357207682;1751357207686;true
0;0;162;0;1751357207682;1751357207687;true
1;1;1;82056;1751357207644;1751357207715;false
0;2;163;0;1751357207715;1751357207717;true
0;1;163;0;1751357207715;1751357207719;true
0;0;163;0;1751357207715;1751357207719;true
0;2;164;0;1751357207747;1751357207749;true
0;1;164;0;1751357207747;1751357207750;true
0;0;164;0;1751357207747;1751357207751;true
1;0;1;175517;1751357207623;1751357207762;false
0;2;165;0;1751357207781;1751357207783;true
0;1;165;0;1751357207781;1751357207784;true
0;0;165;0;1751357207781;1751357207785;true
0;1;166;0;1751357207814;1751357207817;true
0;2;166;0;1751357207813;1751357207818;true
0;0;166;0;1751357207814;1751357207819;true
1;2;2;52287;1751357207762;1751357207830;false
0;2;167;0;1751357207845;1751357207847;true
0;1;167;0;1751357207845;1751357207849;true
0;0;167;0;1751357207845;1751357207850;true
1;1;2;81242;1751357207762;1751357207863;false
0;2;168;0;1751357207879;1751357207881;true
0;1;168;0;1751357207879;1751357207882;true
1;0;2;174832;1751357207762;1751357207883;false
0;0;168;0;1751357207879;1751357207883;true
0;1;169;0;1751357207914;1751357207917;true
0;2;169;0;1751357207914;1751357207918;true
0;0;169;0;1751357207914;1751357207919;true
1;2;3;51760;1751357207883;1751357207929;false
0;2;170;0;1751357207945;1751357207948;true
0;1;170;0;1751357207945;1751357207949;true
0;0;170;0;1751357207945;1751357207949;true
1;1;3;81469;1751357207914;1751357207962;false
0;2;171;0;1751357207977;1751357207980;true
0;1;171;0;1751357207977;1751357207980;true
0;0;171;0;1751357207977;1751357207981;true
1;0;3;174455;1751357207896;1751357208013;false
0;2;172;0;1751357208013;1751357208015;true
0;1;172;0;1751357208013;1751357208015;true
0;0;172;0;1751357208013;1751357208017;true
0;2;173;0;1751357208045;1751357208048;true
0;1;173;0;1751357208046;1751357208048;true
0;0;173;0;1751357208046;1751357208049;true
1;2;4;51098;1751357208013;1751357208079;false
0;2;174;0;1751357208078;1751357208080;true
0;1;174;0;1751357208078;1751357208082;true
0;0;174;0;1751357208078;1751357208083;true
1;1;4;80068;1751357208013;1751357208110;false
0;2;175;0;1751357208109;1751357208111;true
0;1;175;0;1751357208109;1751357208113;true
0;0;175;0;1751357208109;1751357208113;true
1;0;4;170795;1751357208013;1751357208125;false
0;2;176;0;1751357208144;1751357208147;true
0;1;176;0;1751357208144;1751357208147;true
0;0;176;0;1751357208144;1751357208149;true
0;2;177;0;1751357208175;1751357208179;true
0;1;177;0;1751357208175;1751357208179;true
0;0;177;0;1751357208175;1751357208180;true
1;1;5;80284;1751357208144;1751357208207;false
1;2;5;51622;1751357208128;1751357208223;false
0;1;178;0;1751357208222;1751357208225;true
0;2;178;0;1751357208222;1751357208228;true
0;0;178;0;1751357208222;1751357208228;true
1;0;5;172305;1751357208125;1751357208254;false
0;2;179;0;1751357208253;1751357208255;true
0;1;179;0;1751357208253;1751357208255;true
0;0;179;0;1751357208253;1751357208257;true
0;2;180;0;1751357208277;1751357208279;true
0;1;180;0;1751357208277;1751357208280;true
0;0;180;0;1751357208277;1751357208281;true
1;2;6;50954;1751357208253;1751357208293;false
0;2;181;0;1751357208307;1751357208310;true
0;1;181;0;1751357208307;1751357208310;true
0;0;181;0;1751357208307;1751357208311;true
1;1;6;80190;1751357208254;1751357208328;false
0;2;182;0;1751357208341;1751357208342;true
0;1;182;0;1751357208341;1751357208344;true
0;0;182;0;1751357208341;1751357208344;true
1;0;6;171360;1751357208254;1751357208372;false
0;2;183;0;1751357208373;1751357208375;true
0;1;183;0;1751357208373;1751357208376;true
0;0;183;0;1751357208373;1751357208376;true
1;2;7;51318;1751357208372;1751357208404;false
0;2;184;0;1751357208419;1751357208423;true
0;1;184;0;1751357208419;1751357208423;true
0;0;184;0;1751357208419;1751357208424;true
1;1;7;81039;1751357208372;1751357208435;false
0;1;185;0;1751357208444;1751357208446;true
0;2;185;0;1751357208444;1751357208446;true
0;0;185;0;1751357208444;1751357208448;true
0;2;186;0;1751357208475;1751357208478;true
0;1;186;0;1751357208475;1751357208478;true
1;0;7;173278;1751357208373;1751357208478;false
0;0;186;0;1751357208475;1751357208480;true
1;2;8;51782;1751357208478;1751357208515;false
0;1;187;0;1751357208514;1751357208516;true
0;2;187;0;1751357208514;1751357208517;true
0;0;187;0;1751357208514;1751357208518;true
0;1;188;0;1751357208545;1751357208549;true
0;2;188;0;1751357208545;1751357208549;true
0;0;188;0;1751357208545;1751357208550;true
0;2;189;0;1751357208578;1751357208579;true
0;1;189;0;1751357208578;1751357208583;true
0;0;189;0;1751357208578;1751357208583;true
0;1;190;0;1751357208608;1751357208612;true
0;2;190;0;1751357208608;1751357208612;true
0;0;190;0;1751357208608;1751357208613;true
0;2;191;0;1751357208640;1751357208643;true
0;1;191;0;1751357208640;1751357208645;true
0;0;191;0;1751357208640;1751357208645;true
1;2;9;51612;1751357208608;1751357208658;false
0;2;192;0;1751357208675;1751357208677;true
0;1;192;0;1751357208675;1751357208679;true
0;0;192;0;1751357208675;1751357208680;true
0;2;193;0;1751357208707;1751357208709;true
0;1;193;0;1751357208707;1751357208710;true
0;0;193;0;1751357208707;1751357208711;true
0;1;194;0;1751357208736;1751357208736;true
0;2;194;0;1751357208736;1751357208738;true
0;0;194;0;1751357208736;1751357208739;true
0;2;195;0;1751357208771;1751357208773;true
0;1;195;0;1751357208771;1751357208774;true
0;0;195;0;1751357208771;1751357208775;true
0;1;196;0;1751357208802;1751357208804;true
0;2;196;0;1751357208802;1751357208804;true
0;0;196;0;1751357208802;1751357208805;true
1;2;10;51460;1751357208722;1751357208817;false
0;1;197;0;1751357208835;1751357208837;true
0;2;197;0;1751357208835;1751357208838;true
0;0;197;0;1751357208835;1751357208839;true
0;2;198;0;1751357208873;1751357208876;true
0;1;198;0;1751357208873;1751357208876;true
0;0;198;0;1751357208873;1751357208877;true
1;2;11;51323;1751357208843;1751357208885;false
0;2;199;0;1751357208906;1751357208908;true
0;1;199;0;1751357208906;1751357208910;true
0;0;199;0;1751357208906;1751357208911;true
0;1;200;0;1751357208935;1751357208937;true
0;2;200;0;1751357208935;1751357208937;true
0;0;200;0;1751357208935;1751357208938;true
0;2;201;0;1751357208981;1751357208983;true
0;1;201;0;1751357208981;1751357208986;true
0;0;201;0;1751357208981;1751357208986;true
0;2;202;0;1751357209008;1751357209012;true
0;1;202;0;1751357209008;1751357209013;true
0;0;202;0;1751357209008;1751357209013;true
0;1;203;0;1751357209040;1751357209042;true
0;2;203;0;1751357209039;1751357209043;true
0;0;203;0;1751357209040;1751357209044;true
1;2;12;51777;1751357208982;1751357209054;false
0;2;204;0;1751357209073;1751357209074;true
0;1;204;0;1751357209073;1751357209076;true
0;0;204;0;1751357209073;1751357209078;true
0;2;205;0;1751357209106;1751357209109;true
0;1;205;0;1751357209106;1751357209111;true
0;0;205;0;1751357209106;1751357209111;true
0;2;206;0;1751357209136;1751357209138;true
0;1;206;0;1751357209136;1751357209139;true
0;0;206;0;1751357209136;1751357209140;true
0;2;207;0;1751357209167;1751357209169;true
0;1;207;0;1751357209167;1751357209170;true
0;0;207;0;1751357209167;1751357209171;true
0;1;208;0;1751357209198;1751357209201;true
0;2;208;0;1751357209198;1751357209201;true
0;0;208;0;1751357209199;1751357209202;true
1;2;13;51885;1751357209121;1751357209205;false
0;2;209;0;1751357209239;1751357209240;true
0;1;209;0;1751357209239;1751357209243;true
0;0;209;0;1751357209239;1751357209244;true
0;1;210;0;1751357209270;1751357209273;true
0;2;210;0;1751357209270;1751357209274;true
0;0;210;0;1751357209270;1751357209275;true
0;2;211;0;1751357209303;1751357209306;true
0;1;211;0;1751357209304;1751357209308;true
0;0;211;0;1751357209304;1751357209308;true
1;2;14;52059;1751357209243;1751357209319;false
0;2;212;0;1751357209337;1751357209340;true
0;1;212;0;1751357209337;1751357209340;true
0;0;212;0;1751357209337;1751357209341;true
0;2;213;0;1751357209368;1751357209370;true
0;1;213;0;1751357209368;1751357209371;true
0;0;213;0;1751357209368;1751357209372;true
0;1;214;0;1751357209398;1751357209400;true
0;2;214;0;1751357209398;1751357209401;true
0;0;214;0;1751357209398;1751357209402;true
0;2;215;0;1751357209430;1751357209432;true
0;1;215;0;1751357209430;1751357209434;true
0;0;215;0;1751357209430;1751357209434;true
1;2;15;49801;1751357209383;1751357209446;false
0;2;216;0;1751357209462;1751357209463;true
0;1;216;0;1751357209462;1751357209464;true
0;0;216;0;1751357209462;1751357209465;true
0;2;217;0;1751357209507;1751357209511;true
0;1;217;0;1751357209507;1751357209511;true
0;0;217;0;1751357209507;1751357209512;true
0;2;218;0;1751357209538;1751357209540;true
0;1;218;0;1751357209538;1751357209542;true
0;0;218;0;1751357209538;1751357209543;true
0;2;219;0;1751357209569;1751357209573;true
0;0;219;0;1751357209569;1751357209574;true
0;1;219;0;1751357209569;1751357209574;true
0;1;220;0;1751357209602;1751357209605;true
0;2;220;0;1751357209602;1751357209606;true
0;0;220;0;1751357209602;1751357209607;true
0;2;221;0;1751357209635;1751357209638;true
0;1;221;0;1751357209635;1751357209639;true
0;0;221;0;1751357209635;1751357209640;true
0;1;222;0;1751357209667;1751357209670;true
0;2;222;0;1751357209667;1751357209670;true
0;0;222;0;1751357209667;1751357209672;true
0;2;223;0;1751357209701;1751357209703;true
0;1;223;0;1751357209701;1751357209704;true
0;0;223;0;1751357209701;1751357209706;true
0;2;224;0;1751357209732;1751357209733;true
0;1;224;0;1751357209732;1751357209735;true
0;0;224;0;1751357209732;1751357209737;true
0;2;225;0;1751357209763;1751357209765;true
0;1;225;0;1751357209763;1751357209765;true
0;0;225;0;1751357209763;1751357209767;true
0;2;226;0;1751357209795;1751357209796;true
0;1;226;0;1751357209795;1751357209798;true
0;0;226;0;1751357209795;1751357209798;true
0;1;227;0;1751357209825;1751357209828;true
0;2;227;0;1751357209825;1751357209828;true
0;0;227;0;1751357209825;1751357209829;true
0;2;228;0;1751357209867;1751357209872;true
0;1;228;0;1751357209867;1751357209872;true
0;0;228;0;1751357209867;1751357209873;true
0;2;229;0;1751357209899;1751357209902;true
0;1;229;0;1751357209900;1751357209905;true
0;0;229;0;1751357209900;1751357209905;true
0;2;230;0;1751357209930;1751357209930;true
0;1;230;0;1751357209930;1751357209934;true
0;0;230;0;1751357209930;1751357209935;true
0;2;231;0;1751357209962;1751357209964;true
0;1;231;0;1751357209962;1751357209965;true
0;0;231;0;1751357209962;1751357209966;true
0;2;232;0;1751357209994;1751357209996;true
0;1;232;0;1751357209994;1751357209996;true
0;0;232;0;1751357209994;1751357209998;true
0;1;233;0;1751357210026;1751357210029;true
0;2;233;0;1751357210026;1751357210029;true
0;0;233;0;1751357210026;1751357210030;true
0;1;234;0;1751357210065;1751357210068;true
0;2;234;0;1751357210065;1751357210068;true
0;0;234;0;1751357210065;1751357210070;true
0;2;235;0;1751357210096;1751357210102;true
0;1;235;0;1751357210096;1751357210102;true
0;0;235;0;1751357210096;1751357210102;true
0;2;236;0;1751357210127;1751357210130;true
0;1;236;0;1751357210127;1751357210132;true
0;0;236;0;1751357210127;1751357210133;true
0;2;237;0;1751357210159;1751357210162;true
0;0;237;0;1751357210159;1751357210163;true
0;1;237;0;1751357210159;1751357210163;true
0;2;238;0;1751357210197;1751357210202;true
0;0;238;0;1751357210197;1751357210202;true
0;1;238;0;1751357210197;1751357210203;true
0;2;239;0;1751357210230;1751357210233;true
0;1;239;0;1751357210230;1751357210234;true
0;0;239;0;1751357210230;1751357210234;true
0;2;240;0;1751357210262;1751357210263;true
0;1;240;0;1751357210262;1751357210265;true
0;0;240;0;1751357210262;1751357210266;true
0;2;241;0;1751357210293;1751357210295;true
0;1;241;0;1751357210293;1751357210296;true
0;0;241;0;1751357210293;1751357210298;true
0;2;242;0;1751357210324;1751357210326;true
0;1;242;0;1751357210324;1751357210327;true
0;0;242;0;1751357210324;1751357210328;true
0;2;243;0;1751357210356;1751357210359;true
0;1;243;0;1751357210356;1751357210359;true
0;0;243;0;1751357210356;1751357210360;true
0;1;244;0;1751357210387;1751357210389;true
0;2;244;0;1751357210387;1751357210389;true
0;0;244;0;1751357210387;1751357210390;true
0;1;245;0;1751357210429;1751357210431;true
0;2;245;0;1751357210428;1751357210432;true
0;0;245;0;1751357210428;1751357210433;true
0;2;246;0;1751357210460;1751357210462;true
0;1;246;0;1751357210460;1751357210463;true
0;0;246;0;1751357210460;1751357210464;true
0;2;247;0;1751357210492;1751357210493;true
0;1;247;0;1751357210492;1751357210494;true
0;0;247;0;1751357210492;1751357210495;true
0;2;248;0;1751357210529;1751357210533;true
0;1;248;0;1751357210529;1751357210534;true
0;0;248;0;1751357210529;1751357210534;true
0;2;249;0;1751357210560;1751357210564;true
0;1;249;0;1751357210560;1751357210564;true
0;0;249;0;1751357210560;1751357210565;true
0;1;250;0;1751357210596;1751357210598;true
0;2;250;0;1751357210596;1751357210599;true
0;0;250;0;1751357210596;1751357210601;true
0;2;251;0;1751357210629;1751357210631;true
0;1;251;0;1751357210629;1751357210632;true
0;0;251;0;1751357210629;1751357210633;true
0;2;252;0;1751357210661;1751357210663;true
0;1;252;0;1751357210661;1751357210664;true
0;0;252;0;1751357210661;1751357210665;true
0;2;253;0;1751357210692;1751357210694;true
0;1;253;0;1751357210692;1751357210696;true
0;0;253;0;1751357210692;1751357210697;true
0;2;254;0;1751357210728;1751357210729;true
0;1;254;0;1751357210728;1751357210730;true
0;0;254;0;1751357210728;1751357210732;true
0;2;255;0;1751357210761;1751357210763;true
0;1;255;0;1751357210761;1751357210766;true
0;0;255;0;1751357210761;1751357210766;true
0;2;256;0;1751357210792;1751357210794;true
0;1;256;0;1751357210792;1751357210796;true
0;0;256;0;1751357210792;1751357210797;true
0;2;257;0;1751357210824;1751357210828;true
0;1;257;0;1751357210824;1751357210828;true
0;0;257;0;1751357210824;1751357210828;true
0;2;258;0;1751357210856;1751357210858;true
0;1;258;0;1751357210856;1751357210859;true
0;0;258;0;1751357210856;1751357210861;true
0;1;259;0;1751357210887;1751357210890;true
0;2;259;0;1751357210887;1751357210893;true
0;0;259;0;1751357210887;1751357210893;true
0;2;260;0;1751357210926;1751357210929;true
0;1;260;0;1751357210926;1751357210931;true
0;0;260;0;1751357210926;1751357210932;true
0;2;261;0;1751357210959;1751357210961;true
0;1;261;0;1751357210959;1751357210963;true
0;0;261;0;1751357210959;1751357210964;true
0;2;262;0;1751357210989;1751357210991;true
0;1;262;0;1751357210989;1751357210995;true
0;0;262;0;1751357210989;1751357210995;true
0;2;263;0;1751357211021;1751357211025;true
0;1;263;0;1751357211021;1751357211025;true
0;0;263;0;1751357211021;1751357211026;true
0;2;264;0;1751357211052;1751357211057;true
0;1;264;0;1751357211052;1751357211058;true
0;0;264;0;1751357211052;1751357211058;true
0;2;265;0;1751357211092;1751357211094;true
0;1;265;0;1751357211092;1751357211097;true
0;0;265;0;1751357211092;1751357211098;true
0;2;266;0;1751357211125;1751357211129;true
0;1;266;0;1751357211125;1751357211130;true
0;0;266;0;1751357211125;1751357211130;true
0;1;267;0;1751357211157;1751357211162;true
0;0;267;0;1751357211157;1751357211162;true
0;2;267;0;1751357211157;1751357211163;true
0;2;268;0;1751357211188;1751357211191;true
0;1;268;0;1751357211188;1751357211192;true
0;0;268;0;1751357211188;1751357211193;true
0;1;269;0;1751357211220;1751357211223;true
0;2;269;0;1751357211220;1751357211223;true
0;0;269;0;1751357211220;1751357211225;true
0;2;270;0;1751357211258;1751357211260;true
0;1;270;0;1751357211258;1751357211262;true
0;0;270;0;1751357211258;1751357211263;true
0;2;271;0;1751357211291;1751357211294;true
0;1;271;0;1751357211291;1751357211295;true
0;0;271;0;1751357211291;1751357211296;true
0;2;272;0;1751357211322;1751357211325;true
0;1;272;0;1751357211322;1751357211326;true
0;0;272;0;1751357211322;1751357211327;true
0;2;273;0;1751357211353;1751357211355;true
0;1;273;0;1751357211353;1751357211356;true
0;0;273;0;1751357211353;1751357211358;true
0;2;274;0;1751357211384;1751357211388;true
0;1;274;0;1751357211384;1751357211389;true
0;0;274;0;1751357211384;1751357211390;true
0;2;275;0;1751357211424;1751357211426;true
0;1;275;0;1751357211424;1751357211429;true
0;0;275;0;1751357211424;1751357211429;true
0;2;276;0;1751357211457;1751357211459;true
0;1;276;0;1751357211457;1751357211461;true
0;0;276;0;1751357211457;1751357211462;true
0;1;277;0;1751357211489;1751357211492;true
0;2;277;0;1751357211489;1751357211492;true
0;0;277;0;1751357211489;1751357211494;true
0;2;278;0;1751357211521;1751357211523;true
0;1;278;0;1751357211521;1751357211524;true
0;0;278;0;1751357211521;1751357211526;true
0;1;279;0;1751357211556;1751357211560;true
0;2;279;0;1751357211556;1751357211560;true
0;0;279;0;1751357211556;1751357211561;true
0;2;280;0;1751357211587;1751357211590;true
0;1;280;0;1751357211587;1751357211590;true
0;0;280;0;1751357211587;1751357211591;true
0;2;281;0;1751357211621;1751357211625;true
0;1;281;0;1751357211621;1751357211627;true
0;0;281;0;1751357211621;1751357211627;true
0;2;282;0;1751357211653;1751357211653;true
0;1;282;0;1751357211653;1751357211656;true
0;0;282;0;1751357211653;1751357211658;true
0;2;283;0;1751357211685;1751357211690;true
0;1;283;0;1751357211685;1751357211690;true
0;0;283;0;1751357211685;1751357211690;true
0;2;284;0;1751357211717;1751357211719;true
0;1;284;0;1751357211717;1751357211720;true
0;0;284;0;1751357211717;1751357211721;true
0;2;285;0;1751357211748;1751357211753;true
0;1;285;0;1751357211748;1751357211754;true
0;0;285;0;1751357211748;1751357211754;true
0;2;286;0;1751357211787;1751357211789;true
0;1;286;0;1751357211787;1751357211791;true
0;0;286;0;1751357211787;1751357211792;true
0;1;287;0;1751357211820;1751357211823;true
0;2;287;0;1751357211820;1751357211823;true
0;0;287;0;1751357211820;1751357211824;true
0;1;288;0;1751357211851;1751357211855;true
0;2;288;0;1751357211851;1751357211857;true
0;0;288;0;1751357211851;1751357211857;true
0;2;289;0;1751357211883;1751357211884;true
0;1;289;0;1751357211883;1751357211887;true
0;0;289;0;1751357211883;1751357211888;true
0;2;290;0;1751357211915;1751357211916;true
0;0;290;0;1751357211915;1751357211920;true
0;1;290;0;1751357211915;1751357211920;true
0;2;291;0;1751357211938;1751357211940;true
0;1;291;0;1751357211938;1751357211940;true
0;0;291;0;1751357211938;1751357211940;true
0;2;292;0;1751357211971;1751357211973;true
0;1;292;0;1751357211971;1751357211974;true
0;0;292;0;1751357211971;1751357211975;true
0;1;293;0;1751357212017;1751357212020;true
0;2;293;0;1751357212017;1751357212021;true
0;0;293;0;1751357212017;1751357212022;true
0;1;294;0;1751357212049;1751357212055;true
0;2;294;0;1751357212049;1751357212055;true
0;0;294;0;1751357212049;1751357212055;true
0;1;295;0;1751357212081;1751357212084;true
0;2;295;0;1751357212080;1751357212085;true
0;0;295;0;1751357212080;1751357212085;true
0;2;296;0;1751357212112;1751357212114;true
0;1;296;0;1751357212112;1751357212117;true
0;0;296;0;1751357212112;1751357212117;true
0;2;297;0;1751357212136;1751357212138;true
0;1;297;0;1751357212136;1751357212140;true
0;0;297;0;1751357212136;1751357212140;true
0;2;298;0;1751357212168;1751357212171;true
0;1;298;0;1751357212168;1751357212171;true
0;0;298;0;1751357212168;1751357212172;true
0;2;299;0;1751357212215;1751357212219;true
0;1;299;0;1751357212215;1751357212221;true
0;0;299;0;1751357212215;1751357212221;true
0;1;300;0;1751357212248;1751357212250;true
0;2;300;0;1751357212248;1751357212251;true
0;0;300;0;1751357212248;1751357212253;true
0;2;301;0;1751357212268;1751357212270;true
0;1;301;0;1751357212268;1751357212272;true
0;0;301;0;1751357212268;1751357212273;true
0;2;302;0;1751357212302;1751357212305;true
0;1;302;0;1751357212302;1751357212305;true
0;0;302;0;1751357212302;1751357212306;true
0;2;303;0;1751357212333;1751357212335;true
0;1;303;0;1751357212333;1751357212335;true
0;0;303;0;1751357212333;1751357212336;true
0;1;304;0;1751357212367;1751357212369;true
0;2;304;0;1751357212367;1751357212369;true
0;0;304;0;1751357212367;1751357212369;true
0;2;305;0;1751357212401;1751357212402;true
0;1;305;0;1751357212401;1751357212403;true
0;0;305;0;1751357212401;1751357212404;true
0;2;306;0;1751357212433;1751357212436;true
0;1;306;0;1751357212433;1751357212437;true
0;0;306;0;1751357212433;1751357212438;true
0;2;307;0;1751357212469;1751357212472;true
0;1;307;0;1751357212469;1751357212472;true
0;0;307;0;1751357212469;1751357212475;true
0;1;308;0;1751357212499;1751357212501;true
0;0;308;0;1751357212499;1751357212503;true
0;2;308;0;1751357212499;1751357212503;true
0;2;309;0;1751357212534;1751357212535;true
0;1;309;0;1751357212535;1751357212537;true
0;0;309;0;1751357212535;1751357212538;true
0;2;310;0;1751357212565;1751357212568;true
0;1;310;0;1751357212565;1751357212568;true
0;0;310;0;1751357212565;1751357212569;true
0;2;311;0;1751357212601;1751357212603;true
0;1;311;0;1751357212601;1751357212604;true
0;0;311;0;1751357212601;1751357212606;true
0;2;312;0;1751357212637;1751357212637;true
0;1;312;0;1751357212637;1751357212641;true
0;0;312;0;1751357212637;1751357212642;true
0;2;313;0;1751357212666;1751357212668;true
0;1;313;0;1751357212666;1751357212669;true
0;0;313;0;1751357212666;1751357212670;true
0;2;314;0;1751357212698;1751357212700;true
0;1;314;0;1751357212698;1751357212701;true
0;0;314;0;1751357212698;1751357212702;true
0;2;315;0;1751357212732;1751357212734;true
0;1;315;0;1751357212732;1751357212735;true
0;0;315;0;1751357212732;1751357212736;true
0;2;316;0;1751357212764;1751357212766;true
0;1;316;0;1751357212764;1751357212768;true
0;0;316;0;1751357212764;1751357212768;true
0;2;317;0;1751357212795;1751357212796;true
0;1;317;0;1751357212795;1751357212797;true
0;0;317;0;1751357212795;1751357212798;true
0;2;318;0;1751357212842;1751357212845;true
0;1;318;0;1751357212842;1751357212847;true
0;0;318;0;1751357212842;1751357212847;true
0;1;319;0;1751357212863;1751357212865;true
0;2;319;0;1751357212863;1751357212866;true
0;0;319;0;1751357212863;1751357212867;true
0;2;320;0;1751357212894;1751357212897;true
0;1;320;0;1751357212894;1751357212898;true
0;0;320;0;1751357212894;1751357212899;true
0;2;321;0;1751357212941;1751357212944;true
0;1;321;0;1751357212941;1751357212946;true
0;0;321;0;1751357212941;1751357212947;true
0;2;322;0;1751357212973;1751357212976;true
0;1;322;0;1751357212973;1751357212978;true
0;0;322;0;1751357212973;1751357212978;true
0;2;323;0;1751357212996;1751357212999;true
0;1;323;0;1751357212997;1751357213001;true
0;0;323;0;1751357212997;1751357213001;true
0;2;324;0;1751357213029;1751357213031;true
0;0;324;0;1751357213029;1751357213034;true
0;1;324;0;1751357213029;1751357213034;true
0;2;325;0;1751357213060;1751357213063;true
0;1;325;0;1751357213060;1751357213064;true
0;0;325;0;1751357213060;1751357213065;true
0;2;326;0;1751357213092;1751357213093;true
0;1;326;0;1751357213092;1751357213095;true
0;0;326;0;1751357213092;1751357213096;true
0;2;327;0;1751357213139;1751357213140;true
0;1;327;0;1751357213139;1751357213143;true
0;0;327;0;1751357213139;1751357213144;true
0;2;328;0;1751357213163;1751357213166;true
0;1;328;0;1751357213163;1751357213166;true
0;0;328;0;1751357213163;1751357213168;true
0;2;329;0;1751357213196;1751357213198;true
0;1;329;0;1751357213196;1751357213199;true
0;0;329;0;1751357213196;1751357213201;true
0;1;330;0;1751357213228;1751357213230;true
0;2;330;0;1751357213228;1751357213230;true
0;0;330;0;1751357213228;1751357213233;true
0;2;331;0;1751357213260;1751357213262;true
0;1;331;0;1751357213260;1751357213263;true
0;0;331;0;1751357213260;1751357213264;true
0;2;332;0;1751357213291;1751357213291;true
0;1;332;0;1751357213291;1751357213295;true
0;0;332;0;1751357213291;1751357213296;true
0;2;333;0;1751357213338;1751357213341;true
0;1;333;0;1751357213338;1751357213343;true
0;0;333;0;1751357213338;1751357213343;true
0;1;334;0;1751357213361;1751357213364;true
0;2;334;0;1751357213361;1751357213365;true
0;0;334;0;1751357213361;1751357213366;true
0;2;335;0;1751357213394;1751357213397;true
0;1;335;0;1751357213394;1751357213399;true
0;0;335;0;1751357213394;1751357213400;true
0;2;336;0;1751357213426;1751357213429;true
0;1;336;0;1751357213426;1751357213429;true
0;0;336;0;1751357213426;1751357213430;true
0;2;337;0;1751357213458;1751357213460;true
0;1;337;0;1751357213458;1751357213460;true
0;0;337;0;1751357213458;1751357213462;true
0;2;338;0;1751357213489;1751357213493;true
0;1;338;0;1751357213489;1751357213494;true
0;0;338;0;1751357213489;1751357213494;true
1;2;179;52214;1751357213513;1751357213514;false
0;1;339;0;1751357213525;1751357213527;true
0;2;339;0;1751357213525;1751357213527;true
0;0;339;0;1751357213525;1751357213530;true
1;2;180;51608;1751357213528;1751357213561;false
0;2;340;0;1751357213561;1751357213566;true
0;1;340;0;1751357213561;1751357213566;true
0;0;340;0;1751357213561;1751357213566;true
1;2;181;51987;1751357213563;1751357213596;false
0;2;341;0;1751357213594;1751357213596;true
0;0;341;0;1751357213594;1751357213598;true
0;1;341;0;1751357213594;1751357213599;true
1;2;182;50750;1751357213596;1751357213625;false
0;1;342;0;1751357213624;1751357213627;true
0;2;342;0;1751357213624;1751357213627;true
0;0;342;0;1751357213624;1751357213629;true
1;2;183;50631;1751357213628;1751357213660;false
0;2;343;0;1751357213660;1751357213663;true
0;1;343;0;1751357213660;1751357213664;true
0;0;343;0;1751357213660;1751357213665;true
1;2;184;50704;1751357213660;1751357213691;false
0;1;344;0;1751357213691;1751357213694;true
0;0;344;0;1751357213691;1751357213697;true
0;2;344;0;1751357213691;1751357213697;true
1;2;185;51222;1751357213696;1751357213724;false
0;2;345;0;1751357213724;1751357213727;true
0;1;345;0;1751357213724;1751357213727;true
0;0;345;0;1751357213724;1751357213728;true
1;2;186;50567;1751357213728;1751357213755;false
0;2;346;0;1751357213755;1751357213755;true
0;1;346;0;1751357213755;1751357213757;true
0;0;346;0;1751357213755;1751357213759;true
1;2;187;50543;1751357213773;1751357213789;false
0;2;347;0;1751357213789;1751357213791;true
0;1;347;0;1751357213789;1751357213793;true
0;0;347;0;1751357213789;1751357213794;true
1;2;188;51183;1751357213805;1751357213821;false
0;2;348;0;1751357213821;1751357213823;true
0;1;348;0;1751357213821;1751357213824;true
0;0;348;0;1751357213821;1751357213824;true
1;2;189;51201;1751357213838;1751357213854;false
0;2;349;0;1751357213852;1751357213854;true
0;1;349;0;1751357213852;1751357213856;true
0;0;349;0;1751357213852;1751357213856;true
1;2;190;51192;1751357213875;1751357213876;false
0;2;350;0;1751357213891;1751357213893;true
0;1;350;0;1751357213891;1751357213895;true
0;0;350;0;1751357213891;1751357213896;true
1;2;191;50722;1751357213893;1751357213908;false
0;2;351;0;1751357213924;1751357213927;true
0;1;351;0;1751357213924;1751357213928;true
1;2;192;50839;1751357213928;1751357213929;false
0;0;351;0;1751357213924;1751357213929;true
0;2;352;0;1751357213956;1751357213957;true
1;2;193;50868;1751357213958;1751357213958;false
0;1;352;0;1751357213956;1751357213961;true
0;0;352;0;1751357213956;1751357213961;true
0;2;353;0;1751357213988;1751357213990;true
0;1;353;0;1751357213988;1751357213991;true
0;0;353;0;1751357213988;1751357213991;true
1;2;194;51155;1751357214019;1751357214020;false
0;2;354;0;1751357214019;1751357214020;true
0;1;354;0;1751357214019;1751357214020;true
0;0;354;0;1751357214019;1751357214020;true
1;2;195;50645;1751357214038;1751357214056;false
1;2;196;50829;1751357214056;1751357214058;false
0;2;355;0;1751357214056;1751357214060;true
0;1;355;0;1751357214056;1751357214060;true
0;0;355;0;1751357214056;1751357214061;true
0;2;356;0;1751357214090;1751357214092;true
1;2;197;51696;1751357214093;1751357214094;false
0;1;356;0;1751357214090;1751357214095;true
0;0;356;0;1751357214090;1751357214096;true
1;2;198;51550;1751357214123;1751357214124;false
0;2;357;0;1751357214121;1751357214124;true
0;1;357;0;1751357214121;1751357214126;true
0;0;357;0;1751357214121;1751357214127;true
0;1;358;0;1751357214153;1751357214155;true
0;2;358;0;1751357214153;1751357214155;true
0;0;358;0;1751357214153;1751357214155;true
1;2;199;50993;1751357214173;1751357214174;false
0;2;359;0;1751357214185;1751357214185;true
0;1;359;0;1751357214185;1751357214185;true
0;0;359;0;1751357214185;1751357214185;true
1;2;200;51096;1751357214203;1751357214204;false
0;2;360;0;1751357214222;1751357214225;true
0;1;360;0;1751357214222;1751357214226;true
0;0;360;0;1751357214222;1751357214227;true
1;2;201;51581;1751357214223;1751357214237;false
0;2;361;0;1751357214254;1751357214256;true
0;1;361;0;1751357214254;1751357214257;true
0;0;361;0;1751357214254;1751357214259;true
1;2;202;51937;1751357214258;1751357214259;false
0;2;362;0;1751357214289;1751357214292;true
0;1;362;0;1751357214289;1751357214293;true
1;2;203;51404;1751357214293;1751357214294;false
0;0;362;0;1751357214289;1751357214295;true
0;2;363;0;1751357214320;1751357214324;true
0;1;363;0;1751357214321;1751357214325;true
0;0;363;0;1751357214321;1751357214326;true
1;2;204;50747;1751357214323;1751357214336;false
0;2;364;0;1751357214355;1751357214357;true
0;1;364;0;1751357214355;1751357214357;true
0;0;364;0;1751357214355;1751357214360;true
1;2;205;50161;1751357214358;1751357214371;false
0;2;365;0;1751357214386;1751357214388;true
0;1;365;0;1751357214386;1751357214391;true
0;0;365;0;1751357214386;1751357214392;true
1;2;206;50710;1751357214388;1751357214419;false
0;2;366;0;1751357214419;1751357214424;true
0;1;366;0;1751357214419;1751357214424;true
0;0;366;0;1751357214419;1751357214424;true
1;2;207;50677;1751357214424;1751357214438;false
0;2;367;0;1751357214452;1751357214455;true
0;1;367;0;1751357214452;1751357214456;true
0;0;367;0;1751357214452;1751357214457;true
1;2;208;50566;1751357214453;1751357214458;false
0;2;368;0;1751357214484;1751357214485;true
0;1;368;0;1751357214484;1751357214488;true
0;0;368;0;1751357214484;1751357214489;true
1;2;209;50616;1751357214488;1751357214506;false
0;1;369;0;1751357214520;1751357214522;true
0;2;369;0;1751357214520;1751357214522;true
1;2;210;50682;1751357214524;1751357214525;false
0;0;369;0;1751357214520;1751357214525;true
0;1;370;0;1751357214553;1751357214557;true
0;2;370;0;1751357214553;1751357214558;true
1;2;211;50562;1751357214558;1751357214559;false
0;0;370;0;1751357214553;1751357214559;true
0;2;371;0;1751357214585;1751357214589;true
0;1;371;0;1751357214586;1751357214589;true
0;0;371;0;1751357214586;1751357214591;true
1;2;212;50086;1751357214588;1751357214601;false
0;2;372;0;1751357214617;1751357214620;true
0;1;372;0;1751357214618;1751357214621;true
0;0;372;0;1751357214618;1751357214622;true
1;2;213;50515;1751357214623;1751357214623;false
0;1;373;0;1751357214651;1751357214654;true
0;2;373;0;1751357214651;1751357214655;true
0;0;373;0;1751357214651;1751357214656;true
1;2;214;50278;1751357214653;1751357214668;false
0;2;374;0;1751357214684;1751357214686;true
0;1;374;0;1751357214684;1751357214688;true
1;2;215;50229;1751357214688;1751357214688;false
0;0;374;0;1751357214684;1751357214689;true
0;2;375;0;1751357214714;1751357214718;true
0;1;375;0;1751357214714;1751357214719;true
0;0;375;0;1751357214714;1751357214720;true
1;2;216;50411;1751357214718;1751357214731;false
0;2;376;0;1751357214752;1751357214756;true
0;1;376;0;1751357214753;1751357214757;true
0;0;376;0;1751357214753;1751357214758;true
1;2;217;51101;1751357214753;1751357214768;false
1;2;218;50441;1751357214788;1751357214788;false
0;2;377;0;1751357214785;1751357214790;true
0;1;377;0;1751357214785;1751357214790;true
0;0;377;0;1751357214786;1751357214790;true
0;1;378;0;1751357214817;1751357214821;true
0;2;378;0;1751357214817;1751357214821;true
0;0;378;0;1751357214817;1751357214822;true
1;2;219;51360;1751357214818;1751357214836;false
0;2;379;0;1751357214851;1751357214854;true
0;1;379;0;1751357214851;1751357214856;true
0;0;379;0;1751357214851;1751357214857;true
1;2;220;50865;1751357214853;1751357214884;false
0;2;380;0;1751357214883;1751357214886;true
0;1;380;0;1751357214883;1751357214887;true
0;0;380;0;1751357214883;1751357214888;true
1;2;221;50271;1751357214888;1751357214900;false
0;2;381;0;1751357214915;1751357214917;true
0;1;381;0;1751357214915;1751357214919;true
1;2;222;50905;1751357214918;1751357214920;false
0;0;381;0;1751357214915;1751357214921;true
0;2;382;0;1751357214951;1751357214954;true
0;1;382;0;1751357214951;1751357214955;true
0;0;382;0;1751357214951;1751357214956;true
1;2;223;50431;1751357214953;1751357214967;false
0;1;383;0;1751357214983;1751357214988;true
0;2;383;0;1751357214983;1751357214988;true
1;2;224;49758;1751357214988;1751357214988;false
0;0;383;0;1751357214983;1751357214988;true
0;2;384;0;1751357215014;1751357215016;true
0;0;384;0;1751357215014;1751357215020;true
0;1;384;0;1751357215014;1751357215020;true
1;2;225;50561;1751357215018;1751357215031;false
0;2;385;0;1751357215046;1751357215048;true
0;1;385;0;1751357215046;1751357215050;true
0;0;385;0;1751357215047;1751357215051;true
1;2;226;50281;1751357215048;1751357215062;false
0;2;386;0;1751357215078;1751357215081;true
0;1;386;0;1751357215078;1751357215082;true
0;0;386;0;1751357215078;1751357215082;true
1;2;227;48031;1751357215083;1751357215083;false
0;2;387;0;1751357215116;1751357215117;true
0;1;387;0;1751357215116;1751357215120;true
0;0;387;0;1751357215116;1751357215121;true
1;2;228;50634;1751357215118;1751357215133;false
0;1;388;0;1751357215149;1751357215151;true
0;2;388;0;1751357215149;1751357215152;true
1;2;229;50811;1751357215153;1751357215153;false
0;0;388;0;1751357215149;1751357215154;true
0;2;389;0;1751357215180;1751357215183;true
0;1;389;0;1751357215180;1751357215184;true
1;2;230;50544;1751357215183;1751357215184;false
0;0;389;0;1751357215180;1751357215186;true
0;2;390;0;1751357215212;1751357215214;true
0;1;390;0;1751357215212;1751357215217;true
1;2;231;51037;1751357215213;1751357215218;false
0;0;390;0;1751357215212;1751357215218;true
0;2;391;0;1751357215243;1751357215246;true
1;2;232;50873;1751357215248;1751357215248;false
0;1;391;0;1751357215243;1751357215248;true
0;0;391;0;1751357215243;1751357215248;true
0;1;392;0;1751357215282;1751357215284;true
0;2;392;0;1751357215282;1751357215286;true
0;0;392;0;1751357215282;1751357215287;true
1;2;233;50631;1751357215283;1751357215289;false
0;1;393;0;1751357215313;1751357215316;true
0;2;393;0;1751357215313;1751357215318;true
0;0;393;0;1751357215313;1751357215319;true
1;2;234;51345;1751357215318;1751357215319;false
0;1;394;0;1751357215348;1751357215353;true
0;0;394;0;1751357215348;1751357215354;true
0;2;394;0;1751357215349;1751357215354;true
1;2;235;51260;1751357215353;1751357215354;false
0;2;395;0;1751357215380;1751357215383;true
0;1;395;0;1751357215380;1751357215385;true
0;0;395;0;1751357215380;1751357215385;true
1;2;236;51215;1751357215383;1751357215390;false
0;2;396;0;1751357215412;1751357215414;true
0;1;396;0;1751357215412;1751357215415;true
0;0;396;0;1751357215412;1751357215417;true
1;2;237;50882;1751357215413;1751357215429;false
0;2;397;0;1751357215447;1751357215450;true
0;1;397;0;1751357215447;1751357215451;true
0;0;397;0;1751357215447;1751357215452;true
1;2;238;49898;1751357215449;1751357215462;false
0;2;398;0;1751357215480;1751357215484;true
0;0;398;0;1751357215480;1751357215486;true
0;1;398;0;1751357215480;1751357215486;true
0;2;399;0;1751357215511;1751357215512;true
0;0;399;0;1751357215511;1751357215517;true
0;1;399;0;1751357215511;1751357215517;true
1;1;240;78712;1751357215513;1751357215536;false
0;2;400;0;1751357215536;1751357215538;true
0;1;400;0;1751357215536;1751357215539;true
0;0;400;0;1751357215536;1751357215540;true
1;1;241;78471;1751357215553;1751357215566;false
0;1;401;0;1751357215567;1751357215569;true
0;2;401;0;1751357215567;1751357215570;true
0;0;401;0;1751357215567;1751357215570;true
1;1;242;78157;1751357215583;1751357215597;false
0;2;402;0;1751357215602;1751357215605;true
0;1;402;0;1751357215602;1751357215605;true
0;0;402;0;1751357215602;1751357215607;true
1;1;243;78915;1751357215618;1751357215638;false
0;2;403;0;1751357215636;1751357215638;true
0;1;403;0;1751357215636;1751357215639;true
0;0;403;0;1751357215636;1751357215640;true
1;1;244;79089;1751357215648;1751357215681;false
0;1;404;0;1751357215681;1751357215684;true
0;2;404;0;1751357215681;1751357215685;true
0;0;404;0;1751357215681;1751357215686;true
1;1;245;78779;1751357215681;1751357215712;false
0;1;405;0;1751357215712;1751357215716;true
0;2;405;0;1751357215712;1751357215716;true
0;0;405;0;1751357215712;1751357215717;true
1;1;246;78533;1751357215713;1751357215744;false
0;1;406;0;1751357215743;1751357215747;true
0;2;406;0;1751357215743;1751357215747;true
0;0;406;0;1751357215743;1751357215748;true
1;1;247;78828;1751357215744;1751357215776;false
0;2;407;0;1751357215775;1751357215777;true
0;1;407;0;1751357215775;1751357215780;true
0;0;407;0;1751357215775;1751357215781;true
1;1;248;79192;1751357215777;1751357215812;false
0;2;408;0;1751357215812;1751357215814;true
0;1;408;0;1751357215812;1751357215817;true
0;0;408;0;1751357215812;1751357215818;true
1;1;249;79652;1751357215813;1751357215845;false
0;2;409;0;1751357215844;1751357215849;true
0;0;409;0;1751357215844;1751357215850;true
0;1;409;0;1751357215844;1751357215850;true
1;1;250;80377;1751357215848;1751357215877;false
0;2;410;0;1751357215877;1751357215880;true
0;1;410;0;1751357215877;1751357215882;true
0;0;410;0;1751357215877;1751357215882;true
1;1;251;80739;1751357215877;1751357215895;false
0;2;411;0;1751357215910;1751357215914;true
0;1;411;0;1751357215910;1751357215914;true
0;0;411;0;1751357215910;1751357215915;true
1;1;252;82670;1751357215913;1751357215926;false
0;2;412;0;1751357215942;1751357215944;true
0;1;412;0;1751357215942;1751357215947;true
0;0;412;0;1751357215942;1751357215947;true
1;1;253;82756;1751357215943;1751357215974;false
0;2;413;0;1751357215973;1751357215975;true
0;1;413;0;1751357215973;1751357215977;true
0;0;413;0;1751357215973;1751357215979;true
1;1;254;82764;1751357215978;1751357216010;false
0;2;414;0;1751357216009;1751357216013;true
0;1;414;0;1751357216009;1751357216013;true
0;0;414;0;1751357216009;1751357216015;true
1;1;255;85608;1751357216013;1751357216042;false
0;2;415;0;1751357216041;1751357216043;true
0;1;415;0;1751357216041;1751357216044;true
0;0;415;0;1751357216041;1751357216046;true
1;1;256;86357;1751357216043;1751357216074;false
0;2;416;0;1751357216073;1751357216077;true
0;1;416;0;1751357216073;1751357216078;true
0;0;416;0;1751357216073;1751357216078;true
1;1;257;87537;1751357216074;1751357216105;false
0;1;417;0;1751357216104;1751357216106;true
0;2;417;0;1751357216104;1751357216107;true
0;0;417;0;1751357216104;1751357216108;true
1;1;258;87895;1751357216108;1751357216137;false
0;2;418;0;1751357216136;1751357216139;true
0;1;418;0;1751357216136;1751357216139;true
0;0;418;0;1751357216136;1751357216140;true
1;1;259;88117;1751357216137;1751357216160;false
0;2;419;0;1751357216176;1751357216179;true
0;1;419;0;1751357216176;1751357216179;true
0;0;419;0;1751357216176;1751357216180;true
1;1;260;88004;1751357216178;1751357216193;false
0;2;420;0;1751357216208;1751357216210;true
0;0;420;0;1751357216208;1751357216214;true
0;1;420;0;1751357216208;1751357216214;true
1;1;261;87145;1751357216213;1751357216221;false
0;1;421;0;1751357216240;1751357216245;true
0;2;421;0;1751357216240;1751357216246;true
0;0;421;0;1751357216240;1751357216246;true
1;1;262;86910;1751357216243;1751357216256;false
0;2;422;0;1751357216272;1751357216274;true
0;1;422;0;1751357216272;1751357216275;true
0;0;422;0;1751357216272;1751357216276;true
1;1;263;86437;1751357216273;1751357216305;false
0;2;423;0;1751357216304;1751357216306;true
0;1;423;0;1751357216304;1751357216309;true
0;0;423;0;1751357216304;1751357216310;true
0;2;424;0;1751357216326;1751357216328;true
0;1;424;0;1751357216326;1751357216329;true
0;0;424;0;1751357216326;1751357216330;true
1;1;264;86958;1751357216308;1751357216342;false
0;2;425;0;1751357216359;1751357216360;true
0;1;425;0;1751357216359;1751357216361;true
0;0;425;0;1751357216359;1751357216362;true
1;1;265;86761;1751357216344;1751357216375;false
1;1;266;87213;1751357216378;1751357216409;false
0;0;426;0;1751357216407;1751357216413;true
0;2;426;0;1751357216407;1751357216413;true
0;1;426;0;1751357216407;1751357216413;true
1;1;267;86900;1751357216409;1751357216440;false
0;2;427;0;1751357216439;1751357216443;true
0;1;427;0;1751357216439;1751357216444;true
0;0;427;0;1751357216439;1751357216444;true
1;1;268;85826;1751357216443;1751357216472;false
0;2;428;0;1751357216471;1751357216476;true
0;1;428;0;1751357216471;1751357216477;true
0;0;428;0;1751357216471;1751357216477;true
1;1;269;86161;1751357216487;1751357216504;false
0;2;429;0;1751357216502;1751357216505;true
0;1;429;0;1751357216503;1751357216506;true
0;0;429;0;1751357216503;1751357216508;true
1;1;270;84792;1751357216504;1751357216525;false
0;1;430;0;1751357216525;1751357216529;true
0;2;430;0;1751357216525;1751357216529;true
0;0;430;0;1751357216525;1751357216530;true
0;2;431;0;1751357216557;1751357216560;true
0;1;431;0;1751357216557;1751357216560;true
0;0;431;0;1751357216557;1751357216561;true
1;1;271;85503;1751357216543;1751357216573;false
0;2;432;0;1751357216591;1751357216593;true
0;1;432;0;1751357216591;1751357216593;true
0;0;432;0;1751357216591;1751357216594;true
1;1;272;84581;1751357216573;1751357216607;false
0;2;433;0;1751357216623;1751357216625;true
0;1;433;0;1751357216623;1751357216626;true
0;0;433;0;1751357216623;1751357216626;true
1;1;273;84172;1751357216608;1751357216631;false
1;1;274;84188;1751357216631;1751357216655;false
0;2;434;0;1751357216657;1751357216659;true
0;1;434;0;1751357216657;1751357216660;true
0;0;434;0;1751357216657;1751357216661;true
1;1;275;83760;1751357216689;1751357216690;false
0;2;435;0;1751357216689;1751357216692;true
0;1;435;0;1751357216689;1751357216692;true
0;0;435;0;1751357216689;1751357216694;true
1;1;276;84128;1751357216708;1751357216723;false
0;2;436;0;1751357216722;1751357216725;true
0;1;436;0;1751357216722;1751357216725;true
0;0;436;0;1751357216722;1751357216726;true
1;1;277;84085;1751357216753;1751357216754;false
0;1;437;0;1751357216762;1751357216767;true
0;2;437;0;1751357216762;1751357216767;true
0;0;437;0;1751357216762;1751357216768;true
1;1;278;83785;1751357216768;1751357216784;false
0;2;438;0;1751357216800;1751357216804;true
0;1;438;0;1751357216800;1751357216804;true
0;0;438;0;1751357216800;1751357216805;true
1;1;279;84541;1751357216803;1751357216816;false
0;2;439;0;1751357216832;1751357216835;true
0;1;439;0;1751357216832;1751357216836;true
0;0;439;0;1751357216832;1751357216837;true
1;1;280;84890;1751357216833;1751357216856;false
0;2;440;0;1751357216856;1751357216858;true
0;1;440;0;1751357216856;1751357216859;true
0;0;440;0;1751357216856;1751357216860;true
0;2;441;0;1751357216888;1751357216890;true
0;1;441;0;1751357216888;1751357216891;true
0;0;441;0;1751357216888;1751357216892;true
1;1;281;84971;1751357216873;1751357216893;false
1;1;282;85854;1751357216893;1751357216920;false
0;2;442;0;1751357216920;1751357216923;true
0;1;442;0;1751357216920;1751357216923;true
0;0;442;0;1751357216920;1751357216924;true
1;1;283;86022;1751357216953;1751357216955;false
0;1;443;0;1751357216953;1751357216957;true
0;2;443;0;1751357216953;1751357216957;true
0;0;443;0;1751357216953;1751357216958;true
1;1;284;87122;1751357216968;1751357216985;false
0;2;444;0;1751357217000;1751357217002;true
0;1;444;0;1751357217000;1751357217003;true
0;0;444;0;1751357217000;1751357217004;true
1;1;285;86991;1751357217003;1751357217016;false
0;2;445;0;1751357217022;1751357217023;true
0;1;445;0;1751357217022;1751357217024;true
0;0;445;0;1751357217022;1751357217025;true
0;1;446;0;1751357217054;1751357217059;true
0;2;446;0;1751357217053;1751357217059;true
0;0;446;0;1751357217053;1751357217060;true
1;1;286;86404;1751357217038;1751357217069;false
1;1;287;86945;1751357217069;1751357217085;false
0;2;447;0;1751357217100;1751357217101;true
0;1;447;0;1751357217100;1751357217103;true
0;0;447;0;1751357217100;1751357217104;true
1;1;288;87977;1751357217103;1751357217115;false
0;1;448;0;1751357217131;1751357217136;true
0;0;448;0;1751357217131;1751357217136;true
0;2;448;0;1751357217131;1751357217136;true
1;1;289;87722;1751357217133;1751357217148;false
0;1;449;0;1751357217163;1751357217166;true
0;2;449;0;1751357217163;1751357217167;true
0;0;449;0;1751357217163;1751357217168;true
1;1;290;87498;1751357217168;1751357217178;false
0;1;450;0;1751357217187;1751357217190;true
0;2;450;0;1751357217187;1751357217190;true
0;0;450;0;1751357217187;1751357217191;true
1;1;291;88463;1751357217208;1751357217209;false
0;1;451;0;1751357217218;1751357217221;true
0;2;451;0;1751357217218;1751357217222;true
0;0;451;0;1751357217218;1751357217223;true
1;1;292;88237;1751357217236;1751357217237;false
0;2;452;0;1751357217251;1751357217253;true
0;1;452;0;1751357217251;1751357217253;true
0;0;452;0;1751357217251;1751357217255;true
0;2;453;0;1751357217283;1751357217285;true
0;1;453;0;1751357217283;1751357217286;true
0;0;453;0;1751357217283;1751357217287;true
1;1;293;87498;1751357217268;1751357217299;false
1;1;294;87529;1751357217299;1751357217331;false
0;2;454;0;1751357217330;1751357217333;true
0;1;454;0;1751357217330;1751357217335;true
0;0;454;0;1751357217330;1751357217335;true
1;1;295;87823;1751357217331;1751357217347;false
0;1;455;0;1751357217362;1751357217366;true
0;2;455;0;1751357217362;1751357217367;true
0;0;455;0;1751357217362;1751357217368;true
1;1;296;87153;1751357217363;1751357217387;false
0;2;456;0;1751357217386;1751357217388;true
0;1;456;0;1751357217386;1751357217389;true
0;0;456;0;1751357217386;1751357217391;true
1;1;297;86477;1751357217401;1751357217417;false
0;1;457;0;1751357217417;1751357217419;true
0;2;457;0;1751357217417;1751357217419;true
0;0;457;0;1751357217417;1751357217420;true
1;1;298;85964;1751357217438;1751357217439;false
0;2;458;0;1751357217451;1751357217454;true
0;1;458;0;1751357217451;1751357217454;true
0;0;458;0;1751357217451;1751357217455;true
1;1;299;86145;1751357217476;1751357217476;false
0;2;459;0;1751357217482;1751357217483;true
0;1;459;0;1751357217482;1751357217483;true
0;0;459;0;1751357217482;1751357217485;true
0;2;460;0;1751357217518;1751357217520;true
0;1;460;0;1751357217518;1751357217521;true
0;0;460;0;1751357217518;1751357217522;true
1;1;300;85849;1751357217503;1751357217533;false
1;1;301;85376;1751357217533;1751357217553;false
0;2;461;0;1751357217551;1751357217553;true
0;1;461;0;1751357217552;1751357217555;true
0;0;461;0;1751357217551;1751357217556;true
0;2;462;0;1751357217582;1751357217584;true
0;1;462;0;1751357217582;1751357217585;true
0;0;462;0;1751357217582;1751357217586;true
1;1;302;80118;1751357217569;1751357217601;false
0;2;463;0;1751357217617;1751357217619;true
0;1;463;0;1751357217617;1751357217621;true
0;0;463;0;1751357217617;1751357217621;true
1;1;303;84892;1751357217603;1751357217632;false
0;2;464;0;1751357217647;1751357217649;true
0;1;464;0;1751357217647;1751357217650;true
0;0;464;0;1751357217647;1751357217651;true
1;1;304;85213;1751357217633;1751357217667;false
0;2;465;0;1751357217683;1751357217686;true
0;0;465;0;1751357217683;1751357217688;true
0;1;465;0;1751357217683;1751357217688;true
1;1;305;85789;1751357217667;1751357217688;false
1;1;306;86733;1751357217688;1751357217715;false
0;2;466;0;1751357217714;1751357217717;true
0;1;466;0;1751357217714;1751357217717;true
0;0;466;0;1751357217714;1751357217719;true
1;1;307;87944;1751357217730;1751357217750;false
0;2;467;0;1751357217750;1751357217751;true
0;1;467;0;1751357217750;1751357217753;true
0;0;467;0;1751357217750;1751357217755;true
1;1;308;88233;1751357217753;1751357217781;false
0;2;468;0;1751357217781;1751357217783;true
0;1;468;0;1751357217781;1751357217785;true
0;0;468;0;1751357217781;1751357217785;true
0;2;469;0;1751357217813;1751357217817;true
0;1;469;0;1751357217813;1751357217817;true
1;1;309;88180;1751357217798;1751357217818;false
0;0;469;0;1751357217813;1751357217818;true
1;1;310;88146;1751357217818;1751357217846;false
0;1;470;0;1751357217845;1751357217848;true
0;2;470;0;1751357217845;1751357217848;true
0;0;470;0;1751357217845;1751357217849;true
1;1;311;87930;1751357217863;1751357217877;false
0;1;471;0;1751357217877;1751357217880;true
0;2;471;0;1751357217877;1751357217880;true
0;0;471;0;1751357217877;1751357217881;true
1;1;312;88564;1751357217898;1751357217913;false
0;2;472;0;1751357217913;1751357217915;true
0;1;472;0;1751357217913;1751357217917;true
0;0;472;0;1751357217913;1751357217918;true
1;1;313;88224;1751357217918;1751357217948;false
0;2;473;0;1751357217948;1751357217950;true
0;1;473;0;1751357217948;1751357217951;true
0;0;473;0;1751357217948;1751357217952;true
1;1;314;88010;1751357217953;1751357217979;false
0;2;474;0;1751357217979;1751357217982;true
0;1;474;0;1751357217979;1751357217983;true
0;0;474;0;1751357217979;1751357217983;true
1;1;315;83693;1751357217983;1751357218014;false
0;2;475;0;1751357218014;1751357218015;true
0;1;475;0;1751357218014;1751357218018;true
0;0;475;0;1751357218014;1751357218019;true
1;1;316;89780;1751357218018;1751357218045;false
0;2;476;0;1751357218045;1751357218048;true
0;1;476;0;1751357218045;1751357218049;true
0;0;476;0;1751357218045;1751357218049;true
1;1;317;89262;1751357218063;1751357218077;false
0;2;477;0;1751357218076;1751357218077;true
0;1;477;0;1751357218076;1751357218079;true
0;0;477;0;1751357218076;1751357218080;true
1;1;318;89630;1751357218083;1751357218114;false
0;2;478;0;1751357218113;1751357218115;true
0;1;478;0;1751357218113;1751357218116;true
0;0;478;0;1751357218113;1751357218117;true
1;1;319;90624;1751357218118;1751357218146;false
0;2;479;0;1751357218145;1751357218149;true
0;1;479;0;1751357218145;1751357218149;true
0;0;479;0;1751357218145;1751357218151;true
1;1;320;90165;1751357218148;1751357218177;false
0;2;480;0;1751357218177;1751357218179;true
0;1;480;0;1751357218177;1751357218180;true
0;0;480;0;1751357218177;1751357218180;true
0;2;481;0;1751357218208;1751357218211;true
0;1;481;0;1751357218208;1751357218212;true
0;0;481;0;1751357218208;1751357218214;true
1;1;321;89489;1751357218193;1751357218218;false
1;1;322;90426;1751357218218;1751357218247;false
0;2;482;0;1751357218246;1751357218247;true
0;1;482;0;1751357218246;1751357218252;true
0;0;482;0;1751357218246;1751357218252;true
1;1;323;89617;1751357218248;1751357218281;false
0;1;483;0;1751357218279;1751357218283;true
0;2;483;0;1751357218279;1751357218283;true
0;0;483;0;1751357218279;1751357218284;true
1;1;324;88906;1751357218281;1751357218298;false
0;2;484;0;1751357218311;1751357218313;true
0;1;484;0;1751357218312;1751357218314;true
0;0;484;0;1751357218312;1751357218315;true
0;2;485;0;1751357218343;1751357218345;true
1;1;325;89821;1751357218328;1751357218348;false
0;1;485;0;1751357218343;1751357218348;true
0;0;485;0;1751357218343;1751357218349;true
1;1;326;89655;1751357218348;1751357218375;false
0;2;486;0;1751357218374;1751357218376;true
0;1;486;0;1751357218374;1751357218379;true
0;0;486;0;1751357218374;1751357218380;true
1;1;327;91306;1751357218383;1751357218407;false
0;2;487;0;1751357218406;1751357218410;true
0;1;487;0;1751357218406;1751357218410;true
0;0;487;0;1751357218406;1751357218411;true
1;1;328;90331;1751357218423;1751357218446;false
0;2;488;0;1751357218445;1751357218447;true
0;1;488;0;1751357218445;1751357218450;true
0;0;488;0;1751357218445;1751357218451;true
1;1;329;90187;1751357218446;1751357218463;false
0;2;489;0;1751357218477;1751357218479;true
0;1;489;0;1751357218477;1751357218481;true
0;0;489;0;1751357218477;1751357218482;true
1;1;330;87756;1751357218483;1751357218484;false
0;1;490;0;1751357218512;1751357218515;true
0;2;490;0;1751357218512;1751357218515;true
0;0;490;0;1751357218512;1751357218517;true
1;1;331;86786;1751357218518;1751357218519;false
0;1;491;0;1751357218546;1751357218550;true
0;2;491;0;1751357218546;1751357218550;true
0;0;491;0;1751357218546;1751357218551;true
1;1;332;87590;1751357218548;1751357218577;false
0;2;492;0;1751357218576;1751357218579;true
0;1;492;0;1751357218576;1751357218579;true
0;0;492;0;1751357218576;1751357218581;true
1;1;333;88449;1751357218578;1751357218607;false
0;2;493;0;1751357218606;1751357218610;true
0;1;493;0;1751357218606;1751357218610;true
0;0;493;0;1751357218606;1751357218611;true
0;2;494;0;1751357218637;1751357218639;true
0;1;494;0;1751357218637;1751357218640;true
0;0;494;0;1751357218637;1751357218640;true
1;1;334;87839;1751357218623;1751357218644;false
1;1;335;87807;1751357218648;1751357218676;false
0;2;495;0;1751357218675;1751357218681;true
0;1;495;0;1751357218675;1751357218681;true
0;0;495;0;1751357218675;1751357218681;true
1;1;336;88021;1751357218676;1751357218692;false
0;1;496;0;1751357218707;1751357218709;true
0;2;496;0;1751357218707;1751357218710;true
0;0;496;0;1751357218707;1751357218711;true
1;1;337;88837;1751357218713;1751357218714;false
0;2;497;0;1751357218739;1751357218741;true
0;1;497;0;1751357218739;1751357218742;true
0;0;497;0;1751357218739;1751357218743;true
1;1;338;88659;1751357218743;1751357218761;false
0;2;498;0;1751357218776;1751357218778;true
0;1;498;0;1751357218776;1751357218779;true
0;0;498;0;1751357218776;1751357218781;true
1;1;339;88444;1751357218778;1751357218808;false
0;2;499;0;1751357218807;1751357218810;true
0;1;499;0;1751357218808;1751357218811;true
0;0;499;0;1751357218808;1751357218813;true
1;1;340;88873;1751357218808;1751357218841;false
0;2;500;0;1751357218841;1751357218845;true
0;1;500;0;1751357218841;1751357218845;true
0;0;500;0;1751357218841;1751357218846;true
1;1;341;88036;1751357218843;1751357218873;false
0;2;501;0;1751357218873;1751357218876;true
0;1;501;0;1751357218873;1751357218877;true
0;0;501;0;1751357218873;1751357218879;true
1;1;342;88622;1751357218879;1751357218909;false
0;2;502;0;1751357218909;1751357218912;true
0;1;502;0;1751357218909;1751357218914;true
0;0;502;0;1751357218909;1751357218915;true
1;1;343;88790;1751357218913;1751357218942;false
0;2;503;0;1751357218941;1751357218944;true
0;1;503;0;1751357218941;1751357218946;true
0;0;503;0;1751357218941;1751357218947;true
1;1;344;88560;1751357218942;1751357218973;false
0;2;504;0;1751357218973;1751357218976;true
0;1;504;0;1751357218973;1751357218977;true
0;0;504;0;1751357218973;1751357218978;true
1;1;345;89035;1751357218978;1751357219008;false
0;2;505;0;1751357219008;1751357219010;true
0;1;505;0;1751357219008;1751357219011;true
0;0;505;0;1751357219008;1751357219013;true
1;1;346;89137;1751357219008;1751357219039;false
0;2;506;0;1751357219039;1751357219042;true
0;1;506;0;1751357219039;1751357219042;true
0;0;506;0;1751357219039;1751357219044;true
1;1;347;89042;1751357219043;1751357219075;false
0;2;507;0;1751357219073;1751357219078;true
0;1;507;0;1751357219074;1751357219080;true
0;0;507;0;1751357219073;1751357219080;true
1;1;348;89169;1751357219078;1751357219105;false
0;2;508;0;1751357219105;1751357219107;true
0;1;508;0;1751357219105;1751357219109;true
0;0;508;0;1751357219105;1751357219110;true
1;1;349;88346;1751357219105;1751357219125;false
0;2;509;0;1751357219140;1751357219143;true
0;1;509;0;1751357219140;1751357219145;true
0;0;509;0;1751357219140;1751357219146;true
1;1;350;88652;1751357219143;1751357219172;false
0;2;510;0;1751357219172;1751357219175;true
0;1;510;0;1751357219172;1751357219177;true
0;0;510;0;1751357219172;1751357219178;true
1;1;351;89003;1751357219173;1751357219204;false
0;2;511;0;1751357219204;1751357219207;true
0;1;511;0;1751357219204;1751357219208;true
0;0;511;0;1751357219204;1751357219209;true
1;1;352;88418;1751357219208;1751357219236;false
0;1;512;0;1751357219236;1751357219239;true
0;0;512;0;1751357219236;1751357219241;true
0;2;512;0;1751357219236;1751357219241;true
1;1;353;88164;1751357219238;1751357219267;false
0;2;513;0;1751357219267;1751357219268;true
0;1;513;0;1751357219267;1751357219270;true
0;0;513;0;1751357219267;1751357219270;true
1;1;354;87650;1751357219283;1751357219307;false
0;2;514;0;1751357219306;1751357219309;true
0;1;514;0;1751357219306;1751357219312;true
0;0;514;0;1751357219306;1751357219312;true
1;1;355;87876;1751357219307;1751357219323;false
0;2;515;0;1751357219339;1751357219341;true
0;1;515;0;1751357219339;1751357219344;true
1;1;356;88439;1751357219343;1751357219345;false
0;0;515;0;1751357219340;1751357219345;true
0;1;516;0;1751357219371;1751357219373;true
0;2;516;0;1751357219371;1751357219373;true
1;1;357;88307;1751357219373;1751357219375;false
0;0;516;0;1751357219371;1751357219375;true
0;2;517;0;1751357219403;1751357219405;true
0;1;517;0;1751357219403;1751357219408;true
0;0;517;0;1751357219403;1751357219408;true
1;1;358;88131;1751357219408;1751357219409;false
0;2;518;0;1751357219434;1751357219437;true
0;1;518;0;1751357219434;1751357219437;true
1;1;359;87901;1751357219438;1751357219439;false
0;0;518;0;1751357219434;1751357219439;true
0;2;519;0;1751357219472;1751357219474;true
0;1;519;0;1751357219472;1751357219476;true
0;0;519;0;1751357219472;1751357219477;true
1;1;360;87833;1751357219473;1751357219490;false
0;2;520;0;1751357219506;1751357219508;true
0;1;520;0;1751357219506;1751357219509;true
0;0;520;0;1751357219506;1751357219511;true
1;1;361;88167;1751357219508;1751357219522;false
0;2;521;0;1751357219537;1751357219539;true
0;1;521;0;1751357219537;1751357219542;true
0;0;521;0;1751357219537;1751357219542;true
1;1;362;88075;1751357219538;1751357219555;false
0;2;522;0;1751357219570;1751357219572;true
0;1;522;0;1751357219570;1751357219573;true
1;1;363;87805;1751357219573;1751357219575;false
0;0;522;0;1751357219570;1751357219575;true
0;1;523;0;1751357219605;1751357219608;true
0;2;523;0;1751357219604;1751357219610;true
0;0;523;0;1751357219604;1751357219610;true
1;1;364;88364;1751357219608;1751357219620;false
0;1;524;0;1751357219636;1751357219639;true
0;2;524;0;1751357219636;1751357219640;true
0;0;524;0;1751357219636;1751357219640;true
1;1;365;89532;1751357219638;1751357219653;false
0;2;525;0;1751357219670;1751357219673;true
1;1;366;87690;1751357219673;1751357219674;false
0;1;525;0;1751357219670;1751357219675;true
0;0;525;0;1751357219670;1751357219675;true
0;2;526;0;1751357219703;1751357219706;true
0;1;526;0;1751357219703;1751357219707;true
0;0;526;0;1751357219703;1751357219708;true
1;1;367;88306;1751357219708;1751357219709;false
0;2;527;0;1751357219734;1751357219737;true
0;1;527;0;1751357219734;1751357219738;true
0;0;527;0;1751357219734;1751357219739;true
1;1;368;87842;1751357219738;1751357219751;false
0;2;528;0;1751357219766;1751357219769;true
0;1;528;0;1751357219766;1751357219770;true
0;0;528;0;1751357219766;1751357219771;true
1;1;369;87773;1751357219768;1751357219783;false
0;1;529;0;1751357219798;1751357219801;true
0;2;529;0;1751357219798;1751357219802;true
0;0;529;0;1751357219798;1751357219803;true
1;1;370;87125;1751357219803;1751357219804;false
0;2;530;0;1751357219837;1751357219839;true
0;1;530;0;1751357219837;1751357219840;true
0;0;530;0;1751357219837;1751357219841;true
1;1;371;87731;1751357219838;1751357219863;false
0;2;531;0;1751357219862;1751357219864;true
0;1;531;0;1751357219862;1751357219865;true
0;0;531;0;1751357219862;1751357219866;true
1;1;372;87537;1751357219884;1751357219886;false
0;2;532;0;1751357219900;1751357219903;true
0;1;532;0;1751357219900;1751357219905;true
0;0;532;0;1751357219900;1751357219905;true
1;1;373;81591;1751357219903;1751357219917;false
0;2;533;0;1751357219932;1751357219933;true
0;1;533;0;1751357219932;1751357219936;true
0;0;533;0;1751357219932;1751357219936;true
1;1;374;87916;1751357219933;1751357219962;false
0;1;534;0;1751357219962;1751357219965;true
0;2;534;0;1751357219962;1751357219965;true
0;0;534;0;1751357219962;1751357219967;true
1;1;375;87534;1751357219972;1751357219986;false
0;2;535;0;1751357220001;1751357220004;true
0;1;535;0;1751357220001;1751357220005;true
0;0;535;0;1751357220001;1751357220007;true
1;1;376;88250;1751357220003;1751357220018;false
0;1;536;0;1751357220032;1751357220036;true
0;2;536;0;1751357220032;1751357220037;true
0;0;536;0;1751357220032;1751357220038;true
1;1;377;88495;1751357220033;1751357220066;false
0;1;537;0;1751357220065;1751357220068;true
0;2;537;0;1751357220065;1751357220069;true
0;0;537;0;1751357220065;1751357220070;true
1;1;378;89182;1751357220066;1751357220097;false
0;2;538;0;1751357220096;1751357220097;true
0;1;538;0;1751357220096;1751357220099;true
0;0;538;0;1751357220096;1751357220100;true
1;1;379;87783;1751357220097;1751357220116;false
0;1;539;0;1751357220133;1751357220136;true
0;2;539;0;1751357220133;1751357220137;true
0;0;539;0;1751357220133;1751357220139;true
1;1;380;87692;1751357220138;1751357220139;false
0;2;540;0;1751357220164;1751357220166;true
0;1;540;0;1751357220164;1751357220167;true
0;0;540;0;1751357220164;1751357220169;true
1;1;381;86963;1751357220168;1751357220169;false
0;2;541;0;1751357220200;1751357220202;true
0;1;541;0;1751357220200;1751357220204;true
0;0;541;0;1751357220200;1751357220205;true
1;1;382;87512;1751357220203;1751357220217;false
0;1;542;0;1751357220233;1751357220236;true
0;2;542;0;1751357220233;1751357220236;true
0;0;542;0;1751357220233;1751357220238;true
1;1;383;86666;1751357220233;1751357220265;false
0;2;543;0;1751357220264;1751357220267;true
0;1;543;0;1751357220264;1751357220269;true
0;0;543;0;1751357220264;1751357220270;true
1;1;384;86935;1751357220268;1751357220296;false
0;2;544;0;1751357220296;1751357220298;true
0;1;544;0;1751357220296;1751357220299;true
0;0;544;0;1751357220296;1751357220300;true
1;1;385;87190;1751357220296;1751357220327;false
0;2;545;0;1751357220327;1751357220329;true
0;1;545;0;1751357220327;1751357220330;true
0;0;545;0;1751357220327;1751357220331;true
1;1;386;87255;1751357220328;1751357220350;false
0;2;546;0;1751357220365;1751357220367;true
0;1;546;0;1751357220365;1751357220370;true
0;0;546;0;1751357220365;1751357220371;true
1;1;387;87487;1751357220368;1751357220381;false
0;2;547;0;1751357220398;1751357220401;true
0;1;547;0;1751357220398;1751357220403;true
0;0;547;0;1751357220398;1751357220403;true
1;1;388;87998;1751357220403;1751357220404;false
0;1;548;0;1751357220430;1751357220432;true
0;2;548;0;1751357220430;1751357220433;true
1;1;389;87800;1751357220433;1751357220434;false
0;0;548;0;1751357220430;1751357220434;true
0;2;549;0;1751357220461;1751357220463;true
0;1;549;0;1751357220461;1751357220464;true
0;0;549;0;1751357220461;1751357220465;true
1;1;390;87855;1751357220463;1751357220477;false
0;2;550;0;1751357220492;1751357220495;true
0;0;550;0;1751357220492;1751357220497;true
0;1;550;0;1751357220492;1751357220497;true
1;1;391;88351;1751357220493;1751357220509;false
0;2;551;0;1751357220524;1751357220527;true
0;1;551;0;1751357220524;1751357220527;true
0;0;551;0;1751357220524;1751357220528;true
1;1;392;87403;1751357220528;1751357220529;false
0;2;552;0;1751357220550;1751357220552;true
0;1;552;0;1751357220550;1751357220552;true
0;0;552;0;1751357220550;1751357220554;true
1;1;393;87882;1751357220568;1751357220569;false
0;1;553;0;1751357220596;1751357220598;true
0;2;553;0;1751357220596;1751357220599;true
0;0;553;0;1751357220596;1751357220601;true
1;1;394;87430;1751357220598;1751357220617;false
0;2;554;0;1751357220616;1751357220618;true
0;1;554;0;1751357220616;1751357220619;true
0;0;554;0;1751357220616;1751357220620;true
1;1;395;88166;1751357220628;1751357220649;false
0;2;555;0;1751357220663;1751357220666;true
0;1;555;0;1751357220663;1751357220668;true
0;0;555;0;1751357220663;1751357220669;true
1;1;396;86173;1751357220668;1751357220669;false
0;2;556;0;1751357220698;1751357220699;true
0;1;556;0;1751357220698;1751357220701;true
0;0;556;0;1751357220698;1751357220702;true
1;1;397;86770;1751357220703;1751357220704;false
0;2;557;0;1751357220730;1751357220732;true
0;1;557;0;1751357220730;1751357220734;true
0;0;557;0;1751357220730;1751357220735;true
1;1;398;87542;1751357220733;1751357220746;false
0;2;558;0;1751357220762;1751357220762;true
1;1;399;89067;1751357220763;1751357220764;false
0;1;558;0;1751357220762;1751357220765;true
0;0;558;0;1751357220762;1751357220765;true
0;0;559;0;1751357220793;1751357220798;true
0;2;559;0;1751357220793;1751357220798;true
0;1;559;0;1751357220793;1751357220798;true
1;1;400;88844;1751357220798;1751357220798;false
0;1;560;0;1751357220814;1751357220817;true
0;2;560;0;1751357220814;1751357220817;true
0;0;560;0;1751357220814;1751357220818;true
1;1;401;90165;1751357220834;1751357220835;false
0;1;561;0;1751357220848;1751357220849;true
0;2;561;0;1751357220848;1751357220851;true
0;0;561;0;1751357220848;1751357220852;true
1;1;402;90517;1751357220863;1751357220864;false
0;2;562;0;1751357220881;1751357220883;true
0;1;562;0;1751357220881;1751357220884;true
0;0;562;0;1751357220881;1751357220884;true
1;1;403;89745;1751357220898;1751357220915;false
0;2;563;0;1751357220913;1751357220915;true
0;1;563;0;1751357220914;1751357220916;true
0;0;563;0;1751357220913;1751357220918;true
1;1;404;90800;1751357220933;1751357220935;false
0;1;564;0;1751357220946;1751357220949;true
0;2;564;0;1751357220946;1751357220949;true
0;0;564;0;1751357220946;1751357220950;true
1;1;405;90234;1751357220963;1751357220977;false
0;2;565;0;1751357220993;1751357220994;true
0;1;565;0;1751357220993;1751357220998;true
0;0;565;0;1751357220993;1751357220998;true
1;1;406;89510;1751357220993;1751357221009;false
0;2;566;0;1751357221024;1751357221026;true
0;1;566;0;1751357221024;1751357221027;true
0;0;566;0;1751357221024;1751357221029;true
1;1;407;89424;1751357221028;1751357221030;false
0;1;567;0;1751357221046;1751357221049;true
0;2;567;0;1751357221046;1751357221049;true
0;0;567;0;1751357221046;1751357221050;true
1;1;408;89465;1751357221063;1751357221079;false
0;2;568;0;1751357221078;1751357221079;true
0;1;568;0;1751357221078;1751357221080;true
0;0;568;0;1751357221078;1751357221081;true
1;1;409;89969;1751357221098;1751357221099;false
0;2;569;0;1751357221111;1751357221113;true
0;1;569;0;1751357221111;1751357221114;true
0;0;569;0;1751357221111;1751357221114;true
1;1;410;90506;1751357221128;1751357221158;false
0;2;570;0;1751357221158;1751357221160;true
0;1;570;0;1751357221158;1751357221161;true
0;0;570;0;1751357221158;1751357221162;true
1;1;411;90969;1751357221163;1751357221178;false
0;1;571;0;1751357221177;1751357221180;true
0;2;571;0;1751357221177;1751357221180;true
0;0;571;0;1751357221177;1751357221181;true
1;1;412;90074;1751357221198;1751357221200;false
0;2;572;0;1751357221211;1751357221213;true
0;1;572;0;1751357221211;1751357221214;true
0;0;572;0;1751357221211;1751357221215;true
1;1;413;89469;1751357221228;1751357221244;false
0;2;573;0;1751357221243;1751357221244;true
0;1;573;0;1751357221243;1751357221247;true
0;0;573;0;1751357221243;1751357221248;true
1;1;414;88917;1751357221275;1751357221277;false
0;2;574;0;1751357221276;1751357221278;true
0;1;574;0;1751357221276;1751357221280;true
0;0;574;0;1751357221276;1751357221280;true
1;1;415;88799;1751357221293;1751357221308;false
0;2;575;0;1751357221322;1751357221325;true
0;1;575;0;1751357221322;1751357221326;true
0;0;575;0;1751357221322;1751357221327;true
1;1;416;89326;1751357221323;1751357221355;false
0;2;576;0;1751357221354;1751357221356;true
0;1;576;0;1751357221354;1751357221357;true
0;0;576;0;1751357221354;1751357221359;true
1;1;417;87522;1751357221355;1751357221371;false
0;1;577;0;1751357221385;1751357221389;true
0;2;577;0;1751357221385;1751357221389;true
1;1;418;86728;1751357221388;1751357221390;false
0;0;577;0;1751357221386;1751357221390;true
0;2;578;0;1751357221410;1751357221410;true
0;1;578;0;1751357221410;1751357221413;true
0;0;578;0;1751357221410;1751357221413;true
1;1;419;87060;1751357221428;1751357221429;false
0;1;579;0;1751357221442;1751357221445;true
0;2;579;0;1751357221442;1751357221445;true
0;0;579;0;1751357221442;1751357221446;true
1;1;420;82620;1751357221473;1751357221475;false
0;2;580;0;1751357221474;1751357221476;true
0;1;580;0;1751357221474;1751357221477;true
0;0;580;0;1751357221474;1751357221478;true
1;1;421;87651;1751357221493;1751357221494;false
0;2;581;0;1751357221511;1751357221513;true
0;1;581;0;1751357221511;1751357221515;true
0;0;581;0;1751357221511;1751357221516;true
1;1;422;86708;1751357221518;1751357221519;false
0;2;582;0;1751357221542;1751357221544;true
0;1;582;0;1751357221542;1751357221545;true
0;0;582;0;1751357221542;1751357221546;true
1;1;423;86772;1751357221558;1751357221575;false
0;1;583;0;1751357221573;1751357221576;true
0;2;583;0;1751357221573;1751357221576;true
0;0;583;0;1751357221573;1751357221577;true
1;1;424;87115;1751357221593;1751357221594;false
0;2;584;0;1751357221607;1751357221610;true
0;1;584;0;1751357221607;1751357221611;true
0;0;584;0;1751357221607;1751357221611;true
1;1;425;86249;1751357221628;1751357221629;false
0;1;585;0;1751357221653;1751357221657;true
0;2;585;0;1751357221653;1751357221657;true
0;0;585;0;1751357221653;1751357221659;true
1;1;426;86400;1751357221658;1751357221660;false
0;1;586;0;1751357221685;1751357221688;true
0;2;586;0;1751357221685;1751357221689;true
1;1;427;86452;1751357221688;1751357221690;false
0;0;586;0;1751357221685;1751357221690;true
0;2;587;0;1751357221707;1751357221708;true
0;1;587;0;1751357221707;1751357221709;true
0;0;587;0;1751357221707;1751357221711;true
1;1;428;86748;1751357221739;1751357221740;false
0;2;588;0;1751357221739;1751357221741;true
0;0;588;0;1751357221739;1751357221743;true
0;1;588;0;1751357221739;1751357221743;true
1;1;429;87149;1751357221754;1751357221758;false
0;2;589;0;1751357221773;1751357221774;true
0;1;589;0;1751357221773;1751357221774;true
0;0;589;0;1751357221773;1751357221774;true
1;1;430;87788;1751357221783;1751357221806;false
0;2;590;0;1751357221805;1751357221806;true
0;1;590;0;1751357221805;1751357221809;true
0;0;590;0;1751357221805;1751357221809;true
1;1;431;86884;1751357221823;1751357221839;false
0;2;591;0;1751357221837;1751357221840;true
0;1;591;0;1751357221837;1751357221841;true
0;0;591;0;1751357221837;1751357221841;true
1;1;432;86371;1751357221853;1751357221883;false
0;1;592;0;1751357221883;1751357221885;true
0;2;592;0;1751357221883;1751357221886;true
0;0;592;0;1751357221883;1751357221887;true
1;1;433;86540;1751357221888;1751357221899;false
0;1;593;0;1751357221915;1751357221918;true
0;2;593;0;1751357221915;1751357221919;true
0;0;593;0;1751357221915;1751357221920;true
1;1;434;85841;1751357221918;1751357221932;false
0;2;594;0;1751357221941;1751357221943;true
0;1;594;0;1751357221941;1751357221944;true
0;0;594;0;1751357221941;1751357221945;true
1;1;435;85225;1751357221943;1751357221957;false
0;2;595;0;1751357221972;1751357221973;true
0;1;595;0;1751357221972;1751357221974;true
0;0;595;0;1751357221972;1751357221975;true
1;1;436;86436;1751357221988;1751357221989;false
0;2;596;0;1751357222003;1751357222006;true
0;1;596;0;1751357222003;1751357222007;true
0;0;596;0;1751357222003;1751357222008;true
1;1;437;85989;1751357222019;1751357222021;false
0;2;597;0;1751357222035;1751357222037;true
0;1;597;0;1751357222035;1751357222038;true
0;0;597;0;1751357222035;1751357222039;true
1;1;438;87105;1751357222053;1751357222069;false
0;1;598;0;1751357222068;1751357222070;true
0;2;598;0;1751357222068;1751357222070;true
0;0;598;0;1751357222068;1751357222071;true
1;1;439;87239;1751357222083;1751357222099;false
0;1;599;0;1751357222106;1751357222109;true
0;2;599;0;1751357222106;1751357222109;true
0;0;599;0;1751357222106;1751357222110;true
1;1;440;87722;1751357222108;1751357222123;false
0;2;600;0;1751357222137;1751357222139;true
0;1;600;0;1751357222137;1751357222140;true
0;0;600;0;1751357222137;1751357222140;true
1;1;441;87442;1751357222153;1751357222170;false
0;1;601;0;1751357222168;1751357222171;true
0;2;601;0;1751357222168;1751357222173;true
0;0;601;0;1751357222168;1751357222174;true
1;1;442;86768;1751357222178;1751357222188;false
0;2;602;0;1751357222205;1751357222207;true
0;1;602;0;1751357222205;1751357222208;true
0;0;602;0;1751357222205;1751357222210;true
1;1;443;87017;1751357222208;1751357222237;false
0;2;603;0;1751357222237;1751357222240;true
0;1;603;0;1751357222237;1751357222240;true
0;0;603;0;1751357222237;1751357222241;true
1;1;444;87406;1751357222258;1751357222259;false
0;2;604;0;1751357222269;1751357222270;true
0;1;604;0;1751357222269;1751357222271;true
0;0;604;0;1751357222269;1751357222272;true
1;1;445;86329;1751357222273;1751357222288;false
0;2;605;0;1751357222303;1751357222305;true
0;1;605;0;1751357222303;1751357222307;true
0;0;605;0;1751357222303;1751357222307;true
1;1;446;86775;1751357222308;1751357222335;false
0;2;606;0;1751357222334;1751357222338;true
0;0;606;0;1751357222335;1751357222339;true
0;1;606;0;1751357222335;1751357222339;true
1;1;447;86800;1751357222350;1751357222351;false
0;2;607;0;1751357222366;1751357222369;true
0;1;607;0;1751357222366;1751357222369;true
0;0;607;0;1751357222366;1751357222370;true
1;1;448;87712;1751357222383;1751357222398;false
0;1;608;0;1751357222398;1751357222401;true
0;2;608;0;1751357222398;1751357222401;true
0;0;608;0;1751357222398;1751357222401;true
1;1;449;88341;1751357222428;1751357222429;false
0;2;609;0;1751357222437;1751357222438;true
0;1;609;0;1751357222437;1751357222440;true
0;0;609;0;1751357222437;1751357222441;true
1;1;450;88569;1751357222443;1751357222444;false
0;1;610;0;1751357222469;1751357222472;true
0;2;610;0;1751357222469;1751357222472;true
0;0;610;0;1751357222469;1751357222474;true
1;1;451;89080;1751357222473;1751357222485;false
0;2;611;0;1751357222511;1751357222514;true
0;1;611;0;1751357222511;1751357222515;true
0;0;611;0;1751357222511;1751357222516;true
1;1;452;89010;1751357222513;1751357222537;false
0;2;612;0;1751357222536;1751357222539;true
0;0;612;0;1751357222536;1751357222541;true
0;1;612;0;1751357222536;1751357222541;true
1;1;453;87788;1751357222538;1751357222569;false
0;2;613;0;1751357222568;1751357222570;true
0;1;613;0;1751357222568;1751357222572;true
0;0;613;0;1751357222568;1751357222573;true
1;1;454;88443;1751357222573;1751357222586;false
0;2;614;0;1751357222601;1751357222605;true
0;1;614;0;1751357222601;1751357222608;true
0;0;614;0;1751357222601;1751357222608;true
1;1;455;88437;1751357222603;1751357222633;false
0;1;615;0;1751357222633;1751357222636;true
0;0;615;0;1751357222633;1751357222638;true
0;2;615;0;1751357222633;1751357222638;true
1;1;456;88077;1751357222638;1751357222649;false
0;2;616;0;1751357222668;1751357222671;true
0;1;616;0;1751357222668;1751357222671;true
0;0;616;0;1751357222668;1751357222672;true
1;1;457;88231;1751357222673;1751357222674;false
0;2;617;0;1751357222700;1751357222701;true
0;1;617;0;1751357222700;1751357222702;true
0;0;617;0;1751357222700;1751357222704;true
1;1;458;88347;1751357222703;1751357222716;false
0;2;618;0;1751357222730;1751357222732;true
0;1;618;0;1751357222730;1751357222734;true
0;0;618;0;1751357222730;1751357222735;true
1;1;459;87499;1751357222748;1751357222767;false
0;2;619;0;1751357222766;1751357222769;true
0;1;619;0;1751357222766;1751357222769;true
0;0;619;0;1751357222766;1751357222770;true
1;1;460;87434;1751357222783;1751357222799;false
0;2;620;0;1751357222797;1751357222799;true
0;1;620;0;1751357222797;1751357222800;true
0;0;620;0;1751357222797;1751357222801;true
1;1;461;87201;1751357222808;1751357222814;false
0;2;621;0;1751357222828;1751357222830;true
0;1;621;0;1751357222828;1751357222831;true
0;0;621;0;1751357222828;1751357222831;true
1;1;462;88213;1751357222848;1751357222850;false
0;1;622;0;1751357222864;1751357222867;true
0;2;622;0;1751357222864;1751357222868;true
0;0;622;0;1751357222864;1751357222869;true
1;1;463;87835;1751357222868;1751357222895;false
0;2;623;0;1751357222895;1751357222899;true
0;0;623;0;1751357222895;1751357222900;true
0;1;623;0;1751357222895;1751357222900;true
1;1;464;87837;1751357222913;1751357222928;false
0;2;624;0;1751357222927;1751357222929;true
0;1;624;0;1751357222927;1751357222930;true
0;0;624;0;1751357222927;1751357222931;true
1;1;465;87607;1751357222943;1751357222959;false
0;2;625;0;1751357222959;1751357222961;true
0;1;625;0;1751357222959;1751357222961;true
0;0;625;0;1751357222959;1751357222962;true
1;1;466;87510;1751357222968;1751357222983;false
0;2;626;0;1751357222998;1751357223002;true
0;1;626;0;1751357222998;1751357223003;true
0;0;626;0;1751357222998;1751357223003;true
1;1;467;86958;1751357223003;1751357223004;false
0;2;627;0;1751357223032;1751357223034;true
0;1;627;0;1751357223032;1751357223035;true
0;0;627;0;1751357223032;1751357223037;true
1;1;468;87188;1751357223033;1751357223048;false
0;2;628;0;1751357223062;1751357223064;true
0;1;628;0;1751357223062;1751357223065;true
0;0;628;0;1751357223062;1751357223066;true
1;1;469;88517;1751357223094;1751357223096;false
0;2;629;0;1751357223094;1751357223097;true
0;1;629;0;1751357223094;1751357223099;true
0;0;629;0;1751357223094;1751357223099;true
1;1;470;88332;1751357223098;1751357223126;false
0;1;630;0;1751357223126;1751357223128;true
0;2;630;0;1751357223126;1751357223128;true
0;0;630;0;1751357223126;1751357223129;true
1;1;471;88067;1751357223133;1751357223150;false
0;2;631;0;1751357223164;1751357223166;true
0;1;631;0;1751357223164;1751357223169;true
0;0;631;0;1751357223164;1751357223169;true
1;1;472;88304;1751357223168;1751357223181;false
0;2;632;0;1751357223197;1751357223199;true
0;0;632;0;1751357223197;1751357223202;true
0;1;632;0;1751357223197;1751357223202;true
1;1;473;88003;1751357223198;1751357223213;false
0;2;633;0;1751357223229;1751357223230;true
0;1;633;0;1751357223229;1751357223231;true
0;0;633;0;1751357223229;1751357223233;true
1;1;474;88158;1751357223233;1751357223245;false
0;1;634;0;1751357223260;1751357223262;true
0;2;634;0;1751357223260;1751357223263;true
0;0;634;0;1751357223260;1751357223264;true
1;1;475;87688;1751357223278;1751357223298;false
0;2;635;0;1751357223297;1751357223300;true
0;1;635;0;1751357223297;1751357223300;true
0;0;635;0;1751357223297;1751357223302;true
1;1;476;87445;1751357223298;1751357223313;false
0;1;636;0;1751357223330;1751357223332;true
0;2;636;0;1751357223329;1751357223333;true
1;1;477;87449;1751357223333;1751357223335;false
0;0;636;0;1751357223329;1751357223335;true
0;2;637;0;1751357223361;1751357223362;true
0;1;637;0;1751357223361;1751357223364;true
0;0;637;0;1751357223361;1751357223365;true
1;1;478;87186;1751357223363;1751357223380;false
0;1;638;0;1751357223395;1751357223397;true
0;2;638;0;1751357223395;1751357223397;true
0;0;638;0;1751357223395;1751357223399;true
1;1;479;87268;1751357223398;1751357223412;false
0;2;639;0;1751357223427;1751357223429;true
0;0;639;0;1751357223427;1751357223432;true
0;1;639;0;1751357223427;1751357223432;true
1;1;480;87590;1751357223428;1751357223444;false
0;2;640;0;1751357223458;1751357223460;true
0;1;640;0;1751357223458;1751357223462;true
0;0;640;0;1751357223458;1751357223462;true
1;1;481;87877;1751357223464;1751357223466;false
0;2;641;0;1751357223494;1751357223496;true
0;1;641;0;1751357223494;1751357223498;true
0;0;641;0;1751357223494;1751357223498;true
1;2;482;56570;1751357223498;1751357223499;false
1;1;482;88524;1751357223498;1751357223499;false
0;2;642;0;1751357223533;1751357223535;true
0;1;642;0;1751357223533;1751357223538;true
1;2;483;55873;1751357223538;1751357223539;false
0;0;642;0;1751357223533;1751357223539;true
1;1;483;87474;1751357223538;1751357223539;false
0;0;643;0;1751357223563;1751357223567;true
0;2;643;0;1751357223563;1751357223567;true
0;1;643;0;1751357223563;1751357223568;true
1;2;484;55920;1751357223568;1751357223569;false
1;1;484;87375;1751357223568;1751357223569;false
0;2;644;0;1751357223595;1751357223598;true
0;1;644;0;1751357223595;1751357223599;true
1;2;485;56564;1751357223598;1751357223600;false
1;1;485;88348;1751357223598;1751357223600;false
0;0;644;0;1751357223595;1751357223600;true
0;2;645;0;1751357223628;1751357223630;true
0;1;645;0;1751357223628;1751357223631;true
0;0;645;0;1751357223628;1751357223631;true
1;2;486;55800;1751357223634;1751357223634;false
1;1;486;87828;1751357223634;1751357223635;false
0;1;646;0;1751357223660;1751357223662;true
0;2;646;0;1751357223660;1751357223663;true
0;0;646;0;1751357223660;1751357223664;true
1;2;487;56351;1751357223663;1751357223664;false
1;1;487;88058;1751357223663;1751357223666;false
0;2;647;0;1751357223694;1751357223696;true
0;1;647;0;1751357223694;1751357223698;true
0;0;647;0;1751357223694;1751357223699;true
1;1;488;88532;1751357223698;1751357223700;false
1;2;488;56352;1751357223698;1751357223700;false
0;1;648;0;1751357223726;1751357223729;true
0;2;648;0;1751357223726;1751357223730;true
0;0;648;0;1751357223726;1751357223731;true
1;2;489;56154;1751357223728;1751357223743;false
1;1;489;88227;1751357223728;1751357223758;false
0;1;649;0;1751357223758;1751357223760;true
0;2;649;0;1751357223758;1751357223760;true
0;0;649;0;1751357223758;1751357223762;true
1;2;490;55990;1751357223758;1751357223774;false
1;1;490;88389;1751357223758;1751357223790;false
0;2;650;0;1751357223789;1751357223791;true
0;1;650;0;1751357223789;1751357223791;true
0;0;650;0;1751357223789;1751357223794;true
1;2;491;56490;1751357223793;1751357223811;false
1;1;491;88700;1751357223793;1751357223827;false
0;2;651;0;1751357223827;1751357223830;true
0;1;651;0;1751357223827;1751357223830;true
0;0;651;0;1751357223827;1751357223830;true
1;1;492;88266;1751357223842;1751357223861;false
1;2;492;55909;1751357223827;1751357223861;false
0;2;652;0;1751357223861;1751357223863;true
0;0;652;0;1751357223861;1751357223865;true
0;1;652;0;1751357223861;1751357223865;true
1;2;493;56285;1751357223861;1751357223877;false
1;1;493;87964;1751357223861;1751357223893;false
0;1;653;0;1751357223893;1751357223897;true
0;2;653;0;1751357223893;1751357223897;true
0;0;653;0;1751357223893;1751357223897;true
1;2;494;55935;1751357223894;1751357223910;false
1;1;494;87784;1751357223898;1751357223926;false
1;2;495;56122;1751357223925;1751357223926;false
0;2;654;0;1751357223925;1751357223928;true
0;1;654;0;1751357223925;1751357223929;true
0;0;654;0;1751357223925;1751357223929;true
1;1;495;87881;1751357223926;1751357223942;false
1;2;496;55814;1751357223958;1751357223960;false
0;1;655;0;1751357223957;1751357223964;true
0;2;655;0;1751357223957;1751357223964;true
0;0;655;0;1751357223957;1751357223964;true
1;1;496;87919;1751357223958;1751357223964;false
0;1;656;0;1751357223988;1751357223991;true
0;2;656;0;1751357223988;1751357223992;true
0;0;656;0;1751357223988;1751357223992;true
1;2;497;56292;1751357223993;1751357223994;false
1;1;497;87852;1751357223993;1751357223994;false
0;2;657;0;1751357224026;1751357224027;true
1;2;498;55994;1751357224028;1751357224029;false
0;1;657;0;1751357224026;1751357224030;true
1;1;498;88120;1751357224028;1751357224030;false
0;0;657;0;1751357224026;1751357224031;true
0;1;658;0;1751357224058;1751357224060;true
0;2;658;0;1751357224058;1751357224061;true
0;0;658;0;1751357224058;1751357224062;true
1;2;499;56048;1751357224063;1751357224064;false
1;1;499;87961;1751357224063;1751357224064;false
0;1;659;0;1751357224090;1751357224093;true
1;2;500;55924;1751357224093;1751357224094;false
0;2;659;0;1751357224090;1751357224094;true
1;1;500;87759;1751357224093;1751357224095;false
0;0;659;0;1751357224090;1751357224096;true
0;2;660;0;1751357224126;1751357224129;true
0;1;660;0;1751357224126;1751357224129;true
0;0;660;0;1751357224126;1751357224131;true
1;2;501;56707;1751357224128;1751357224142;false
1;1;501;88492;1751357224128;1751357224143;false
0;2;661;0;1751357224158;1751357224161;true
0;1;661;0;1751357224158;1751357224161;true
0;0;661;0;1751357224158;1751357224162;true
1;1;502;88520;1751357224163;1751357224164;false
1;2;502;56417;1751357224163;1751357224164;false
0;2;662;0;1751357224191;1751357224194;true
0;0;662;0;1751357224192;1751357224197;true
0;1;662;0;1751357224192;1751357224197;true
1;2;503;56408;1751357224193;1751357224208;false
1;1;503;88692;1751357224193;1751357224222;false
0;2;663;0;1751357224222;1751357224224;true
0;1;663;0;1751357224222;1751357224225;true
0;0;663;0;1751357224222;1751357224226;true
1;2;504;56379;1751357224223;1751357224240;false
1;1;504;89068;1751357224228;1751357224256;false
0;2;664;0;1751357224256;1751357224259;true
0;1;664;0;1751357224256;1751357224259;true
0;0;664;0;1751357224256;1751357224260;true
1;2;505;56610;1751357224256;1751357224272;false
1;1;505;88546;1751357224259;1751357224288;false
0;1;665;0;1751357224288;1751357224291;true
0;2;665;0;1751357224288;1751357224291;true
0;0;665;0;1751357224288;1751357224291;true
1;2;506;56980;1751357224294;1751357224304;false
1;1;506;89249;1751357224294;1751357224321;false
0;2;666;0;1751357224320;1751357224322;true
1;2;507;56350;1751357224321;1751357224324;false
0;0;666;0;1751357224320;1751357224324;true
0;1;666;0;1751357224320;1751357224325;true
1;1;507;88341;1751357224321;1751357224337;false
0;2;667;0;1751357224357;1751357224358;true
0;1;667;0;1751357224357;1751357224360;true
0;0;667;0;1751357224357;1751357224361;true
1;2;508;55883;1751357224358;1751357224374;false
1;1;508;87244;1751357224373;1751357224390;false
0;2;668;0;1751357224390;1751357224393;true
0;1;668;0;1751357224390;1751357224395;true
0;0;668;0;1751357224390;1751357224395;true
1;1;509;87845;1751357224393;1751357224421;false
1;2;509;56002;1751357224393;1751357224421;false
0;2;669;0;1751357224421;1751357224421;true
0;1;669;0;1751357224421;1751357224424;true
0;0;669;0;1751357224421;1751357224426;true
1;2;510;55851;1751357224421;1751357224437;false
1;1;510;87410;1751357224421;1751357224438;false
0;2;670;0;1751357224452;1751357224454;true
0;1;670;0;1751357224452;1751357224456;true
0;0;670;0;1751357224452;1751357224458;true
1;2;511;54910;1751357224453;1751357224458;false
1;1;511;85851;1751357224458;1751357224469;false
0;1;671;0;1751357224484;1751357224486;true
0;2;671;0;1751357224484;1751357224486;true
0;0;671;0;1751357224484;1751357224489;true
1;2;512;54817;1751357224488;1751357224489;false
1;1;512;85552;1751357224488;1751357224490;false
0;2;672;0;1751357224524;1751357224526;true
0;1;672;0;1751357224524;1751357224527;true
0;0;672;0;1751357224524;1751357224528;true
1;2;513;54179;1751357224528;1751357224529;false
1;1;513;84611;1751357224528;1751357224530;false
0;2;673;0;1751357224545;1751357224546;true
0;1;673;0;1751357224545;1751357224547;true
0;0;673;0;1751357224545;1751357224548;true
1;2;514;53624;1751357224558;1751357224559;false
1;1;514;83381;1751357224558;1751357224572;false
0;2;674;0;1751357224587;1751357224588;true
0;1;674;0;1751357224587;1751357224589;true
0;0;674;0;1751357224587;1751357224591;true
1;2;515;53122;1751357224588;1751357224607;false
1;1;515;83613;1751357224588;1751357224623;false
0;2;675;0;1751357224623;1751357224624;true
0;1;675;0;1751357224623;1751357224628;true
0;0;675;0;1751357224623;1751357224629;true
1;2;516;52271;1751357224628;1751357224640;false
1;1;516;82053;1751357224628;1751357224648;false
0;2;676;0;1751357224647;1751357224650;true
0;1;676;0;1751357224647;1751357224650;true
0;0;676;0;1751357224647;1751357224651;true
1;2;517;52678;1751357224658;1751357224670;false
1;1;517;82494;1751357224658;1751357224671;false
1;1;518;82109;1751357224688;1751357224689;false
0;1;677;0;1751357224686;1751357224690;true
0;2;677;0;1751357224686;1751357224690;true
0;0;677;0;1751357224686;1751357224691;true
1;2;518;52787;1751357224688;1751357224702;false
1;2;519;51791;1751357224723;1751357224724;false
0;2;678;0;1751357224721;1751357224724;true
0;1;678;0;1751357224721;1751357224725;true
0;0;678;0;1751357224721;1751357224726;true
1;1;519;81445;1751357224723;1751357224738;false
0;2;679;0;1751357224750;1751357224754;true
1;2;520;51057;1751357224753;1751357224754;false
0;1;679;0;1751357224750;1751357224754;true
0;0;679;0;1751357224750;1751357224755;true
1;1;520;81072;1751357224753;1751357224770;false
0;2;680;0;1751357224786;1751357224788;true
1;2;521;51408;1751357224788;1751357224789;false
0;1;680;0;1751357224786;1751357224789;true
0;0;680;0;1751357224786;1751357224790;true
1;1;521;80449;1751357224788;1751357224801;false
1;1;522;80714;1751357224818;1751357224820;false
0;1;681;0;1751357224817;1751357224820;true
0;2;681;0;1751357224817;1751357224821;true
0;0;681;0;1751357224817;1751357224822;true
1;2;522;51706;1751357224818;1751357224823;false
0;2;682;0;1751357224849;1751357224852;true
0;1;682;0;1751357224849;1751357224853;true
0;0;682;0;1751357224849;1751357224853;true
1;1;523;80396;1751357224853;1751357224855;false
1;2;523;51169;1751357224853;1751357224855;false
0;2;683;0;1751357224886;1751357224887;true
0;1;683;0;1751357224886;1751357224889;true
1;2;524;50800;1751357224888;1751357224890;false
0;0;683;0;1751357224886;1751357224890;true
1;1;524;79795;1751357224888;1751357224901;false
0;2;684;0;1751357224920;1751357224922;true
0;1;684;0;1751357224920;1751357224923;true
1;2;525;50481;1751357224923;1751357224925;false
1;1;525;79482;1751357224923;1751357224925;false
0;0;684;0;1751357224920;1751357224925;true
0;2;685;0;1751357224953;1751357224954;true
0;1;685;0;1751357224953;1751357224956;true
0;0;685;0;1751357224953;1751357224957;true
1;2;526;51067;1751357224958;1751357224959;false
1;1;526;80013;1751357224958;1751357224960;false
0;2;686;0;1751357224984;1751357224987;true
0;1;686;0;1751357224984;1751357224987;true
0;0;686;0;1751357224984;1751357224989;true
1;2;527;50828;1751357224988;1751357224989;false
1;1;527;79585;1751357224988;1751357224989;false
1;2;528;50950;1751357225018;1751357225019;false
0;1;687;0;1751357225016;1751357225021;true
0;2;687;0;1751357225016;1751357225021;true
0;0;687;0;1751357225016;1751357225021;true
1;1;528;79419;1751357225018;1751357225033;false
0;2;688;0;1751357225047;1751357225049;true
0;0;688;0;1751357225047;1751357225051;true
0;1;688;0;1751357225047;1751357225052;true
1;2;529;50673;1751357225048;1751357225064;false
1;1;529;78861;1751357225048;1751357225070;false
0;2;689;0;1751357225086;1751357225088;true
0;0;689;0;1751357225086;1751357225091;true
0;1;689;0;1751357225086;1751357225092;true
1;2;530;50825;1751357225088;1751357225102;false
1;1;530;79652;1751357225088;1751357225102;false
0;2;690;0;1751357225117;1751357225118;true
0;1;690;0;1751357225117;1751357225120;true
0;0;690;0;1751357225117;1751357225122;true
1;2;531;50776;1751357225118;1751357225135;false
1;1;531;78838;1751357225118;1751357225150;false
0;2;691;0;1751357225150;1751357225153;true
0;0;691;0;1751357225150;1751357225153;true
0;1;691;0;1751357225150;1751357225155;true
1;2;532;50352;1751357225153;1751357225165;false
1;1;532;79181;1751357225165;1751357225181;false
0;2;692;0;1751357225181;1751357225184;true
0;1;692;0;1751357225181;1751357225184;true
0;0;692;0;1751357225181;1751357225185;true
1;2;533;50725;1751357225181;1751357225213;false
1;1;533;79757;1751357225182;1751357225213;false
0;2;693;0;1751357225213;1751357225214;true
0;1;693;0;1751357225213;1751357225216;true
0;0;693;0;1751357225213;1751357225217;true
1;1;534;80024;1751357225218;1751357225229;false
1;2;534;50698;1751357225218;1751357225236;false
0;2;694;0;1751357225236;1751357225237;true
0;1;694;0;1751357225236;1751357225239;true
0;0;694;0;1751357225236;1751357225239;true
1;2;535;50815;1751357225254;1751357225255;false
1;1;535;79357;1751357225254;1751357225267;false
0;2;695;0;1751357225284;1751357225286;true
0;1;695;0;1751357225284;1751357225288;true
1;1;536;79401;1751357225288;1751357225289;false
0;0;695;0;1751357225284;1751357225289;true
1;2;536;50731;1751357225288;1751357225289;false
0;2;696;0;1751357225316;1751357225319;true
1;2;537;50648;1751357225318;1751357225319;false
0;1;696;0;1751357225316;1751357225320;true
0;0;696;0;1751357225316;1751357225321;true
1;1;537;79066;1751357225318;1751357225333;false
0;2;697;0;1751357225347;1751357225350;true
0;1;697;0;1751357225347;1751357225351;true
0;0;697;0;1751357225347;1751357225352;true
1;1;538;79583;1751357225348;1751357225363;false
1;2;538;50856;1751357225348;1751357225363;false
0;1;698;0;1751357225379;1751357225381;true
0;2;698;0;1751357225379;1751357225382;true
0;0;698;0;1751357225379;1751357225382;true
1;2;539;50576;1751357225383;1751357225385;false
1;1;539;79019;1751357225383;1751357225385;false
0;2;699;0;1751357225411;1751357225412;true
0;1;699;0;1751357225411;1751357225414;true
0;0;699;0;1751357225411;1751357225415;true
1;1;540;78749;1751357225414;1751357225415;false
1;2;540;49787;1751357225414;1751357225415;false
0;2;700;0;1751357225434;1751357225435;true
0;1;700;0;1751357225434;1751357225437;true
0;0;700;0;1751357225434;1751357225438;true
1;2;541;50928;1751357225453;1751357225454;false
1;1;541;79115;1751357225453;1751357225455;false
0;2;701;0;1751357225467;1751357225470;true
0;1;701;0;1751357225467;1751357225471;true
0;0;701;0;1751357225467;1751357225473;true
1;2;542;50438;1751357225484;1751357225485;false
1;1;542;79037;1751357225484;1751357225486;false
0;2;702;0;1751357225500;1751357225503;true
0;0;702;0;1751357225500;1751357225504;true
0;1;702;0;1751357225500;1751357225505;true
1;2;543;50056;1751357225518;1751357225519;false
1;1;543;78880;1751357225518;1751357225519;false
0;2;703;0;1751357225533;1751357225535;true
0;1;703;0;1751357225533;1751357225536;true
0;0;703;0;1751357225533;1751357225537;true
1;2;544;50452;1751357225550;1751357225551;false
1;1;544;77792;1751357225550;1751357225552;false
1;2;545;49385;1751357225583;1751357225584;false
0;2;704;0;1751357225581;1751357225585;true
0;0;704;0;1751357225581;1751357225586;true
0;1;704;0;1751357225581;1751357225586;true
1;1;545;77169;1751357225583;1751357225596;false
0;2;705;0;1751357225611;1751357225612;true
1;2;546;49258;1751357225613;1751357225614;false
0;1;705;0;1751357225611;1751357225615;true
1;1;546;76888;1751357225613;1751357225615;false
0;0;705;0;1751357225611;1751357225616;true
0;2;706;0;1751357225632;1751357225635;true
0;1;706;0;1751357225632;1751357225635;true
0;0;706;0;1751357225632;1751357225636;true
1;2;547;49621;1751357225664;1751357225665;false
1;1;547;77141;1751357225664;1751357225665;false
0;2;707;0;1751357225665;1751357225666;true
0;0;707;0;1751357225665;1751357225669;true
0;1;707;0;1751357225665;1751357225669;true
1;2;548;50166;1751357225683;1751357225683;false
1;1;548;77677;1751357225683;1751357225684;false
0;2;708;0;1751357225710;1751357225714;true
1;2;549;49690;1751357225713;1751357225714;false
0;1;708;0;1751357225710;1751357225715;true
1;1;549;77291;1751357225713;1751357225715;false
0;0;708;0;1751357225710;1751357225715;true
0;2;709;0;1751357225743;1751357225746;true
0;1;709;0;1751357225743;1751357225746;true
0;0;709;0;1751357225743;1751357225747;true
1;2;550;49209;1751357225743;1751357225758;false
1;1;550;77412;1751357225743;1751357225766;false
0;2;710;0;1751357225766;1751357225767;true
0;1;710;0;1751357225766;1751357225769;true
0;0;710;0;1751357225766;1751357225769;true
1;1;551;77774;1751357225783;1751357225784;false
1;2;551;49731;1751357225783;1751357225797;false
0;1;711;0;1751357225797;1751357225800;true
0;2;711;0;1751357225797;1751357225801;true
0;0;711;0;1751357225797;1751357225801;true
1;2;552;49581;1751357225818;1751357225819;false
1;1;552;76846;1751357225818;1751357225819;false
0;2;712;0;1751357225830;1751357225832;true
0;1;712;0;1751357225830;1751357225833;true
0;0;712;0;1751357225830;1751357225834;true
1;2;553;49567;1751357225848;1751357225863;false
1;1;553;77241;1751357225848;1751357225863;false
0;2;713;0;1751357225863;1751357225865;true
0;1;713;0;1751357225863;1751357225865;true
0;0;713;0;1751357225863;1751357225866;true
1;2;554;49721;1751357225883;1751357225884;false
1;1;554;77665;1751357225883;1751357225884;false
0;2;714;0;1751357225909;1751357225912;true
0;1;714;0;1751357225909;1751357225913;true
1;2;555;50039;1751357225913;1751357225914;false
0;0;714;0;1751357225909;1751357225915;true
1;1;555;77185;1751357225913;1751357225915;false
0;1;715;0;1751357225931;1751357225934;true
0;2;715;0;1751357225931;1751357225934;true
0;0;715;0;1751357225931;1751357225935;true
1;2;556;50133;1751357225948;1751357225963;false
0;2;716;0;1751357225962;1751357225964;true
1;1;556;78184;1751357225948;1751357225964;false
0;1;716;0;1751357225962;1751357225965;true
0;0;716;0;1751357225962;1751357225965;true
1;2;557;49838;1751357225983;1751357225984;false
1;1;557;78578;1751357225983;1751357225996;false
0;2;717;0;1751357225995;1751357225998;true
0;1;717;0;1751357225995;1751357225998;true
0;0;717;0;1751357225995;1751357225998;true
1;2;558;49837;1751357226011;1751357226028;false
1;1;558;78302;1751357226012;1751357226029;false
0;2;718;0;1751357226028;1751357226029;true
0;1;718;0;1751357226028;1751357226030;true
0;0;718;0;1751357226028;1751357226031;true
1;2;559;50068;1751357226043;1751357226059;false
1;1;559;79461;1751357226043;1751357226059;false
0;2;719;0;1751357226075;1751357226076;true
0;1;719;0;1751357226075;1751357226078;true
1;2;560;50492;1751357226078;1751357226079;false
0;0;719;0;1751357226075;1751357226079;true
1;1;560;78627;1751357226078;1751357226079;false
0;2;720;0;1751357226105;1751357226109;true
1;1;561;79124;1751357226108;1751357226109;false
0;1;720;0;1751357226106;1751357226109;true
0;0;720;0;1751357226105;1751357226110;true
1;2;561;50514;1751357226108;1751357226114;false
0;2;721;0;1751357226129;1751357226131;true
0;1;721;0;1751357226129;1751357226132;true
0;0;721;0;1751357226129;1751357226133;true
1;2;562;50588;1751357226148;1751357226149;false
1;1;562;79589;1751357226148;1751357226149;false
0;1;722;0;1751357226163;1751357226165;true
0;2;722;0;1751357226163;1751357226165;true
0;0;722;0;1751357226163;1751357226166;true
1;2;563;50526;1751357226194;1751357226196;false
1;1;563;79179;1751357226194;1751357226196;false
0;2;723;0;1751357226194;1751357226197;true
0;1;723;0;1751357226194;1751357226198;true
0;0;723;0;1751357226194;1751357226198;true
1;2;564;49712;1751357226213;1751357226214;false
1;1;564;78206;1751357226213;1751357226226;false
0;2;724;0;1751357226226;1751357226227;true
0;1;724;0;1751357226226;1751357226229;true
0;0;724;0;1751357226226;1751357226230;true
1;2;565;50709;1751357226243;1751357226244;false
1;1;565;78770;1751357226243;1751357226258;false
0;1;725;0;1751357226272;1751357226277;true
0;2;725;0;1751357226272;1751357226277;true
0;0;725;0;1751357226272;1751357226277;true
1;2;566;50329;1751357226273;1751357226288;false
1;1;566;79072;1751357226273;1751357226289;false
0;1;726;0;1751357226296;1751357226298;true
0;2;726;0;1751357226296;1751357226299;true
0;0;726;0;1751357226296;1751357226300;true
1;2;567;49817;1751357226303;1751357226304;false
1;1;567;78284;1751357226303;1751357226311;false
0;2;727;0;1751357226327;1751357226329;true
0;1;727;0;1751357226327;1751357226329;true
0;0;727;0;1751357226327;1751357226330;true
1;2;568;50198;1751357226348;1751357226349;false
1;1;568;79439;1751357226348;1751357226349;false
0;1;728;0;1751357226360;1751357226364;true
0;2;728;0;1751357226360;1751357226364;true
0;0;728;0;1751357226360;1751357226364;true
1;2;569;49749;1751357226378;1751357226393;false
1;1;569;78492;1751357226378;1751357226393;false
0;2;729;0;1751357226392;1751357226394;true
0;1;729;0;1751357226392;1751357226394;true
0;0;729;0;1751357226392;1751357226395;true
1;2;570;49989;1751357226424;1751357226425;false
1;1;570;73550;1751357226424;1751357226426;false
0;2;730;0;1751357226424;1751357226426;true
0;1;730;0;1751357226424;1751357226427;true
0;0;730;0;1751357226424;1751357226428;true
1;2;571;50664;1751357226454;1751357226456;false
1;1;571;78904;1751357226454;1751357226456;false
0;2;731;0;1751357226461;1751357226463;true
0;1;731;0;1751357226461;1751357226464;true
0;0;731;0;1751357226461;1751357226465;true
0;2;732;0;1751357226492;1751357226494;true
0;1;732;0;1751357226492;1751357226495;true
0;0;732;0;1751357226492;1751357226496;true
1;0;573;169283;1751357226503;1751357226537;false
0;2;733;0;1751357226536;1751357226539;true
0;1;733;0;1751357226536;1751357226539;true
0;0;733;0;1751357226536;1751357226540;true
1;0;574;168072;1751357226537;1751357226562;false
0;2;734;0;1751357226560;1751357226562;true
0;1;734;0;1751357226560;1751357226564;true
0;0;734;0;1751357226560;1751357226565;true
1;0;575;168713;1751357226563;1751357226594;false
0;1;735;0;1751357226594;1751357226596;true
0;2;735;0;1751357226594;1751357226596;true
0;0;735;0;1751357226594;1751357226598;true
0;2;736;0;1751357226625;1751357226626;true
1;0;576;168558;1751357226598;1751357226627;false
0;1;736;0;1751357226625;1751357226628;true
0;0;736;0;1751357226625;1751357226629;true
0;2;737;0;1751357226659;1751357226662;true
0;1;737;0;1751357226659;1751357226662;true
1;0;577;167602;1751357226643;1751357226663;false
0;0;737;0;1751357226659;1751357226663;true
1;0;578;166812;1751357226663;1751357226694;false
0;2;738;0;1751357226692;1751357226699;true
0;1;738;0;1751357226692;1751357226699;true
0;0;738;0;1751357226692;1751357226699;true
1;0;579;166828;1751357226699;1751357226725;false
0;2;739;0;1751357226724;1751357226726;true
0;1;739;0;1751357226724;1751357226727;true
0;0;739;0;1751357226724;1751357226728;true
1;0;580;167205;1751357226728;1751357226756;false
0;2;740;0;1751357226755;1751357226757;true
0;0;740;0;1751357226755;1751357226760;true
0;1;740;0;1751357226755;1751357226760;true
1;0;581;167328;1751357226773;1751357226782;false
0;1;741;0;1751357226787;1751357226788;true
0;2;741;0;1751357226787;1751357226789;true
0;0;741;0;1751357226787;1751357226790;true
1;0;582;167622;1751357226818;1751357226820;false
0;2;742;0;1751357226820;1751357226821;true
0;1;742;0;1751357226820;1751357226824;true
0;0;742;0;1751357226820;1751357226824;true
1;0;583;166660;1751357226849;1751357226851;false
0;2;743;0;1751357226857;1751357226860;true
0;1;743;0;1751357226857;1751357226860;true
0;0;743;0;1751357226857;1751357226861;true
0;2;744;0;1751357226888;1751357226891;true
1;0;584;168105;1751357226888;1751357226892;false
0;1;744;0;1751357226888;1751357226892;true
0;0;744;0;1751357226888;1751357226893;true
1;0;585;167065;1751357226893;1751357226921;false
0;2;745;0;1751357226920;1751357226922;true
0;1;745;0;1751357226920;1751357226923;true
0;0;745;0;1751357226920;1751357226924;true
0;2;746;0;1751357226952;1751357226953;true
0;1;746;0;1751357226952;1751357226954;true
0;0;746;0;1751357226952;1751357226955;true
1;0;586;166397;1751357226938;1751357226968;false
1;0;587;166105;1751357226968;1751357227000;false
0;1;747;0;1751357226999;1751357227002;true
0;2;747;0;1751357226998;1751357227002;true
0;0;747;0;1751357226998;1751357227003;true
1;0;588;165660;1751357227003;1751357227025;false
0;1;748;0;1751357227023;1751357227026;true
0;2;748;0;1751357227023;1751357227026;true
0;0;748;0;1751357227023;1751357227027;true
1;0;589;165822;1751357227029;1751357227056;false
0;2;749;0;1751357227055;1751357227058;true
0;1;749;0;1751357227055;1751357227059;true
0;0;749;0;1751357227055;1751357227060;true
1;0;590;166182;1751357227058;1751357227087;false
0;2;750;0;1751357227087;1751357227089;true
0;1;750;0;1751357227087;1751357227089;true
0;0;750;0;1751357227087;1751357227090;true
0;2;751;0;1751357227118;1751357227120;true
0;1;751;0;1751357227118;1751357227121;true
0;0;751;0;1751357227118;1751357227121;true
1;0;591;166393;1751357227103;1751357227134;false
0;2;752;0;1751357227150;1751357227151;true
0;1;752;0;1751357227150;1751357227153;true
0;0;752;0;1751357227150;1751357227154;true
1;0;592;165313;1751357227149;1751357227158;false
1;0;593;166963;1751357227158;1751357227188;false
0;2;753;0;1751357227188;1751357227190;true
0;1;753;0;1751357227188;1751357227190;true
0;0;753;0;1751357227188;1751357227191;true
1;0;594;166442;1751357227208;1751357227210;false
0;2;754;0;1751357227222;1751357227223;true
0;1;754;0;1751357227222;1751357227224;true
0;0;754;0;1751357227222;1751357227225;true
0;2;755;0;1751357227253;1751357227255;true
0;1;755;0;1751357227253;1751357227256;true
0;0;755;0;1751357227253;1751357227258;true
1;0;595;168019;1751357227238;1751357227268;false
1;0;596;167316;1751357227268;1751357227286;false
0;2;756;0;1751357227284;1751357227286;true
0;1;756;0;1751357227284;1751357227288;true
0;0;756;0;1751357227284;1751357227289;true
1;0;597;167021;1751357227300;1751357227316;false
0;2;757;0;1751357227316;1751357227318;true
0;1;757;0;1751357227316;1751357227320;true
0;0;757;0;1751357227316;1751357227320;true
0;2;758;0;1751357227348;1751357227350;true
0;1;758;0;1751357227348;1751357227351;true
0;0;758;0;1751357227348;1751357227351;true
1;0;598;166050;1751357227333;1751357227356;false
1;0;599;166752;1751357227358;1751357227387;false
0;1;759;0;1751357227387;1751357227389;true
0;2;759;0;1751357227387;1751357227389;true
0;0;759;0;1751357227387;1751357227390;true
1;0;600;166395;1751357227393;1751357227420;false
0;1;760;0;1751357227418;1751357227421;true
0;2;760;0;1751357227418;1751357227421;true
0;0;760;0;1751357227418;1751357227422;true
1;0;601;164295;1751357227423;1751357227441;false
0;2;761;0;1751357227455;1751357227458;true
0;1;761;0;1751357227456;1751357227460;true
0;0;761;0;1751357227455;1751357227460;true
1;0;602;164480;1751357227458;1751357227471;false
0;2;762;0;1751357227487;1751357227489;true
0;1;762;0;1751357227487;1751357227490;true
0;0;762;0;1751357227487;1751357227491;true
1;0;603;163802;1751357227488;1751357227518;false
0;2;763;0;1751357227517;1751357227520;true
0;1;763;0;1751357227517;1751357227520;true
0;0;763;0;1751357227517;1751357227521;true
1;0;604;165637;1751357227538;1751357227540;false
0;2;764;0;1751357227554;1751357227556;true
0;1;764;0;1751357227554;1751357227558;true
0;0;764;0;1751357227554;1751357227558;true
1;0;605;164587;1751357227558;1751357227560;false
0;2;765;0;1751357227586;1751357227589;true
0;0;765;0;1751357227586;1751357227590;true
0;1;765;0;1751357227586;1751357227590;true
1;0;606;153157;1751357227588;1751357227604;false
0;2;766;0;1751357227618;1751357227620;true
0;1;766;0;1751357227618;1751357227621;true
0;0;766;0;1751357227618;1751357227623;true
1;0;607;164885;1751357227623;1751357227625;false
0;2;767;0;1751357227653;1751357227655;true
0;1;767;0;1751357227653;1751357227656;true
0;0;767;0;1751357227653;1751357227657;true
1;0;608;163535;1751357227658;1751357227659;false
0;2;768;0;1751357227684;1751357227688;true
0;0;768;0;1751357227684;1751357227689;true
0;1;768;0;1751357227684;1751357227690;true
1;0;609;164445;1751357227688;1751357227690;false
0;1;769;0;1751357227715;1751357227718;true
0;2;769;0;1751357227715;1751357227719;true
0;0;769;0;1751357227715;1751357227720;true
1;0;610;164273;1751357227718;1751357227733;false
0;1;770;0;1751357227751;1751357227755;true
0;2;770;0;1751357227751;1751357227756;true
0;0;770;0;1751357227751;1751357227756;true
1;0;611;163933;1751357227753;1751357227783;false
0;2;771;0;1751357227782;1751357227784;true
0;1;771;0;1751357227782;1751357227786;true
0;0;771;0;1751357227782;1751357227788;true
1;0;612;164175;1751357227798;1751357227815;false
0;2;772;0;1751357227814;1751357227817;true
0;1;772;0;1751357227814;1751357227818;true
0;0;772;0;1751357227814;1751357227818;true
1;0;613;163891;1751357227818;1751357227846;false
0;1;773;0;1751357227845;1751357227848;true
0;2;773;0;1751357227845;1751357227848;true
0;0;773;0;1751357227845;1751357227849;true
1;0;614;164383;1751357227863;1751357227886;false
0;2;774;0;1751357227884;1751357227887;true
0;1;774;0;1751357227884;1751357227887;true
0;0;774;0;1751357227884;1751357227889;true
1;0;615;164439;1751357227886;1751357227916;false
0;2;775;0;1751357227915;1751357227918;true
0;1;775;0;1751357227915;1751357227919;true
0;0;775;0;1751357227915;1751357227920;true
1;0;616;166040;1751357227916;1751357227948;false
0;2;776;0;1751357227948;1751357227951;true
0;1;776;0;1751357227948;1751357227953;true
0;0;776;0;1751357227948;1751357227953;true
1;0;617;165471;1751357227953;1751357227980;false
0;2;777;0;1751357227980;1751357227981;true
0;1;777;0;1751357227980;1751357227984;true
0;0;777;0;1751357227980;1751357227984;true
1;0;618;164629;1751357227983;1751357228012;false
0;2;778;0;1751357228011;1751357228013;true
0;1;778;0;1751357228011;1751357228014;true
0;0;778;0;1751357228011;1751357228014;true
0;2;779;0;1751357228042;1751357228044;true
0;1;779;0;1751357228042;1751357228048;true
0;0;779;0;1751357228042;1751357228048;true
1;0;619;163888;1751357228028;1751357228048;false
1;0;620;164450;1751357228053;1751357228068;false
0;2;780;0;1751357228083;1751357228086;true
0;0;780;0;1751357228083;1751357228088;true
0;1;780;0;1751357228083;1751357228088;true
1;0;621;165409;1751357228088;1751357228090;false
0;2;781;0;1751357228115;1751357228116;true
0;1;781;0;1751357228115;1751357228119;true
0;0;781;0;1751357228115;1751357228120;true
1;0;622;163727;1751357228118;1751357228131;false
0;2;782;0;1751357228147;1751357228149;true
0;1;782;0;1751357228147;1751357228150;true
0;0;782;0;1751357228147;1751357228151;true
1;0;623;162859;1751357228162;1751357228165;false
0;2;783;0;1751357228178;1751357228180;true
0;1;783;0;1751357228178;1751357228180;true
0;0;783;0;1751357228178;1751357228181;true
1;0;624;163175;1751357228208;1751357228211;false
0;2;784;0;1751357228208;1751357228211;true
0;1;784;0;1751357228208;1751357228213;true
0;0;784;0;1751357228208;1751357228213;true
1;0;625;163927;1751357228213;1751357228234;false
0;2;785;0;1751357228248;1751357228251;true
0;1;785;0;1751357228248;1751357228251;true
0;0;785;0;1751357228248;1751357228253;true
1;0;626;163256;1751357228253;1751357228255;false
0;2;786;0;1751357228281;1751357228283;true
0;1;786;0;1751357228281;1751357228286;true
0;0;786;0;1751357228281;1751357228286;true
1;0;627;163910;1751357228283;1751357228299;false
0;2;787;0;1751357228312;1751357228315;true
0;1;787;0;1751357228312;1751357228317;true
0;0;787;0;1751357228312;1751357228318;true
1;0;628;164520;1751357228318;1751357228320;false
0;2;788;0;1751357228344;1751357228346;true
0;1;788;0;1751357228344;1751357228349;true
0;0;788;0;1751357228344;1751357228349;true
1;0;629;164925;1751357228348;1751357228351;false
0;2;789;0;1751357228376;1751357228379;true
0;1;789;0;1751357228376;1751357228380;true
0;0;789;0;1751357228376;1751357228381;true
1;0;630;166480;1751357228378;1751357228399;false
0;2;790;0;1751357228414;1751357228416;true
0;1;790;0;1751357228414;1751357228417;true
0;0;790;0;1751357228414;1751357228418;true
1;0;631;154595;1751357228418;1751357228420;false
0;2;791;0;1751357228447;1751357228449;true
0;1;791;0;1751357228447;1751357228451;true
0;0;791;0;1751357228447;1751357228451;true
1;0;632;166386;1751357228448;1751357228463;false
0;2;792;0;1751357228478;1751357228481;true
0;1;792;0;1751357228479;1751357228483;true
0;0;792;0;1751357228478;1751357228484;true
1;0;633;166588;1751357228483;1751357228485;false
0;2;793;0;1751357228515;1751357228517;true
0;1;793;0;1751357228515;1751357228519;true
0;0;793;0;1751357228515;1751357228520;true
1;0;634;166409;1751357228518;1751357228521;false
0;0;794;0;1751357228547;1751357228550;true
0;2;794;0;1751357228547;1751357228552;true
0;1;794;0;1751357228547;1751357228552;true
1;0;635;167739;1751357228555;1751357228556;false
0;2;795;0;1751357228579;1751357228582;true
0;1;795;0;1751357228579;1751357228583;true
0;0;795;0;1751357228579;1751357228584;true
1;0;636;166232;1751357228583;1751357228585;false
0;2;796;0;1751357228613;1751357228616;true
0;1;796;0;1751357228613;1751357228617;true
0;0;796;0;1751357228613;1751357228619;true
1;0;637;165855;1751357228618;1751357228620;false
0;2;797;0;1751357228641;1751357228643;true
0;1;797;0;1751357228641;1751357228646;true
0;0;797;0;1751357228641;1751357228646;true
1;0;638;165073;1751357228643;1751357228663;false
0;2;798;0;1751357228675;1751357228676;true
0;1;798;0;1751357228675;1751357228679;true
0;0;798;0;1751357228675;1751357228680;true
1;0;639;165416;1751357228678;1751357228692;false
0;2;799;0;1751357228707;1751357228710;true
0;0;799;0;1751357228707;1751357228712;true
0;1;799;0;1751357228707;1751357228712;true
1;0;640;163568;1751357228708;1751357228730;false
0;2;800;0;1751357228746;1751357228747;true
0;1;800;0;1751357228746;1751357228749;true
0;0;800;0;1751357228746;1751357228750;true
1;0;641;163656;1751357228748;1751357228763;false
0;2;801;0;1751357228776;1751357228779;true
0;1;801;0;1751357228776;1751357228780;true
0;0;801;0;1751357228776;1751357228781;true
1;0;642;163105;1751357228778;1751357228814;false
0;2;802;0;1751357228813;1751357228814;true
0;1;802;0;1751357228813;1751357228816;true
0;0;802;0;1751357228813;1751357228817;true
1;0;643;163848;1751357228818;1751357228845;false
0;2;803;0;1751357228845;1751357228848;true
0;0;803;0;1751357228845;1751357228850;true
0;1;803;0;1751357228845;1751357228850;true
1;0;644;164719;1751357228848;1751357228876;false
0;2;804;0;1751357228876;1751357228879;true
0;1;804;0;1751357228876;1751357228880;true
0;0;804;0;1751357228876;1751357228880;true
1;0;645;152842;1751357228876;1751357228891;false
0;2;805;0;1751357228911;1751357228913;true
0;1;805;0;1751357228911;1751357228914;true
0;0;805;0;1751357228911;1751357228915;true
1;0;646;164383;1751357228913;1751357228929;false
0;2;806;0;1751357228944;1751357228947;true
0;1;806;0;1751357228944;1751357228948;true
0;0;806;0;1751357228944;1751357228949;true
1;0;647;163419;1751357228948;1751357228950;false
0;2;807;0;1751357228977;1751357228979;true
0;1;807;0;1751357228977;1751357228981;true
0;0;807;0;1751357228977;1751357228981;true
1;0;648;164146;1751357228978;1751357229007;false
0;2;808;0;1751357229007;1751357229008;true
0;0;808;0;1751357229007;1751357229012;true
0;1;808;0;1751357229007;1751357229012;true
1;0;649;164815;1751357229013;1751357229039;false
0;2;809;0;1751357229039;1751357229042;true
0;1;809;0;1751357229039;1751357229043;true
0;0;809;0;1751357229039;1751357229044;true
1;0;650;165174;1751357229039;1751357229057;false
0;2;810;0;1751357229071;1751357229075;true
0;0;810;0;1751357229071;1751357229075;true
0;1;810;0;1751357229071;1751357229076;true
1;0;651;164555;1751357229073;1751357229088;false
0;2;811;0;1751357229102;1751357229103;true
0;1;811;0;1751357229102;1751357229105;true
0;0;811;0;1751357229102;1751357229106;true
1;0;652;164183;1751357229113;1751357229128;false
0;2;812;0;1751357229142;1751357229144;true
0;0;812;0;1751357229142;1751357229148;true
0;1;812;0;1751357229142;1751357229148;true
1;0;653;165958;1751357229143;1751357229174;false
0;2;813;0;1751357229174;1751357229176;true
0;1;813;0;1751357229174;1751357229178;true
0;0;813;0;1751357229174;1751357229179;true
1;0;654;166738;1751357229178;1751357229207;false
0;2;814;0;1751357229206;1751357229208;true
0;1;814;0;1751357229206;1751357229211;true
0;0;814;0;1751357229206;1751357229211;true
1;0;655;165259;1751357229208;1751357229238;false
0;2;815;0;1751357229238;1751357229239;true
0;1;815;0;1751357229238;1751357229240;true
0;0;815;0;1751357229238;1751357229241;true
1;0;656;165376;1751357229248;1751357229260;false
0;2;816;0;1751357229275;1751357229279;true
0;1;816;0;1751357229275;1751357229279;true
0;0;816;0;1751357229275;1751357229280;true
1;0;657;165691;1751357229278;1751357229293;false
0;2;817;0;1751357229306;1751357229307;true
0;1;817;0;1751357229306;1751357229310;true
0;0;817;0;1751357229306;1751357229311;true
1;0;658;165381;1751357229308;1751357229327;false
0;2;818;0;1751357229339;1751357229341;true
0;1;818;0;1751357229339;1751357229344;true
0;0;818;0;1751357229339;1751357229344;true
1;0;659;164417;1751357229343;1751357229356;false
0;2;819;0;1751357229371;1751357229372;true
0;1;819;0;1751357229371;1751357229374;true
0;0;819;0;1751357229371;1751357229375;true
1;0;660;164880;1751357229373;1751357229388;false
0;2;820;0;1751357229402;1751357229406;true
0;1;820;0;1751357229402;1751357229407;true
0;0;820;0;1751357229402;1751357229408;true
1;0;661;165228;1751357229403;1751357229434;false
0;2;821;0;1751357229433;1751357229436;true
0;1;821;0;1751357229433;1751357229436;true
0;0;821;0;1751357229433;1751357229437;true
1;0;662;165161;1751357229434;1751357229459;false
0;2;822;0;1751357229460;1751357229462;true
0;1;822;0;1751357229460;1751357229463;true
0;0;822;0;1751357229460;1751357229464;true
1;0;663;165748;1751357229478;1751357229481;false
0;2;823;0;1751357229508;1751357229511;true
0;1;823;0;1751357229508;1751357229513;true
0;0;823;0;1751357229508;1751357229513;true
1;2;664;49777;1751357229513;1751357229515;false
1;0;664;166074;1751357229513;1751357229516;false
0;2;824;0;1751357229531;1751357229533;true
0;1;824;0;1751357229531;1751357229534;true
0;0;824;0;1751357229531;1751357229535;true
1;2;665;49846;1751357229533;1751357229547;false
1;0;665;165434;1751357229533;1751357229562;false
0;2;825;0;1751357229562;1751357229563;true
0;1;825;0;1751357229562;1751357229564;true
0;0;825;0;1751357229562;1751357229565;true
1;2;666;50136;1751357229578;1751357229595;false
0;2;826;0;1751357229593;1751357229595;true
0;0;826;0;1751357229593;1751357229598;true
1;0;666;166773;1751357229578;1751357229599;false
0;1;826;0;1751357229593;1751357229599;true
1;2;667;50015;1751357229598;1751357229624;false
1;0;667;166160;1751357229599;1751357229626;false
0;1;827;0;1751357229625;1751357229628;true
0;2;827;0;1751357229625;1751357229628;true
0;0;827;0;1751357229625;1751357229629;true
1;2;668;49999;1751357229643;1751357229643;false
1;0;668;154871;1751357229643;1751357229656;false
0;2;828;0;1751357229672;1751357229674;true
0;1;828;0;1751357229672;1751357229675;true
0;0;828;0;1751357229672;1751357229677;true
1;2;669;49892;1751357229673;1751357229689;false
1;0;669;166750;1751357229678;1751357229705;false
0;2;829;0;1751357229704;1751357229706;true
1;2;670;49523;1751357229705;1751357229706;false
0;1;829;0;1751357229704;1751357229707;true
0;0;829;0;1751357229704;1751357229709;true
1;0;670;165992;1751357229705;1751357229721;false
0;1;830;0;1751357229735;1751357229738;true
0;2;830;0;1751357229735;1751357229739;true
1;2;671;49252;1751357229738;1751357229739;false
0;0;830;0;1751357229735;1751357229740;true
1;0;671;166097;1751357229738;1751357229752;false
0;2;831;0;1751357229767;1751357229770;true
0;1;831;0;1751357229767;1751357229771;true
0;0;831;0;1751357229767;1751357229772;true
1;2;672;49729;1751357229768;1751357229783;false
1;0;672;166073;1751357229768;1751357229790;false
0;1;832;0;1751357229790;1751357229792;true
0;0;832;0;1751357229790;1751357229795;true
0;2;832;0;1751357229790;1751357229795;true
1;0;673;166213;1751357229809;1751357229821;false
1;2;673;49685;1751357229809;1751357229821;false
0;2;833;0;1751357229823;1751357229824;true
0;1;833;0;1751357229823;1751357229826;true
0;0;833;0;1751357229823;1751357229826;true
1;2;674;49774;1751357229843;1751357229844;false
1;0;674;165419;1751357229843;1751357229845;false
0;2;834;0;1751357229870;1751357229873;true
0;1;834;0;1751357229870;1751357229873;true
1;2;675;49656;1751357229873;1751357229875;false
0;0;834;0;1751357229870;1751357229875;true
1;0;675;166384;1751357229873;1751357229876;false
0;2;835;0;1751357229902;1751357229904;true
1;2;676;49486;1751357229903;1751357229904;false
0;1;835;0;1751357229902;1751357229906;true
0;0;835;0;1751357229902;1751357229907;true
1;0;676;165368;1751357229903;1751357229920;false
0;2;836;0;1751357229934;1751357229936;true
0;1;836;0;1751357229934;1751357229937;true
0;0;836;0;1751357229934;1751357229938;true
1;2;677;49156;1751357229938;1751357229939;false
1;0;677;164382;1751357229938;1751357229949;false
0;2;837;0;1751357229955;1751357229959;true
0;1;837;0;1751357229955;1751357229959;true
0;0;837;0;1751357229955;1751357229959;true
1;2;678;49061;1751357229973;1751357229974;false
1;0;678;164735;1751357229973;1751357229988;false
0;2;838;0;1751357229988;1751357229989;true
0;1;838;0;1751357229988;1751357229990;true
0;0;838;0;1751357229988;1751357229991;true
1;2;679;48991;1751357230020;1751357230021;false
0;2;839;0;1751357230021;1751357230022;true
1;0;679;163643;1751357230020;1751357230023;false
0;1;839;0;1751357230021;1751357230025;true
0;0;839;0;1751357230021;1751357230025;true
1;2;680;48610;1751357230038;1751357230039;false
1;0;680;162505;1751357230038;1751357230053;false
1;2;681;49274;1751357230068;1751357230069;false
0;2;840;0;1751357230067;1751357230070;true
0;1;840;0;1751357230067;1751357230070;true
0;0;840;0;1751357230067;1751357230072;true
1;0;681;164434;1751357230068;1751357230084;false
0;1;841;0;1751357230098;1751357230102;true
0;2;841;0;1751357230098;1751357230102;true
0;0;841;0;1751357230098;1751357230103;true
1;2;682;48981;1751357230103;1751357230104;false
1;0;682;163415;1751357230103;1751357230114;false
0;2;842;0;1751357230130;1751357230133;true
0;1;842;0;1751357230130;1751357230133;true
1;2;683;49225;1751357230133;1751357230134;false
0;0;842;0;1751357230130;1751357230134;true
1;0;683;164707;1751357230133;1751357230139;false
0;2;843;0;1751357230153;1751357230155;true
0;1;843;0;1751357230153;1751357230156;true
0;0;843;0;1751357230153;1751357230157;true
1;2;684;49379;1751357230169;1751357230170;false
1;0;684;164804;1751357230169;1751357230171;false
0;2;844;0;1751357230201;1751357230203;true
1;2;685;48661;1751357230203;1751357230204;false
0;1;844;0;1751357230201;1751357230205;true
0;0;844;0;1751357230201;1751357230205;true
1;0;685;163920;1751357230203;1751357230219;false
0;2;845;0;1751357230219;1751357230220;true
0;1;845;0;1751357230219;1751357230221;true
0;0;845;0;1751357230219;1751357230222;true
1;2;686;49229;1751357230249;1751357230250;false
1;0;686;164338;1751357230249;1751357230250;false
0;2;846;0;1751357230265;1751357230267;true
0;1;846;0;1751357230265;1751357230269;true
1;2;687;49352;1751357230268;1751357230269;false
0;0;846;0;1751357230265;1751357230269;true
1;0;687;165054;1751357230268;1751357230275;false
0;2;847;0;1751357230296;1751357230298;true
1;2;688;49390;1751357230298;1751357230300;false
0;0;847;0;1751357230296;1751357230301;true
0;1;847;0;1751357230296;1751357230301;true
1;0;688;165291;1751357230298;1751357230313;false
0;1;848;0;1751357230320;1751357230322;true
0;2;848;0;1751357230320;1751357230322;true
0;0;848;0;1751357230320;1751357230323;true
1;2;689;49543;1751357230338;1751357230340;false
1;0;689;165724;1751357230338;1751357230342;false
0;1;849;0;1751357230351;1751357230353;true
0;0;849;0;1751357230351;1751357230354;true
0;2;849;0;1751357230351;1751357230354;true
1;2;690;49757;1751357230358;1751357230359;false
1;0;690;165400;1751357230358;1751357230383;false
0;1;850;0;1751357230399;1751357230401;true
0;2;850;0;1751357230399;1751357230402;true
1;2;691;49757;1751357230403;1751357230404;false
0;0;850;0;1751357230399;1751357230404;true
1;0;691;166293;1751357230403;1751357230406;false
0;2;851;0;1751357230431;1751357230433;true
0;1;851;0;1751357230431;1751357230434;true
1;2;692;49368;1751357230433;1751357230435;false
0;0;851;0;1751357230431;1751357230436;true
1;0;692;165122;1751357230433;1751357230437;false
0;1;852;0;1751357230463;1751357230466;true
0;2;852;0;1751357230463;1751357230466;true
0;0;852;0;1751357230463;1751357230467;true
1;0;693;165605;1751357230468;1751357230480;false
0;2;853;0;1751357230487;1751357230488;true
0;1;853;0;1751357230487;1751357230490;true
0;0;853;0;1751357230487;1751357230491;true
1;1;694;76405;1751357230508;1751357230510;false
1;0;694;163375;1751357230508;1751357230511;false
0;1;854;0;1751357230518;1751357230521;true
0;2;854;0;1751357230518;1751357230522;true
0;0;854;0;1751357230518;1751357230523;true
1;1;695;76925;1751357230523;1751357230536;false
1;0;695;163643;1751357230523;1751357230553;false
0;2;855;0;1751357230551;1751357230554;true
0;1;855;0;1751357230551;1751357230555;true
0;0;855;0;1751357230551;1751357230556;true
1;1;696;75825;1751357230573;1751357230574;false
1;0;696;161997;1751357230573;1751357230585;false
0;1;856;0;1751357230584;1751357230585;true
0;2;856;0;1751357230584;1751357230586;true
0;0;856;0;1751357230584;1751357230587;true
1;1;697;76272;1751357230600;1751357230601;false
1;0;697;163123;1751357230600;1751357230616;false
0;2;857;0;1751357230615;1751357230617;true
0;1;857;0;1751357230615;1751357230618;true
0;0;857;0;1751357230615;1751357230620;true
1;1;698;76629;1751357230623;1751357230635;false
1;0;698;163115;1751357230623;1751357230650;false
0;2;858;0;1751357230649;1751357230653;true
0;1;858;0;1751357230649;1751357230654;true
0;0;858;0;1751357230649;1751357230654;true
1;1;699;76535;1751357230664;1751357230666;false
1;0;699;163495;1751357230664;1751357230682;false
0;2;859;0;1751357230681;1751357230684;true
0;1;859;0;1751357230681;1751357230685;true
0;0;859;0;1751357230681;1751357230686;true
1;1;700;76716;1751357230698;1751357230700;false
1;0;700;164048;1751357230698;1751357230717;false
0;2;860;0;1751357230716;1751357230720;true
0;1;860;0;1751357230716;1751357230720;true
0;0;860;0;1751357230716;1751357230722;true
1;1;701;76834;1751357230723;1751357230735;false
1;0;701;164335;1751357230723;1751357230752;false
0;2;861;0;1751357230751;1751357230754;true
0;1;861;0;1751357230751;1751357230754;true
0;0;861;0;1751357230751;1751357230756;true
1;1;702;76800;1751357230758;1751357230768;false
1;0;702;163582;1751357230758;1751357230784;false
0;2;862;0;1751357230782;1751357230791;true
0;1;862;0;1751357230782;1751357230791;true
0;0;862;0;1751357230782;1751357230791;true
1;1;703;75862;1751357230791;1751357230802;false
1;0;703;162597;1751357230791;1751357230816;false
0;1;863;0;1751357230815;1751357230818;true
0;2;863;0;1751357230815;1751357230820;true
0;0;863;0;1751357230815;1751357230820;true
1;1;704;77843;1751357230833;1751357230835;false
1;0;704;164725;1751357230833;1751357230847;false
0;2;864;0;1751357230846;1751357230848;true
0;1;864;0;1751357230846;1751357230850;true
0;0;864;0;1751357230846;1751357230850;true
1;1;705;76911;1751357230863;1751357230882;false
0;2;865;0;1751357230882;1751357230885;true
1;0;705;164723;1751357230863;1751357230885;false
0;1;865;0;1751357230882;1751357230885;true
0;0;865;0;1751357230882;1751357230886;true
1;1;706;72207;1751357230898;1751357230913;false
1;0;706;153102;1751357230898;1751357230913;false
0;2;866;0;1751357230913;1751357230916;true
0;1;866;0;1751357230913;1751357230916;true
0;0;866;0;1751357230913;1751357230917;true
1;1;707;77120;1751357230929;1751357230932;false
1;0;707;165161;1751357230929;1751357230945;false
0;2;867;0;1751357230945;1751357230946;true
0;1;867;0;1751357230945;1751357230947;true
0;0;867;0;1751357230945;1751357230949;true
1;1;708;77514;1751357230963;1751357230965;false
1;0;708;165841;1751357230963;1751357230977;false
0;2;868;0;1751357230992;1751357230993;true
0;1;868;0;1751357230991;1751357230996;true
0;0;868;0;1751357230992;1751357230997;true
1;1;709;77651;1751357230993;1751357231008;false
1;0;709;166575;1751357230993;1751357231015;false
0;2;869;0;1751357231015;1751357231017;true
0;1;869;0;1751357231015;1751357231018;true
0;0;869;0;1751357231015;1751357231019;true
1;1;710;76893;1751357231018;1751357231031;false
1;0;710;165215;1751357231018;1751357231047;false
0;1;870;0;1751357231046;1751357231048;true
0;2;870;0;1751357231046;1751357231049;true
0;0;870;0;1751357231046;1751357231050;true
1;1;711;77473;1751357231053;1751357231062;false
1;0;711;165693;1751357231053;1751357231079;false
0;2;871;0;1751357231078;1751357231080;true
0;1;871;0;1751357231078;1751357231081;true
0;0;871;0;1751357231078;1751357231082;true
1;1;712;77108;1751357231094;1751357231095;false
1;0;712;165415;1751357231094;1751357231111;false
0;1;872;0;1751357231110;1751357231112;true
0;2;872;0;1751357231110;1751357231112;true
0;0;872;0;1751357231110;1751357231114;true
1;1;713;77619;1751357231128;1751357231129;false
1;0;713;166021;1751357231128;1751357231142;false
0;2;873;0;1751357231157;1751357231159;true
0;1;873;0;1751357231157;1751357231160;true
0;0;873;0;1751357231157;1751357231161;true
1;1;714;76750;1751357231158;1751357231174;false
1;0;714;165209;1751357231158;1751357231178;false
0;1;874;0;1751357231176;1751357231179;true
0;2;874;0;1751357231176;1751357231179;true
0;0;874;0;1751357231176;1751357231180;true
1;1;715;77090;1751357231198;1751357231200;false
1;0;715;164670;1751357231198;1751357231212;false
0;2;875;0;1751357231212;1751357231215;true
0;1;875;0;1751357231212;1751357231215;true
0;0;875;0;1751357231212;1751357231216;true
0;2;876;0;1751357231245;1751357231247;true
1;1;716;76467;1751357231228;1751357231247;false
0;1;876;0;1751357231245;1751357231248;true
0;0;876;0;1751357231245;1751357231250;true
1;0;716;163787;1751357231228;1751357231262;false
1;1;717;77306;1751357231262;1751357231278;false
1;0;717;164888;1751357231262;1751357231280;false
0;2;877;0;1751357231278;1751357231281;true
0;1;877;0;1751357231278;1751357231282;true
0;0;877;0;1751357231278;1751357231282;true
1;1;718;76672;1751357231283;1751357231295;false
1;0;718;163717;1751357231283;1751357231311;false
0;2;878;0;1751357231310;1751357231312;true
0;1;878;0;1751357231310;1751357231314;true
0;0;878;0;1751357231310;1751357231315;true
1;0;719;163191;1751357231318;1751357231342;false
1;1;719;76615;1751357231318;1751357231342;false
0;0;879;0;1751357231341;1751357231344;true
0;2;879;0;1751357231341;1751357231345;true
0;1;879;0;1751357231341;1751357231345;true
1;1;720;76413;1751357231358;1751357231380;false
0;2;880;0;1751357231379;1751357231381;true
0;1;880;0;1751357231379;1751357231381;true
1;0;720;164200;1751357231358;1751357231382;false
0;0;880;0;1751357231379;1751357231383;true
1;1;721;76094;1751357231383;1751357231396;false
1;0;721;163946;1751357231383;1751357231406;false
0;1;881;0;1751357231407;1751357231409;true
0;2;881;0;1751357231407;1751357231409;true
0;0;881;0;1751357231407;1751357231410;true
1;1;722;76661;1751357231428;1751357231430;false
1;0;722;164149;1751357231428;1751357231431;false
0;2;882;0;1751357231444;1751357231445;true
0;1;882;0;1751357231444;1751357231446;true
0;0;882;0;1751357231444;1751357231448;true
1;1;723;77023;1751357231448;1751357231460;false
1;0;723;163787;1751357231448;1751357231478;false
0;2;883;0;1751357231476;1751357231480;true
0;1;883;0;1751357231476;1751357231481;true
0;0;883;0;1751357231476;1751357231482;true
1;1;724;76841;1751357231483;1751357231492;false
1;0;724;164341;1751357231483;1751357231507;false
0;1;884;0;1751357231506;1751357231509;true
0;2;884;0;1751357231506;1751357231510;true
0;0;884;0;1751357231506;1751357231510;true
1;1;725;76639;1751357231523;1751357231529;false
1;0;725;164841;1751357231523;1751357231548;false
0;2;885;0;1751357231545;1751357231548;true
0;1;885;0;1751357231545;1751357231549;true
0;0;885;0;1751357231545;1751357231550;true
1;1;726;76734;1751357231547;1751357231562;false
1;0;726;164359;1751357231548;1751357231562;false
0;2;886;0;1751357231576;1751357231579;true
0;1;886;0;1751357231576;1751357231580;true
0;0;886;0;1751357231576;1751357231581;true
1;1;727;77386;1751357231592;1751357231595;false
1;0;727;165449;1751357231592;1751357231595;false
0;1;887;0;1751357231609;1751357231611;true
0;2;887;0;1751357231609;1751357231612;true
0;0;887;0;1751357231609;1751357231613;true
1;1;728;76736;1751357231613;1751357231615;false
1;0;728;163992;1751357231613;1751357231617;false
0;2;888;0;1751357231643;1751357231645;true
0;1;888;0;1751357231643;1751357231648;true
0;0;888;0;1751357231643;1751357231648;true
1;1;729;76573;1751357231648;1751357231660;false
1;0;729;165440;1751357231648;1751357231676;false
0;2;889;0;1751357231675;1751357231677;true
0;1;889;0;1751357231675;1751357231678;true
0;0;889;0;1751357231675;1751357231680;true
1;1;730;77153;1751357231678;1751357231693;false
1;0;730;165655;1751357231678;1751357231707;false
0;1;890;0;1751357231706;1751357231709;true
0;2;890;0;1751357231706;1751357231710;true
0;0;890;0;1751357231706;1751357231711;true
1;1;731;77616;1751357231723;1751357231739;false
0;2;891;0;1751357231737;1751357231740;true
0;1;891;0;1751357231737;1751357231741;true
0;0;891;0;1751357231737;1751357231741;true
1;0;731;164518;1751357231723;1751357231745;false
1;1;732;77404;1751357231745;1751357231776;false
1;0;732;166367;1751357231745;1751357231777;false
0;2;892;0;1751357231776;1751357231779;true
0;1;892;0;1751357231776;1751357231779;true
0;0;892;0;1751357231776;1751357231781;true
1;1;733;77248;1751357231778;1751357231793;false
1;0;733;165409;1751357231778;1751357231808;false
0;2;893;0;1751357231807;1751357231808;true
0;1;893;0;1751357231807;1751357231810;true
0;0;893;0;1751357231807;1751357231811;true
1;1;734;76799;1751357231839;1751357231842;false
0;1;894;0;1751357231839;1751357231842;true
0;2;894;0;1751357231839;1751357231843;true
1;0;734;165009;1751357231839;1751357231843;false
0;0;894;0;1751357231839;1751357231844;true
1;1;735;77046;1751357231843;1751357231856;false
1;0;735;165143;1751357231843;1751357231871;false
0;2;895;0;1751357231871;1751357231873;true
0;1;895;0;1751357231871;1751357231875;true
0;0;895;0;1751357231871;1751357231875;true
1;1;736;76734;1751357231878;1751357231886;false
1;0;736;164531;1751357231878;1751357231894;false
0;1;896;0;1751357231909;1751357231913;true
0;2;896;0;1751357231909;1751357231913;true
1;1;737;76767;1751357231913;1751357231914;false
0;0;896;0;1751357231909;1751357231914;true
1;0;737;164490;1751357231913;1751357231925;false
0;2;897;0;1751357231941;1751357231944;true
0;1;897;0;1751357231941;1751357231944;true
1;1;738;76278;1751357231943;1751357231945;false
0;0;897;0;1751357231941;1751357231946;true
1;0;738;163365;1751357231943;1751357231957;false
0;2;898;0;1751357231972;1751357231973;true
0;1;898;0;1751357231972;1751357231975;true
0;0;898;0;1751357231972;1751357231975;true
1;1;739;77160;1751357231993;1751357231994;false
1;0;739;164534;1751357231993;1751357231995;false
0;2;899;0;1751357232003;1751357232006;true
0;1;899;0;1751357232003;1751357232007;true
0;0;899;0;1751357232003;1751357232007;true
1;1;740;77051;1751357232008;1751357232020;false
1;0;740;164776;1751357232008;1751357232037;false
0;2;900;0;1751357232034;1751357232038;true
0;1;900;0;1751357232034;1751357232039;true
0;0;900;0;1751357232034;1751357232039;true
1;1;741;77019;1751357232043;1751357232051;false
1;0;741;165456;1751357232043;1751357232058;false
0;2;901;0;1751357232072;1751357232076;true
0;1;901;0;1751357232072;1751357232076;true
0;0;901;0;1751357232072;1751357232077;true
1;1;742;76470;1751357232078;1751357232089;false
1;0;742;163085;1751357232078;1751357232089;false
0;1;902;0;1751357232107;1751357232111;true
0;2;902;0;1751357232107;1751357232113;true
0;0;902;0;1751357232107;1751357232113;true
1;1;743;77336;1751357232108;1751357232142;false
1;0;743;164721;1751357232108;1751357232150;false
0;2;903;0;1751357232142;1751357232150;true
0;1;903;0;1751357232142;1751357232150;true
0;0;903;0;1751357232142;1751357232150;true
1;1;744;77197;1751357232150;1751357232151;false
1;0;744;165422;1751357232150;1751357232158;false
0;2;904;0;1751357232173;1751357232175;true
0;1;904;0;1751357232173;1751357232177;true
0;0;904;0;1751357232173;1751357232178;true
1;1;745;78180;1751357232178;1751357232179;false
1;0;745;166844;1751357232178;1751357232181;false
0;2;905;0;1751357232205;1751357232208;true
0;1;905;0;1751357232205;1751357232209;true
0;0;905;0;1751357232205;1751357232210;true
1;1;746;77483;1751357232208;1751357232210;false
1;0;746;165476;1751357232208;1751357232211;false
0;2;906;0;1751357232237;1751357232239;true
0;1;906;0;1751357232237;1751357232240;true
0;0;906;0;1751357232237;1751357232241;true
1;1;747;78030;1751357232258;1751357232259;false
1;0;747;165737;1751357232258;1751357232260;false
0;2;907;0;1751357232268;1751357232270;true
0;1;907;0;1751357232268;1751357232271;true
0;0;907;0;1751357232268;1751357232271;true
1;1;748;76970;1751357232278;1751357232280;false
1;0;748;165379;1751357232278;1751357232281;false
0;2;908;0;1751357232306;1751357232309;true
0;1;908;0;1751357232306;1751357232310;true
0;0;908;0;1751357232306;1751357232311;true
1;1;749;77566;1751357232309;1751357232312;false
1;0;749;165909;1751357232309;1751357232313;false
0;1;909;0;1751357232337;1751357232338;true
0;2;909;0;1751357232337;1751357232339;true
0;0;909;0;1751357232337;1751357232340;true
1;1;750;77562;1751357232368;1751357232370;false
0;2;910;0;1751357232368;1751357232371;true
0;1;910;0;1751357232368;1751357232371;true
1;0;750;165303;1751357232368;1751357232371;false
0;0;910;0;1751357232368;1751357232373;true
1;1;751;77107;1751357232383;1751357232384;false
1;0;751;163938;1751357232383;1751357232399;false
0;1;911;0;1751357232399;1751357232401;true
0;2;911;0;1751357232399;1751357232401;true
0;0;911;0;1751357232399;1751357232403;true
1;1;752;77040;1751357232414;1751357232415;false
1;0;752;164944;1751357232414;1751357232423;false
0;2;912;0;1751357232438;1751357232442;true
0;1;912;0;1751357232438;1751357232443;true
0;0;912;0;1751357232438;1751357232444;true
1;1;753;76644;1751357232443;1751357232445;false
1;0;753;164954;1751357232443;1751357232446;false
0;2;913;0;1751357232470;1751357232473;true
0;1;913;0;1751357232470;1751357232474;true
1;1;754;76867;1751357232473;1751357232474;false
0;0;913;0;1751357232470;1751357232475;true
1;0;754;164548;1751357232473;1751357232476;false
0;2;914;0;1751357232506;1751357232508;true
1;1;755;77200;1751357232508;1751357232510;false
0;1;914;0;1751357232506;1751357232511;true
0;0;914;0;1751357232506;1751357232512;true
1;0;755;164630;1751357232508;1751357232512;false
0;2;915;0;1751357232539;1751357232542;true
0;1;915;0;1751357232539;1751357232544;true
1;1;756;76844;1751357232543;1751357232544;false
0;0;915;0;1751357232539;1751357232544;true
1;0;756;163950;1751357232543;1751357232546;false
0;2;916;0;1751357232570;1751357232573;true
0;1;916;0;1751357232570;1751357232574;true
0;0;916;0;1751357232570;1751357232575;true
1;1;757;77177;1751357232573;1751357232575;false
1;0;757;164643;1751357232573;1751357232576;false
0;2;917;0;1751357232601;1751357232604;true
0;1;917;0;1751357232601;1751357232605;true
0;0;917;0;1751357232601;1751357232606;true
1;1;758;77329;1751357232603;1751357232618;false
1;0;758;165614;1751357232603;1751357232618;false
0;2;918;0;1751357232636;1751357232638;true
0;1;918;0;1751357232636;1751357232638;true
1;1;759;77187;1751357232638;1751357232638;false
0;0;918;0;1751357232636;1751357232638;true
1;0;759;164506;1751357232638;1751357232638;false
0;2;919;0;1751357232668;1751357232672;true
0;1;919;0;1751357232668;1751357232672;true
0;0;919;0;1751357232668;1751357232672;true
1;1;760;77905;1751357232674;1751357232676;false
1;0;760;165723;1751357232674;1751357232676;false
0;2;920;0;1751357232700;1751357232704;true
0;1;920;0;1751357232700;1751357232704;true
1;1;761;76912;1751357232704;1751357232705;false
0;0;920;0;1751357232700;1751357232705;true
1;0;761;163931;1751357232704;1751357232705;false
0;2;921;0;1751357232732;1751357232733;true
0;1;921;0;1751357232732;1751357232733;true
0;0;921;0;1751357232732;1751357232736;true
0;2;922;0;1751357232764;1751357232764;true
1;1;762;76807;1751357232764;1751357232766;false
0;1;922;0;1751357232764;1751357232766;true
1;0;762;164241;1751357232764;1751357232766;false
0;0;922;0;1751357232764;1751357232768;true
1;1;763;77181;1751357232780;1751357232781;false
1;0;763;164796;1751357232780;1751357232787;false
0;1;923;0;1751357232802;1751357232805;true
0;0;923;0;1751357232802;1751357232807;true
0;2;923;0;1751357232802;1751357232807;true
1;1;764;76933;1751357232803;1751357232832;false
1;0;764;163960;1751357232803;1751357232833;false
0;2;924;0;1751357232832;1751357232834;true
0;1;924;0;1751357232832;1751357232836;true
0;0;924;0;1751357232832;1751357232837;true
1;1;765;76362;1751357232833;1751357232852;false
1;0;765;163943;1751357232833;1751357232852;false
0;2;925;0;1751357232868;1751357232871;true
0;1;925;0;1751357232868;1751357232871;true
0;0;925;0;1751357232868;1751357232873;true
1;0;766;164214;1751357232873;1751357232876;false
1;1;766;77634;1751357232873;1751357232876;false
0;2;926;0;1751357232899;1751357232899;true
0;0;926;0;1751357232899;1751357232905;true
0;1;926;0;1751357232899;1751357232905;true
1;1;767;76798;1751357232904;1751357232905;false
1;0;767;164625;1751357232905;1751357232905;false
0;2;927;0;1751357232930;1751357232930;true
0;1;927;0;1751357232930;1751357232934;true
0;0;927;0;1751357232930;1751357232934;true
1;1;768;76917;1751357232933;1751357232947;false
1;0;768;164927;1751357232933;1751357232953;false
0;2;928;0;1751357232968;1751357232971;true
0;1;928;0;1751357232968;1751357232972;true
0;0;928;0;1751357232968;1751357232973;true
1;1;769;76801;1751357232973;1751357232974;false
1;0;769;164592;1751357232973;1751357232976;false
0;1;929;0;1751357233001;1751357233005;true
0;2;929;0;1751357233000;1751357233005;true
0;0;929;0;1751357233001;1751357233005;true
1;1;770;77575;1751357233003;1751357233018;false
1;0;770;166198;1751357233003;1751357233018;false
0;2;930;0;1751357233032;1751357233034;true
0;1;930;0;1751357233032;1751357233036;true
0;0;930;0;1751357233032;1751357233037;true
1;0;771;163965;1751357233033;1751357233063;false
1;1;771;77233;1751357233033;1751357233064;false
0;2;931;0;1751357233063;1751357233067;true
0;1;931;0;1751357233063;1751357233068;true
0;0;931;0;1751357233063;1751357233069;true
1;1;772;76742;1751357233064;1751357233079;false
1;0;772;163821;1751357233064;1751357233079;false
0;2;932;0;1751357233095;1751357233098;true
1;1;773;76818;1751357233098;1751357233099;false
0;0;932;0;1751357233095;1751357233100;true
0;1;932;0;1751357233095;1751357233101;true
1;0;773;163725;1751357233098;1751357233111;false
0;2;933;0;1751357233126;1751357233129;true
0;1;933;0;1751357233126;1751357233129;true
0;0;933;0;1751357233126;1751357233130;true
1;1;774;76545;1751357233138;1751357233140;false
1;0;774;164318;1751357233138;1751357233141;false
0;2;934;0;1751357233167;1751357233170;true
0;0;934;0;1751357233167;1751357233172;true
0;1;934;0;1751357233167;1751357233173;true
1;1;775;77332;1751357233168;1751357233183;false
1;0;775;165076;1751357233168;1751357233184;false
0;2;935;0;1751357233198;1751357233203;true
0;1;935;0;1751357233198;1751357233204;true
0;0;935;0;1751357233198;1751357233204;true
1;1;776;76880;1751357233203;1751357233205;false
1;0;776;164482;1751357233203;1751357233206;false
0;0;936;0;1751357233230;1751357233235;true
0;2;936;0;1751357233230;1751357233235;true
1;1;777;76348;1751357233234;1751357233235;false
0;1;936;0;1751357233230;1751357233236;true
1;0;777;152864;1751357233233;1751357233236;false
0;2;937;0;1751357233262;1751357233264;true
0;1;937;0;1751357233262;1751357233267;true
0;0;937;0;1751357233262;1751357233268;true
1;1;778;76754;1751357233263;1751357233279;false
1;0;778;163948;1751357233263;1751357233285;false
0;2;938;0;1751357233300;1751357233302;true
0;1;938;0;1751357233300;1751357233303;true
0;0;938;0;1751357233300;1751357233305;true
1;1;779;77369;1751357233303;1751357233305;false
1;0;779;165243;1751357233303;1751357233306;false
0;2;939;0;1751357233332;1751357233334;true
0;0;939;0;1751357233332;1751357233337;true
0;1;939;0;1751357233332;1751357233338;true
1;1;780;76932;1751357233333;1751357233349;false
1;0;780;163937;1751357233338;1751357233353;false
0;2;940;0;1751357233363;1751357233367;true
0;0;940;0;1751357233363;1751357233369;true
0;1;940;0;1751357233363;1751357233369;true
1;0;781;163897;1751357233368;1751357233381;false
1;1;781;76473;1751357233368;1751357233381;false
0;2;941;0;1751357233396;1751357233399;true
0;1;941;0;1751357233396;1751357233401;true
0;0;941;0;1751357233396;1751357233401;true
1;1;782;77937;1751357233398;1751357233412;false
1;0;782;166285;1751357233398;1751357233415;false
0;2;942;0;1751357233428;1751357233431;true
0;1;942;0;1751357233428;1751357233433;true
0;0;942;0;1751357233428;1751357233434;true
1;1;783;77836;1751357233433;1751357233434;false
1;0;783;166182;1751357233433;1751357233435;false
0;0;943;0;1751357233459;1751357233464;true
0;1;943;0;1751357233459;1751357233464;true
0;2;943;0;1751357233459;1751357233465;true
1;1;784;77245;1751357233463;1751357233465;false
1;0;784;165769;1751357233463;1751357233467;false
0;2;944;0;1751357233490;1751357233492;true
0;1;944;0;1751357233490;1751357233493;true
0;0;944;0;1751357233490;1751357233495;true
1;2;785;48510;1751357233493;1751357233496;false
1;1;785;76318;1751357233493;1751357233507;false
1;0;785;163155;1751357233493;1751357233507;false
0;1;945;0;1751357233522;1751357233524;true
0;2;945;0;1751357233522;1751357233524;true
0;0;945;0;1751357233522;1751357233525;true
1;1;786;76975;1751357233538;1751357233551;false
1;2;786;48906;1751357233538;1751357233551;false
1;0;786;164071;1751357233538;1751357233552;false
0;2;946;0;1751357233552;1751357233555;true
0;1;946;0;1751357233552;1751357233555;true
0;0;946;0;1751357233552;1751357233555;true
1;2;787;49365;1751357233568;1751357233569;false
1;1;787;77417;1751357233568;1751357233571;false
1;0;787;164463;1751357233568;1751357233582;false
0;2;947;0;1751357233596;1751357233599;true
1;2;788;48760;1751357233598;1751357233600;false
0;1;947;0;1751357233596;1751357233600;true
1;1;788;76204;1751357233598;1751357233600;false
0;0;947;0;1751357233596;1751357233601;true
1;0;788;162652;1751357233598;1751357233616;false
0;2;948;0;1751357233631;1751357233634;true
0;0;948;0;1751357233631;1751357233636;true
0;1;948;0;1751357233631;1751357233637;true
1;1;789;76588;1751357233633;1751357233637;false
1;2;789;48660;1751357233633;1751357233638;false
1;0;789;163272;1751357233633;1751357233638;false
0;2;949;0;1751357233665;1751357233667;true
0;1;949;0;1751357233665;1751357233669;true
1;2;790;49056;1751357233668;1751357233670;false
0;0;949;0;1751357233665;1751357233670;true
1;1;790;76877;1751357233668;1751357233672;false
1;0;790;164443;1751357233668;1751357233672;false
1;2;791;48809;1751357233698;1751357233699;false
0;2;950;0;1751357233696;1751357233700;true
1;1;791;76862;1751357233698;1751357233700;false
0;1;950;0;1751357233697;1751357233701;true
0;0;950;0;1751357233696;1751357233702;true
1;0;791;163734;1751357233699;1751357233703;false
0;2;951;0;1751357233727;1751357233731;true
0;1;951;0;1751357233727;1751357233732;true
0;0;951;0;1751357233727;1751357233733;true
1;2;792;49115;1751357233728;1751357233744;false
1;1;792;76481;1751357233728;1751357233745;false
1;0;792;164299;1751357233728;1751357233760;false
0;2;952;0;1751357233759;1751357233762;true
1;2;793;48485;1751357233760;1751357233762;false
0;1;952;0;1751357233759;1751357233762;true
1;1;793;75995;1751357233761;1751357233763;false
0;0;952;0;1751357233759;1751357233764;true
1;0;793;163563;1751357233760;1751357233776;false
0;2;953;0;1751357233790;1751357233792;true
1;2;794;49371;1751357233793;1751357233794;false
0;1;953;0;1751357233791;1751357233795;true
0;0;953;0;1751357233790;1751357233796;true
1;1;794;76870;1751357233793;1751357233803;false
1;0;794;164625;1751357233793;1751357233804;false
0;2;954;0;1751357233829;1751357233833;true
0;1;954;0;1751357233829;1751357233833;true
1;2;795;48910;1751357233833;1751357233834;false
0;0;954;0;1751357233829;1751357233834;true
1;1;795;76801;1751357233833;1751357233835;false
1;0;795;164426;1751357233834;1751357233837;false
0;1;955;0;1751357233862;1751357233865;true
0;2;955;0;1751357233862;1751357233867;true
0;0;955;0;1751357233862;1751357233868;true
1;1;796;77195;1751357233863;1751357233878;false
1;2;796;48869;1751357233863;1751357233879;false
1;0;796;164210;1751357233863;1751357233897;false
1;2;797;49051;1751357233895;1751357233897;false
1;1;797;76485;1751357233895;1751357233898;false
0;1;956;0;1751357233895;1751357233899;true
0;2;956;0;1751357233895;1751357233900;true
0;0;956;0;1751357233895;1751357233901;true
1;0;797;164960;1751357233897;1751357233913;false
0;2;957;0;1751357233929;1751357233931;true
0;1;957;0;1751357233929;1751357233932;true
0;0;957;0;1751357233929;1751357233934;true
1;2;798;49230;1751357233933;1751357233936;false
1;1;798;77073;1751357233933;1751357233936;false
1;0;798;164092;1751357233933;1751357233937;false
0;2;958;0;1751357233960;1751357233962;true
1;2;799;48464;1751357233963;1751357233965;false
0;1;958;0;1751357233960;1751357233965;true
0;0;958;0;1751357233960;1751357233966;true
1;1;799;72550;1751357233963;1751357233966;false
1;0;799;153293;1751357233963;1751357233967;false
0;1;959;0;1751357233996;1751357233998;true
0;2;959;0;1751357233996;1751357233999;true
1;2;800;49726;1751357233998;1751357234000;false
1;1;800;77950;1751357233998;1751357234000;false
0;0;959;0;1751357233996;1751357234001;true
1;0;800;166109;1751357233998;1751357234002;false
1;2;801;49128;1751357234028;1751357234030;false
1;1;801;76931;1751357234028;1751357234030;false
0;1;960;0;1751357234027;1751357234030;true
0;2;960;0;1751357234027;1751357234030;true
0;0;960;0;1751357234027;1751357234032;true
1;0;801;165533;1751357234029;1751357234033;false
0;2;961;0;1751357234061;1751357234063;true
1;2;802;48788;1751357234063;1751357234064;false
0;1;961;0;1751357234061;1751357234066;true
0;0;961;0;1751357234061;1751357234066;true
1;1;802;77443;1751357234063;1751357234066;false
1;0;802;165220;1751357234063;1751357234066;false
0;1;962;0;1751357234080;1751357234082;true
0;2;962;0;1751357234080;1751357234082;true
0;0;962;0;1751357234080;1751357234084;true
1;2;803;49146;1751357234088;1751357234091;false
1;1;803;77177;1751357234088;1751357234093;false
1;0;803;164434;1751357234088;1751357234093;false
0;2;963;0;1751357234127;1751357234131;true
0;1;963;0;1751357234127;1751357234131;true
1;2;804;49429;1751357234129;1751357234131;false
1;1;804;76932;1751357234129;1751357234131;false
0;0;963;0;1751357234127;1751357234132;true
1;0;804;164976;1751357234129;1751357234135;false
0;2;964;0;1751357234161;1751357234163;true
1;2;805;49075;1751357234163;1751357234164;false
0;1;964;0;1751357234161;1751357234164;true
1;1;805;72639;1751357234163;1751357234165;false
0;0;964;0;1751357234161;1751357234165;true
1;0;805;154745;1751357234163;1751357234167;false
0;2;965;0;1751357234194;1751357234195;true
0;1;965;0;1751357234194;1751357234197;true
0;0;965;0;1751357234194;1751357234199;true
1;2;806;49198;1751357234198;1751357234200;false
1;1;806;77369;1751357234198;1751357234201;false
1;0;806;164983;1751357234198;1751357234201;false
0;2;966;0;1751357234226;1751357234228;true
1;2;807;49512;1751357234228;1751357234229;false
0;1;966;0;1751357234226;1751357234229;true
1;1;807;77149;1751357234228;1751357234229;false
0;0;966;0;1751357234226;1751357234231;true
1;0;807;165313;1751357234228;1751357234231;false
0;2;967;0;1751357234258;1751357234262;true
0;1;967;0;1751357234259;1751357234263;true
0;0;967;0;1751357234258;1751357234263;true
1;2;808;48787;1751357234263;1751357234265;false
1;1;808;76417;1751357234263;1751357234265;false
1;0;808;163070;1751357234265;1751357234267;false
0;2;968;0;1751357234291;1751357234294;true
1;2;809;49106;1751357234293;1751357234294;false
0;1;968;0;1751357234291;1751357234295;true
0;0;968;0;1751357234291;1751357234296;true
1;0;809;164356;1751357234293;1751357234296;false
1;1;809;76736;1751357234293;1751357234296;false
0;2;969;0;1751357234322;1751357234325;true
0;1;969;0;1751357234322;1751357234327;true
0;0;969;0;1751357234322;1751357234328;true
1;2;810;48872;1751357234323;1751357234339;false
1;1;810;76316;1751357234323;1751357234340;false
1;0;810;162609;1751357234323;1751357234340;false
0;2;970;0;1751357234344;1751357234346;true
0;1;970;0;1751357234344;1751357234348;true
0;0;970;0;1751357234344;1751357234349;true
1;2;811;48915;1751357234364;1751357234365;false
1;1;811;77129;1751357234364;1751357234366;false
1;0;811;163778;1751357234364;1751357234367;false
0;1;971;0;1751357234377;1751357234379;true
0;2;971;0;1751357234377;1751357234380;true
0;0;971;0;1751357234377;1751357234381;true
1;2;812;48578;1751357234393;1751357234408;false
1;1;812;76620;1751357234393;1751357234409;false
1;0;812;163157;1751357234393;1751357234424;false
1;2;813;45986;1751357234424;1751357234426;false
0;1;972;0;1751357234423;1751357234427;true
0;2;972;0;1751357234423;1751357234427;true
0;0;972;0;1751357234423;1751357234429;true
1;1;813;71832;1751357234425;1751357234429;false
1;0;813;151287;1751357234424;1751357234442;false
0;2;973;0;1751357234459;1751357234462;true
0;1;973;0;1751357234459;1751357234463;true
1;1;814;76336;1751357234463;1751357234464;false
0;0;973;0;1751357234459;1751357234464;true
1;2;814;48918;1751357234463;1751357234465;false
1;0;814;164471;1751357234463;1751357234467;false
0;2;974;0;1751357234476;1751357234479;true
0;1;974;0;1751357234476;1751357234481;true
0;0;974;0;1751357234476;1751357234481;true
1;2;815;48383;1751357234493;1751357234495;false
1;1;815;76285;1751357234493;1751357234495;false
1;0;815;162478;1751357234493;1751357234496;false
0;1;975;0;1751357234522;1751357234526;true
0;2;975;0;1751357234522;1751357234528;true
0;0;975;0;1751357234522;1751357234528;true
1;2;816;48838;1751357234523;1751357234538;false
1;1;816;76364;1751357234523;1751357234538;false
1;0;816;163446;1751357234523;1751357234543;false
0;2;976;0;1751357234542;1751357234545;true
0;1;976;0;1751357234542;1751357234545;true
0;0;976;0;1751357234542;1751357234546;true
1;2;817;48582;1751357234563;1751357234564;false
1;1;817;76532;1751357234563;1751357234565;false
1;0;817;162474;1751357234563;1751357234574;false
0;2;977;0;1751357234580;1751357234583;true
0;1;977;0;1751357234580;1751357234583;true
1;2;818;49134;1751357234583;1751357234585;false
0;0;977;0;1751357234580;1751357234585;true
1;1;818;76669;1751357234583;1751357234589;false
1;0;818;163430;1751357234583;1751357234606;false
0;2;978;0;1751357234609;1751357234610;true
0;1;978;0;1751357234609;1751357234612;true
0;0;978;0;1751357234609;1751357234613;true
1;2;819;49141;1751357234624;1751357234625;false
1;1;819;72395;1751357234624;1751357234626;false
1;0;819;153924;1751357234624;1751357234627;false
0;1;979;0;1751357234655;1751357234658;true
0;2;979;0;1751357234655;1751357234659;true
0;0;979;0;1751357234655;1751357234660;true
1;2;820;49316;1751357234658;1751357234661;false
1;1;820;77487;1751357234658;1751357234661;false
1;0;820;165506;1751357234658;1751357234661;false
0;2;980;0;1751357234687;1751357234689;true
1;1;821;76859;1751357234688;1751357234690;false
1;2;821;49028;1751357234688;1751357234691;false
0;1;980;0;1751357234687;1751357234691;true
0;0;980;0;1751357234687;1751357234692;true
1;0;821;164416;1751357234688;1751357234694;false
0;2;981;0;1751357234707;1751357234708;true
0;1;981;0;1751357234707;1751357234710;true
0;0;981;0;1751357234707;1751357234711;true
1;2;822;49465;1751357234723;1751357234738;false
1;1;822;76732;1751357234723;1751357234738;false
1;0;822;165002;1751357234723;1751357234740;false
0;1;982;0;1751357234756;1751357234760;true
0;2;982;0;1751357234756;1751357234760;true
1;2;823;49605;1751357234758;1751357234760;false
1;1;823;76931;1751357234759;1751357234761;false
0;0;982;0;1751357234756;1751357234762;true
1;0;823;165876;1751357234758;1751357234763;false
1;1;824;76804;1751357234788;1751357234789;false
0;2;983;0;1751357234787;1751357234789;true
0;1;983;0;1751357234787;1751357234790;true
0;0;983;0;1751357234787;1751357234791;true
1;2;824;49016;1751357234788;1751357234802;false
1;0;824;164542;1751357234788;1751357234805;false
0;2;984;0;1751357234818;1751357234821;true
0;1;984;0;1751357234818;1751357234822;true
0;0;984;0;1751357234818;1751357234823;true
1;1;825;76628;1751357234823;1751357234823;false
1;2;825;48618;1751357234823;1751357234825;false
1;0;825;163361;1751357234823;1751357234825;false
0;1;985;0;1751357234850;1751357234852;true
0;2;985;0;1751357234850;1751357234854;true
1;2;826;49366;1751357234854;1751357234855;false
0;0;985;0;1751357234850;1751357234855;true
1;1;826;76995;1751357234854;1751357234857;false
1;0;826;165047;1751357234854;1751357234858;false
0;2;986;0;1751357234873;1751357234875;true
0;1;986;0;1751357234873;1751357234876;true
0;0;986;0;1751357234873;1751357234877;true
1;2;827;48888;1751357234888;1751357234890;false
1;1;827;76814;1751357234888;1751357234891;false
1;0;827;164346;1751357234888;1751357234892;false
0;2;987;0;1751357234906;1751357234908;true
0;1;987;0;1751357234906;1751357234911;true
0;0;987;0;1751357234906;1751357234911;true
1;2;828;49196;1751357234913;1751357234915;false
1;1;828;77646;1751357234913;1751357234916;false
1;0;828;164166;1751357234913;1751357234916;false
0;1;988;0;1751357234939;1751357234940;true
0;2;988;0;1751357234939;1751357234940;true
0;0;988;0;1751357234939;1751357234940;true
1;2;829;49470;1751357234958;1751357234959;false
1;1;829;77965;1751357234958;1751357234961;false
1;0;829;165773;1751357234958;1751357234961;false
0;2;989;0;1751357234971;1751357234974;true
0;1;989;0;1751357234971;1751357234975;true
0;0;989;0;1751357234971;1751357234975;true
1;2;830;49230;1751357234988;1751357235003;false
1;1;830;77166;1751357234988;1751357235004;false
1;0;830;164748;1751357234988;1751357235005;false
0;2;990;0;1751357235004;1751357235006;true
0;1;990;0;1751357235004;1751357235007;true
0;0;990;0;1751357235004;1751357235008;true
1;2;831;49371;1751357235034;1751357235035;false
1;1;831;76644;1751357235034;1751357235037;false
1;0;831;163756;1751357235034;1751357235037;false
0;2;991;0;1751357235037;1751357235038;true
0;1;991;0;1751357235037;1751357235039;true
0;0;991;0;1751357235037;1751357235040;true
1;2;832;49408;1751357235053;1751357235055;false
1;1;832;77069;1751357235053;1751357235056;false
1;0;832;164811;1751357235053;1751357235065;false
0;2;992;0;1751357235072;1751357235076;true
0;1;992;0;1751357235072;1751357235076;true
0;0;992;0;1751357235072;1751357235077;true
1;2;833;49405;1751357235078;1751357235079;false
1;1;833;77266;1751357235078;1751357235080;false
1;0;833;165056;1751357235078;1751357235089;false
0;2;993;0;1751357235103;1751357235104;true
0;1;993;0;1751357235103;1751357235105;true
0;0;993;0;1751357235103;1751357235106;true
1;2;834;49124;1751357235134;1751357235135;false
1;1;834;77543;1751357235134;1751357235137;false
1;0;834;166213;1751357235134;1751357235138;false
0;2;994;0;1751357235136;1751357235138;true
0;1;994;0;1751357235136;1751357235140;true
0;0;994;0;1751357235136;1751357235140;true
1;2;835;49172;1751357235153;1751357235154;false
1;1;835;77179;1751357235153;1751357235156;false
1;0;835;164996;1751357235153;1751357235166;false
1;1;836;76891;1751357235183;1751357235185;false
0;1;995;0;1751357235182;1751357235185;true
0;2;995;0;1751357235182;1751357235185;true
0;0;995;0;1751357235182;1751357235187;true
1;2;836;49645;1751357235183;1751357235188;false
1;0;836;164888;1751357235183;1751357235198;false
0;2;996;0;1751357235206;1751357235208;true
0;1;996;0;1751357235206;1751357235209;true
0;0;996;0;1751357235206;1751357235210;true
1;2;837;49509;1751357235223;1751357235225;false
1;1;837;76792;1751357235223;1751357235225;false
1;0;837;165446;1751357235223;1751357235226;false
0;2;997;0;1751357235237;1751357235238;true
0;1;997;0;1751357235237;1751357235239;true
0;0;997;0;1751357235237;1751357235240;true
1;2;838;46054;1751357235258;1751357235259;false
1;1;838;72346;1751357235258;1751357235261;false
1;0;838;153162;1751357235258;1751357235262;false
0;2;998;0;1751357235269;1751357235272;true
0;1;998;0;1751357235269;1751357235274;true
0;0;998;0;1751357235269;1751357235275;true
1;1;839;77039;1751357235285;1751357235287;false
1;2;839;49396;1751357235285;1751357235287;false
1;0;839;164557;1751357235285;1751357235288;false
0;2;999;0;1751357235301;1751357235303;true
0;1;999;0;1751357235301;1751357235305;true
0;0;999;0;1751357235301;1751357235305;true
1;2;840;49561;1751357235318;1751357235334;false
1;1;840;77227;1751357235318;1751357235334;false
1;0;840;165231;1751357235318;1751357235336;false
0;2;1000;0;1751357235334;1751357235336;true
0;1;1000;0;1751357235334;1751357235337;true
0;0;1000;0;1751357235334;1751357235338;true
1;2;841;49070;1751357235363;1751357235365;false
1;1;841;77337;1751357235363;1751357235366;false
1;0;841;165047;1751357235363;1751357235367;false
0;2;1001;0;1751357235367;1751357235369;true
0;1;1001;0;1751357235367;1751357235372;true
0;0;1001;0;1751357235367;1751357235372;true
1;2;842;49139;1751357235379;1751357235380;false
1;1;842;77190;1751357235379;1751357235381;false
1;0;842;165247;1751357235379;1751357235394;false
0;2;1002;0;1751357235404;1751357235406;true
0;0;1002;0;1751357235404;1751357235408;true
0;1;1002;0;1751357235404;1751357235408;true
1;2;843;49438;1751357235408;1751357235409;false
1;0;843;165255;1751357235408;1751357235420;false
1;1;843;77613;1751357235408;1751357235420;false
0;2;1003;0;1751357235435;1751357235441;true
0;1;1003;0;1751357235435;1751357235441;true
0;0;1003;0;1751357235435;1751357235441;true
1;1;844;76967;1751357235443;1751357235445;false
1;2;844;49321;1751357235443;1751357235445;false
1;0;844;164924;1751357235443;1751357235446;false
0;2;1004;0;1751357235470;1751357235472;true
0;1;1004;0;1751357235470;1751357235473;true
1;2;845;49217;1751357235473;1751357235475;false
0;0;1004;0;1751357235470;1751357235475;true
1;1;845;77283;1751357235473;1751357235476;false
1;0;845;164541;1751357235473;1751357235477;false
0;2;1005;0;1751357235501;1751357235502;true
0;1;1005;0;1751357235501;1751357235504;true
0;0;1005;0;1751357235501;1751357235506;true
1;2;846;49058;1751357235508;1751357235510;false
1;1;846;77561;1751357235508;1751357235510;false
1;0;846;165055;1751357235508;1751357235512;false
0;2;1006;0;1751357235537;1751357235539;true
0;1;1006;0;1751357235537;1751357235541;true
0;0;1006;0;1751357235537;1751357235543;true
1;2;847;48831;1751357235543;1751357235545;false
1;1;847;76563;1751357235543;1751357235546;false
1;0;847;163040;1751357235543;1751357235547;false
0;1;1007;0;1751357235573;1751357235576;true
0;0;1007;0;1751357235573;1751357235578;true
0;2;1007;0;1751357235573;1751357235578;true
1;2;848;48859;1751357235578;1751357235580;false
1;1;848;76083;1751357235578;1751357235581;false
1;0;848;162860;1751357235578;1751357235581;false
0;2;1008;0;1751357235603;1751357235606;true
0;1;1008;0;1751357235603;1751357235606;true
0;0;1008;0;1751357235603;1751357235608;true
1;2;849;48663;1751357235608;1751357235609;false
1;1;849;76293;1751357235608;1751357235611;false
1;0;849;163594;1751357235609;1751357235612;false
0;2;1009;0;1751357235634;1751357235637;true
0;1;1009;0;1751357235635;1751357235639;true
1;2;850;48956;1751357235638;1751357235639;false
0;0;1009;0;1751357235634;1751357235640;true
1;1;850;76508;1751357235638;1751357235640;false
1;0;850;163014;1751357235638;1751357235642;false
0;1;1010;0;1751357235665;1751357235668;true
0;2;1010;0;1751357235665;1751357235669;true
0;0;1010;0;1751357235665;1751357235671;true
1;2;851;48732;1751357235673;1751357235675;false
1;1;851;76164;1751357235674;1751357235676;false
1;0;851;162240;1751357235673;1751357235676;false
0;1;1011;0;1751357235697;1751357235698;true
0;2;1011;0;1751357235697;1751357235699;true
0;0;1011;0;1751357235697;1751357235700;true
1;2;852;48823;1751357235713;1751357235718;false
1;1;852;75957;1751357235713;1751357235728;false
1;0;852;162545;1751357235713;1751357235730;false
0;2;1012;0;1751357235730;1751357235731;true
0;1;1012;0;1751357235730;1751357235732;true
0;0;1012;0;1751357235730;1751357235734;true
1;2;853;48481;1751357235738;1751357235739;false
1;1;853;75554;1751357235738;1751357235745;false
1;0;853;161957;1751357235738;1751357235752;false
0;2;1013;0;1751357235768;1751357235770;true
0;1;1013;0;1751357235768;1751357235770;true
0;0;1013;0;1751357235768;1751357235771;true
1;2;854;49061;1751357235788;1751357235789;false
1;1;854;75544;1751357235788;1751357235790;false
1;0;854;162634;1751357235788;1751357235791;false
0;2;1014;0;1751357235799;1751357235801;true
0;1;1014;0;1751357235799;1751357235803;true
0;0;1014;0;1751357235799;1751357235804;true
1;2;855;49021;1751357235803;1751357235805;false
1;1;855;76121;1751357235803;1751357235815;false
1;0;855;162998;1751357235803;1751357235816;false
0;2;1015;0;1751357235831;1751357235833;true
0;1;1015;0;1751357235832;1751357235835;true
0;0;1015;0;1751357235831;1751357235836;true
1;2;856;49252;1751357235848;1751357235865;false
1;1;856;76819;1751357235848;1751357235866;false
0;2;1016;0;1751357235863;1751357235866;true
0;1;1016;0;1751357235863;1751357235867;true
1;0;856;163768;1751357235848;1751357235868;false
0;0;1016;0;1751357235863;1751357235868;true
1;2;857;48702;1751357235880;1751357235882;false
1;0;857;163846;1751357235880;1751357235896;false
1;1;857;76255;1751357235880;1751357235897;false
0;2;1017;0;1751357235895;1751357235898;true
0;1;1017;0;1751357235895;1751357235898;true
0;0;1017;0;1751357235895;1751357235900;true
1;2;858;49333;1751357235914;1751357235915;false
1;1;858;77333;1751357235914;1751357235916;false
1;0;858;164559;1751357235914;1751357235917;false
0;1;1018;0;1751357235933;1751357235935;true
0;2;1018;0;1751357235933;1751357235935;true
0;0;1018;0;1751357235933;1751357235937;true
1;2;859;49633;1751357235939;1751357235940;false
1;1;859;77139;1751357235939;1751357235941;false
1;0;859;165812;1751357235939;1751357235942;false
0;2;1019;0;1751357235966;1751357235968;true
1;2;860;49368;1751357235968;1751357235969;false
1;1;860;76870;1751357235968;1751357235970;false
0;1;1019;0;1751357235966;1751357235970;true
0;0;1019;0;1751357235966;1751357235971;true
1;0;860;164518;1751357235968;1751357235972;false
0;2;1020;0;1751357235998;1751357236001;true
0;1;1020;0;1751357235998;1751357236001;true
0;0;1020;0;1751357235998;1751357236003;true
1;2;861;49286;1751357236003;1751357236005;false
1;1;861;77634;1751357236003;1751357236015;false
1;0;861;165868;1751357236003;1751357236015;false
0;2;1021;0;1751357236032;1751357236034;true
0;1;1021;0;1751357236032;1751357236034;true
0;0;1021;0;1751357236032;1751357236035;true
1;2;862;50248;1751357236048;1751357236064;false
1;1;862;78559;1751357236048;1751357236064;false
1;0;862;167868;1751357236048;1751357236065;false
0;2;1022;0;1751357236063;1751357236066;true
0;1;1022;0;1751357236063;1751357236067;true
0;0;1022;0;1751357236063;1751357236068;true
1;2;863;49687;1751357236068;1751357236080;false
1;1;863;77914;1751357236068;1751357236083;false
1;0;863;166276;1751357236068;1751357236099;false
0;2;1023;0;1751357236099;1751357236101;true
0;1;1023;0;1751357236099;1751357236102;true
0;0;1023;0;1751357236099;1751357236104;true
1;2;864;50325;1751357236103;1751357236115;false
1;1;864;78132;1751357236103;1751357236130;false
1;0;864;167693;1751357236103;1751357236131;false
0;1;1024;0;1751357236130;1751357236132;true
0;2;1024;0;1751357236130;1751357236133;true
0;0;1024;0;1751357236130;1751357236134;true
1;2;865;49551;1751357236133;1751357236148;false
1;1;865;77483;1751357236133;1751357236149;false
1;0;865;165706;1751357236133;1751357236149;false
0;2;1025;0;1751357236162;1751357236164;true
0;1;1025;0;1751357236162;1751357236165;true
0;0;1025;0;1751357236162;1751357236166;true
1;2;866;49503;1751357236183;1751357236185;false
1;1;866;77374;1751357236183;1751357236185;false
1;0;866;165818;1751357236184;1751357236186;false
0;2;1026;0;1751357236194;1751357236195;true
0;1;1026;0;1751357236194;1751357236196;true
0;0;1026;0;1751357236194;1751357236198;true
1;2;867;49315;1751357236210;1751357236211;false
1;1;867;77422;1751357236210;1751357236211;false
1;0;867;166452;1751357236210;1751357236213;false
0;2;1027;0;1751357236225;1751357236227;true
0;1;1027;0;1751357236225;1751357236229;true
0;0;1027;0;1751357236225;1751357236231;true
1;2;868;49529;1751357236233;1751357236234;false
1;1;868;76789;1751357236233;1751357236236;false
1;0;868;165550;1751357236233;1751357236237;false
0;2;1028;0;1751357236265;1751357236268;true
0;1;1028;0;1751357236265;1751357236269;true
1;1;869;77766;1751357236268;1751357236269;false
1;2;869;49637;1751357236268;1751357236269;false
0;0;1028;0;1751357236265;1751357236270;true
1;0;869;166280;1751357236268;1751357236271;false
0;2;1029;0;1751357236297;1751357236301;true
0;1;1029;0;1751357236297;1751357236302;true
0;0;1029;0;1751357236297;1751357236303;true
1;2;870;49969;1751357236298;1751357236313;false
1;1;870;78477;1751357236298;1751357236315;false
1;0;870;167111;1751357236298;1751357236315;false
0;1;1030;0;1751357236328;1751357236333;true
0;2;1030;0;1751357236328;1751357236333;true
0;0;1030;0;1751357236328;1751357236334;true
1;2;871;49911;1751357236333;1751357236336;false
1;1;871;78234;1751357236333;1751357236337;false
1;0;871;166901;1751357236333;1751357236338;false
0;1;1031;0;1751357236360;1751357236363;true
0;2;1031;0;1751357236360;1751357236364;true
0;0;1031;0;1751357236360;1751357236365;true
1;2;872;49541;1751357236375;1751357236377;false
1;1;872;77249;1751357236375;1751357236377;false
1;0;872;166383;1751357236375;1751357236379;false
0;2;1032;0;1751357236391;1751357236394;true
0;1;1032;0;1751357236392;1751357236395;true
0;0;1032;0;1751357236392;1751357236396;true
1;2;873;50104;1751357236398;1751357236400;false
1;1;873;77795;1751357236398;1751357236401;false
1;0;873;166552;1751357236398;1751357236401;false
0;2;1033;0;1751357236423;1751357236426;true
0;1;1033;0;1751357236423;1751357236428;true
0;0;1033;0;1751357236423;1751357236428;true
1;2;874;49784;1751357236453;1751357236455;false
1;1;874;78560;1751357236453;1751357236455;false
1;0;874;167761;1751357236453;1751357236456;false
0;2;1034;0;1751357236456;1751357236458;true
0;1;1034;0;1751357236456;1751357236459;true
0;0;1034;0;1751357236456;1751357236460;true
1;2;875;50600;1751357236473;1751357236474;false
1;0;875;169112;1751357236473;1751357236475;false
1;1;875;78507;1751357236473;1751357236475;false
0;2;1035;0;1751357236500;1751357236503;true
0;1;1035;0;1751357236500;1751357236504;true
1;2;876;51497;1751357236503;1751357236505;false
0;0;1035;0;1751357236500;1751357236506;true
1;0;876;171770;1751357236503;1751357236506;false
1;1;876;80484;1751357236503;1751357236507;false
1;2;877;52443;1751357236533;1751357236535;false
0;2;1036;0;1751357236532;1751357236535;true
1;1;877;82195;1751357236533;1751357236536;false
0;1;1036;0;1751357236532;1751357236536;true
0;0;1036;0;1751357236532;1751357236537;true
1;0;877;164216;1751357236533;1751357236538;false
0;2;1037;0;1751357236563;1751357236566;true
0;1;1037;0;1751357236563;1751357236567;true
0;0;1037;0;1751357236563;1751357236569;true
1;2;878;52694;1751357236568;1751357236569;false
1;1;878;82536;1751357236568;1751357236571;false
1;0;878;177155;1751357236568;1751357236573;false
0;2;1038;0;1751357236596;1751357236599;true
1;2;879;53731;1751357236598;1751357236600;false
0;1;1038;0;1751357236597;1751357236601;true
1;1;879;83449;1751357236598;1751357236601;false
0;0;1038;0;1751357236597;1751357236601;true
1;0;879;178775;1751357236598;1751357236603;false
0;2;1039;0;1751357236627;1751357236629;true
0;1;1039;0;1751357236627;1751357236632;true
0;0;1039;0;1751357236627;1751357236632;true
1;1;880;84219;1751357236628;1751357236635;false
1;2;880;54153;1751357236628;1751357236635;false
1;0;880;180203;1751357236628;1751357236643;false
0;2;1040;0;1751357236661;1751357236664;true
1;2;881;53938;1751357236663;1751357236665;false
0;1;1040;0;1751357236661;1751357236666;true
0;0;1040;0;1751357236661;1751357236667;true
1;1;881;85296;1751357236663;1751357236667;false
1;0;881;181708;1751357236664;1751357236668;false
0;2;1041;0;1751357236693;1751357236695;true
0;1;1041;0;1751357236693;1751357236697;true
0;0;1041;0;1751357236693;1751357236698;true
1;2;882;53849;1751357236698;1751357236699;false
1;1;882;84189;1751357236698;1751357236701;false
1;0;882;180907;1751357236698;1751357236702;false
0;2;1042;0;1751357236726;1751357236728;true
0;1;1042;0;1751357236726;1751357236730;true
0;0;1042;0;1751357236726;1751357236730;true
1;1;883;84738;1751357236728;1751357236731;false
1;2;883;54053;1751357236728;1751357236732;false
1;0;883;180444;1751357236728;1751357236733;false
0;2;1043;0;1751357236757;1751357236760;true
0;1;1043;0;1751357236758;1751357236760;true
0;0;1043;0;1751357236758;1751357236761;true
1;2;884;54177;1751357236773;1751357236789;false
1;1;884;84731;1751357236773;1751357236789;false
0;2;1044;0;1751357236788;1751357236790;true
0;1;1044;0;1751357236788;1751357236790;true
0;0;1044;0;1751357236788;1751357236791;true
1;0;884;181800;1751357236773;1751357236795;false
1;2;885;54389;1751357236795;1751357236799;false
1;1;885;79402;1751357236795;1751357236811;false
1;0;885;169603;1751357236795;1751357236813;false
0;2;1045;0;1751357236826;1751357236828;true
0;1;1045;0;1751357236826;1751357236830;true
1;2;886;54243;1751357236828;1751357236831;false
0;0;1045;0;1751357236826;1751357236831;true
1;0;886;180753;1751357236828;1751357236832;false
1;1;886;84192;1751357236828;1751357236842;false
0;2;1046;0;1751357236859;1751357236860;true
0;1;1046;0;1751357236859;1751357236863;true
0;0;1046;0;1751357236859;1751357236864;true
1;2;887;54050;1751357236863;1751357236866;false
1;1;887;83972;1751357236863;1751357236866;false
1;0;887;180349;1751357236863;1751357236867;false
0;2;1047;0;1751357236891;1751357236893;true
1;2;888;53775;1751357236893;1751357236894;false
0;1;1047;0;1751357236891;1751357236895;true
0;0;1047;0;1751357236891;1751357236895;true
1;1;888;85128;1751357236893;1751357236896;false
1;0;888;180589;1751357236893;1751357236897;false
0;2;1048;0;1751357236922;1751357236923;true
0;0;1048;0;1751357236922;1751357236927;true
0;1;1048;0;1751357236922;1751357236927;true
1;2;889;53455;1751357236928;1751357236930;false
1;1;889;83740;1751357236928;1751357236932;false
1;0;889;179090;1751357236928;1751357236934;false
0;2;1049;0;1751357236953;1751357236956;true
0;1;1049;0;1751357236954;1751357236956;true
0;0;1049;0;1751357236954;1751357236957;true
1;2;890;54044;1751357236958;1751357236969;false
1;1;890;84498;1751357236958;1751357236970;false
1;0;890;168891;1751357236958;1751357236971;false
0;1;1050;0;1751357236993;1751357236995;true
0;2;1050;0;1751357236993;1751357236997;true
0;0;1050;0;1751357236993;1751357236998;true
1;2;891;54348;1751357236993;1751357237009;false
1;1;891;84555;1751357236993;1751357237009;false
1;0;891;181438;1751357236993;1751357237010;false
0;1;1051;0;1751357237024;1751357237027;true
0;2;1051;0;1751357237024;1751357237027;true
0;0;1051;0;1751357237024;1751357237029;true
1;2;892;53913;1751357237028;1751357237031;false
1;1;892;84572;1751357237029;1751357237032;false
1;0;892;180265;1751357237028;1751357237032;false
0;1;1052;0;1751357237055;1751357237057;true
0;2;1052;0;1751357237055;1751357237059;true
1;2;893;50285;1751357237058;1751357237060;false
0;0;1052;0;1751357237055;1751357237060;true
1;1;893;79378;1751357237058;1751357237060;false
1;0;893;167651;1751357237058;1751357237062;false
0;2;1053;0;1751357237091;1751357237093;true
1;2;894;53471;1751357237093;1751357237095;false
0;1;1053;0;1751357237091;1751357237095;true
0;0;1053;0;1751357237091;1751357237096;true
1;1;894;83369;1751357237093;1751357237096;false
1;0;894;179307;1751357237093;1751357237097;false
0;2;1054;0;1751357237123;1751357237124;true
0;1;1054;0;1751357237123;1751357237127;true
0;0;1054;0;1751357237123;1751357237128;true
1;1;895;78160;1751357237128;1751357237130;false
1;2;895;49236;1751357237128;1751357237130;false
1;0;895;164988;1751357237128;1751357237131;false
0;2;1055;0;1751357237158;1751357237161;true
0;1;1055;0;1751357237158;1751357237161;true
0;0;1055;0;1751357237158;1751357237162;true
1;2;896;53161;1751357237158;1751357237173;false
1;1;896;82688;1751357237159;1751357237174;false
1;0;896;176544;1751357237159;1751357237192;false
0;2;1056;0;1751357237191;1751357237192;true
0;1;1056;0;1751357237191;1751357237196;true
0;0;1056;0;1751357237191;1751357237197;true
1;2;897;53118;1751357237192;1751357237208;false
1;1;897;83039;1751357237193;1751357237209;false
1;0;897;177328;1751357237192;1751357237222;false
0;1;1057;0;1751357237222;1751357237225;true
0;2;1057;0;1751357237222;1751357237225;true
0;0;1057;0;1751357237222;1751357237227;true
1;1;898;83147;1751357237228;1751357237239;false
1;2;898;53397;1751357237228;1751357237240;false
1;0;898;177559;1751357237228;1751357237244;false
0;2;1058;0;1751357237254;1751357237257;true
0;1;1058;0;1751357237254;1751357237258;true
1;2;899;53066;1751357237258;1751357237259;false
0;0;1058;0;1751357237254;1751357237259;true
1;1;899;83451;1751357237258;1751357237260;false
1;0;899;177404;1751357237258;1751357237272;false
0;2;1059;0;1751357237287;1751357237289;true
0;1;1059;0;1751357237287;1751357237290;true
1;1;900;83111;1751357237288;1751357237291;false
1;2;900;53091;1751357237288;1751357237291;false
0;0;1059;0;1751357237287;1751357237291;true
1;0;900;177107;1751357237288;1751357237302;false
1;2;901;52642;1751357237323;1751357237324;false
0;2;1060;0;1751357237322;1751357237325;true
1;1;901;82119;1751357237323;1751357237326;false
0;1;1060;0;1751357237322;1751357237327;true
0;0;1060;0;1751357237322;1751357237327;true
1;0;901;176445;1751357237323;1751357237327;false
0;1;1061;0;1751357237360;1751357237362;true
0;2;1061;0;1751357237359;1751357237363;true
0;0;1061;0;1751357237360;1751357237363;true
1;1;902;81997;1751357237363;1751357237365;false
1;2;902;53276;1751357237363;1751357237366;false
1;0;902;176451;1751357237363;1751357237367;false
0;1;1062;0;1751357237390;1751357237392;true
0;2;1062;0;1751357237390;1751357237394;true
0;0;1062;0;1751357237390;1751357237395;true
1;2;903;52796;1751357237394;1751357237396;false
1;1;903;83034;1751357237394;1751357237396;false
1;0;903;177712;1751357237394;1751357237397;false
0;1;1063;0;1751357237425;1751357237427;true
0;2;1063;0;1751357237425;1751357237427;true
0;0;1063;0;1751357237425;1751357237429;true
1;2;904;53176;1751357237429;1751357237429;false
1;1;904;82561;1751357237429;1751357237431;false
1;0;904;177427;1751357237429;1751357237432;false
0;2;1064;0;1751357237456;1751357237459;true
0;0;1064;0;1751357237456;1751357237459;true
0;1;1064;0;1751357237456;1751357237461;true
1;1;905;83333;1751357237459;1751357237461;false
1;2;905;53318;1751357237459;1751357237461;false
1;0;905;178309;1751357237459;1751357237461;false
0;1;1065;0;1751357237488;1751357237490;true
0;2;1065;0;1751357237488;1751357237491;true
0;0;1065;0;1751357237488;1751357237492;true
1;2;906;52996;1751357237495;1751357237495;false
1;1;906;82686;1751357237495;1751357237496;false
1;0;906;177411;1751357237495;1751357237497;false
0;2;1066;0;1751357237518;1751357237519;true
0;1;1066;0;1751357237518;1751357237522;true
0;0;1066;0;1751357237518;1751357237523;true
1;2;907;53239;1751357237523;1751357237524;false
1;1;907;83212;1751357237523;1751357237526;false
1;0;907;178501;1751357237523;1751357237526;false
1;2;908;52849;1751357237558;1751357237559;false
1;1;908;83001;1751357237558;1751357237560;false
0;2;1067;0;1751357237557;1751357237560;true
0;1;1067;0;1751357237558;1751357237560;true
0;0;1067;0;1751357237558;1751357237562;true
1;0;908;177944;1751357237558;1751357237563;false
0;1;1068;0;1751357237590;1751357237592;true
0;2;1068;0;1751357237590;1751357237597;true
0;0;1068;0;1751357237590;1751357237597;true
1;2;909;52416;1751357237597;1751357237598;false
1;1;909;81857;1751357237597;1751357237598;false
1;0;909;175453;1751357237597;1751357237599;false
0;2;1069;0;1751357237624;1751357237626;true
0;1;1069;0;1751357237624;1751357237627;true
0;0;1069;0;1751357237624;1751357237628;true
1;2;910;52024;1751357237628;1751357237630;false
1;1;910;81587;1751357237628;1751357237631;false
1;0;910;175299;1751357237628;1751357237631;false
0;1;1070;0;1751357237653;1751357237656;true
0;2;1070;0;1751357237653;1751357237656;true
0;0;1070;0;1751357237653;1751357237658;true
1;1;911;80796;1751357237658;1751357237660;false
1;2;911;51624;1751357237658;1751357237660;false
1;0;911;172176;1751357237658;1751357237663;false
0;1;1071;0;1751357237688;1751357237689;true
0;2;1071;0;1751357237688;1751357237690;true
0;0;1071;0;1751357237688;1751357237692;true
1;2;912;51889;1751357237695;1751357237695;false
1;1;912;80515;1751357237695;1751357237696;false
1;0;912;172370;1751357237695;1751357237697;false
0;2;1072;0;1751357237720;1751357237723;true
1;2;913;51063;1751357237723;1751357237724;false
0;1;1072;0;1751357237720;1751357237726;true
1;1;913;80519;1751357237723;1751357237726;false
0;0;1072;0;1751357237720;1751357237726;true
1;0;913;171573;1751357237723;1751357237728;false
0;2;1073;0;1751357237752;1751357237754;true
1;2;914;51685;1751357237753;1751357237755;false
0;1;1073;0;1751357237752;1751357237756;true
1;1;914;80405;1751357237753;1751357237756;false
0;0;1073;0;1751357237752;1751357237757;true
1;0;914;172747;1751357237753;1751357237758;false
0;2;1074;0;1751357237783;1751357237786;true
0;1;1074;0;1751357237783;1751357237786;true
0;0;1074;0;1751357237783;1751357237788;true
1;1;915;81293;1751357237788;1751357237790;false
1;2;915;51565;1751357237788;1751357237791;false
1;0;915;173062;1751357237788;1751357237792;false
0;1;1075;0;1751357237814;1751357237817;true
0;2;1075;0;1751357237814;1751357237817;true
0;0;1075;0;1751357237814;1751357237819;true
1;2;916;52040;1751357237818;1751357237820;false
1;1;916;81501;1751357237818;1751357237820;false
1;0;916;174427;1751357237818;1751357237830;false
0;2;1076;0;1751357237845;1751357237848;true
0;1;1076;0;1751357237845;1751357237849;true
0;0;1076;0;1751357237845;1751357237851;true
1;2;917;52326;1751357237855;1751357237856;false
1;1;917;82122;1751357237855;1751357237857;false
1;0;917;175668;1751357237855;1751357237857;false
0;2;1077;0;1751357237887;1751357237890;true
0;0;1077;0;1751357237887;1751357237892;true
0;1;1077;0;1751357237887;1751357237892;true
1;2;918;52078;1751357237888;1751357237895;false
1;1;918;81263;1751357237895;1751357237919;false
1;0;918;174269;1751357237888;1751357237921;false
1;1;919;81753;1751357237919;1751357237922;false
0;2;1078;0;1751357237919;1751357237922;true
0;1;1078;0;1751357237919;1751357237923;true
1;2;919;52218;1751357237920;1751357237924;false
0;0;1078;0;1751357237919;1751357237924;true
1;0;919;173993;1751357237921;1751357237935;false
0;2;1079;0;1751357237951;1751357237952;true
0;1;1079;0;1751357237951;1751357237953;true
1;2;920;51493;1751357237953;1751357237955;false
0;0;1079;0;1751357237951;1751357237955;true
1;1;920;80732;1751357237953;1751357237956;false
1;0;920;172921;1751357237953;1751357237957;false
1;2;921;50798;1751357237983;1751357237985;false
0;1;1080;0;1751357237982;1751357237985;true
0;2;1080;0;1751357237982;1751357237986;true
1;1;921;80407;1751357237983;1751357237986;false
0;0;1080;0;1751357237982;1751357237987;true
1;0;921;171167;1751357237984;1751357237988;false
0;2;1081;0;1751357238013;1751357238016;true
0;1;1081;0;1751357238013;1751357238017;true
0;0;1081;0;1751357238013;1751357238018;true
1;1;922;81343;1751357238018;1751357238021;false
1;2;922;52136;1751357238018;1751357238021;false
1;0;922;173599;1751357238018;1751357238022;false
0;2;1082;0;1751357238052;1751357238055;true
0;1;1082;0;1751357238052;1751357238055;true
0;0;1082;0;1751357238052;1751357238057;true
1;2;923;52180;1751357238053;1751357238059;false
1;1;923;81741;1751357238053;1751357238070;false
1;0;923;174449;1751357238059;1751357238086;false
0;2;1083;0;1751357238084;1751357238087;true
0;1;1083;0;1751357238085;1751357238087;true
1;2;924;52734;1751357238086;1751357238089;false
1;1;924;82701;1751357238086;1751357238089;false
0;0;1083;0;1751357238084;1751357238089;true
1;0;924;176243;1751357238086;1751357238101;false
0;1;1084;0;1751357238116;1751357238120;true
0;2;1084;0;1751357238116;1751357238120;true
1;2;925;53482;1751357238118;1751357238120;false
0;0;1084;0;1751357238116;1751357238121;true
1;1;925;83622;1751357238118;1751357238122;false
1;0;925;179074;1751357238118;1751357238123;false
0;2;1085;0;1751357238151;1751357238154;true
0;1;1085;0;1751357238151;1751357238155;true
1;2;926;53601;1751357238153;1751357238155;false
0;0;1085;0;1751357238151;1751357238155;true
1;1;926;84418;1751357238153;1751357238156;false
1;0;926;179724;1751357238153;1751357238157;false
0;1;1086;0;1751357238182;1751357238185;true
0;2;1086;0;1751357238182;1751357238185;true
0;0;1086;0;1751357238182;1751357238186;true
1;2;927;53384;1751357238183;1751357238189;false
1;1;927;83791;1751357238183;1751357238189;false
1;0;927;179082;1751357238183;1751357238199;false
0;2;1087;0;1751357238213;1751357238214;true
0;1;1087;0;1751357238213;1751357238217;true
0;0;1087;0;1751357238213;1751357238218;true
1;2;928;53361;1751357238219;1751357238220;false
1;1;928;83569;1751357238220;1751357238221;false
1;0;928;179382;1751357238219;1751357238223;false
0;2;1088;0;1751357238250;1751357238252;true
0;1;1088;0;1751357238250;1751357238254;true
1;2;929;53249;1751357238253;1751357238255;false
0;0;1088;0;1751357238250;1751357238255;true
1;1;929;83680;1751357238253;1751357238256;false
1;0;929;179374;1751357238253;1751357238257;false
1;2;930;53835;1751357238283;1751357238284;false
0;1;1089;0;1751357238282;1751357238286;true
0;2;1089;0;1751357238282;1751357238286;true
0;0;1089;0;1751357238282;1751357238287;true
1;1;930;84554;1751357238283;1751357238299;false
1;0;930;181303;1751357238283;1751357238299;false
0;1;1090;0;1751357238314;1751357238316;true
0;2;1090;0;1751357238314;1751357238317;true
0;0;1090;0;1751357238314;1751357238319;true
1;2;931;54906;1751357238318;1751357238319;false
1;1;931;85452;1751357238319;1751357238321;false
1;0;931;182929;1751357238319;1751357238322;false
0;1;1091;0;1751357238345;1751357238348;true
0;0;1091;0;1751357238345;1751357238349;true
1;2;932;54541;1751357238348;1751357238350;false
1;1;932;85201;1751357238348;1751357238350;false
0;2;1091;0;1751357238345;1751357238350;true
1;0;932;182816;1751357238348;1751357238352;false
0;2;1092;0;1751357238384;1751357238385;true
0;1;1092;0;1751357238384;1751357238387;true
0;0;1092;0;1751357238384;1751357238388;true
1;1;933;86122;1751357238388;1751357238390;false
1;2;933;55277;1751357238388;1751357238391;false
1;0;933;185193;1751357238388;1751357238393;false
1;1;934;84633;1751357238418;1751357238420;false
0;1;1093;0;1751357238417;1751357238420;true
1;2;934;53949;1751357238418;1751357238421;false
0;2;1093;0;1751357238417;1751357238421;true
0;0;1093;0;1751357238417;1751357238422;true
1;0;934;180886;1751357238418;1751357238423;false
0;2;1094;0;1751357238448;1751357238451;true
0;1;1094;0;1751357238448;1751357238452;true
0;0;1094;0;1751357238448;1751357238453;true
1;1;935;86091;1751357238453;1751357238455;false
1;2;935;55186;1751357238453;1751357238456;false
1;0;935;184514;1751357238453;1751357238457;false
0;2;1095;0;1751357238480;1751357238482;true
0;1;1095;0;1751357238480;1751357238484;true
1;1;936;86004;1751357238483;1751357238485;false
0;0;1095;0;1751357238480;1751357238485;true
1;2;936;54538;1751357238483;1751357238487;false
1;0;936;183808;1751357238483;1751357238487;false
0;2;1096;0;1751357238516;1751357238517;true
0;1;1096;0;1751357238517;1751357238518;true
0;0;1096;0;1751357238517;1751357238518;true
1;1;937;86106;1751357238533;1751357238535;false
1;2;937;54927;1751357238534;1751357238535;false
1;0;937;183748;1751357238535;1751357238538;false
0;1;1097;0;1751357238535;1751357238538;true
0;2;1097;0;1751357238535;1751357238538;true
0;0;1097;0;1751357238535;1751357238539;true
1;2;938;54479;1751357238553;1751357238555;false
1;1;938;85109;1751357238553;1751357238555;false
1;0;938;182571;1751357238554;1751357238555;false
1;2;939;54082;1751357238583;1751357238584;false
1;1;939;84928;1751357238583;1751357238586;false
0;1;1098;0;1751357238582;1751357238586;true
0;2;1098;0;1751357238582;1751357238586;true
0;0;1098;0;1751357238582;1751357238587;true
1;0;939;182518;1751357238583;1751357238597;false
0;1;1099;0;1751357238612;1751357238615;true
0;2;1099;0;1751357238612;1751357238616;true
0;0;1099;0;1751357238612;1751357238617;true
1;2;940;55166;1751357238613;1751357238618;false
1;1;940;85424;1751357238614;1751357238632;false
1;0;940;183909;1751357238614;1751357238633;false
0;2;1100;0;1751357238647;1751357238649;true
0;0;1100;0;1751357238647;1751357238652;true
0;1;1100;0;1751357238647;1751357238653;true
1;2;941;53947;1751357238648;1751357238666;false
1;1;941;85220;1751357238648;1751357238666;false
1;0;941;182255;1751357238649;1751357238667;false
0;1;1101;0;1751357238667;1751357238670;true
0;0;1101;0;1751357238667;1751357238672;true
0;2;1101;0;1751357238667;1751357238672;true
1;2;942;54626;1751357238678;1751357238687;false
1;1;942;85142;1751357238678;1751357238687;false
1;0;942;182474;1751357238678;1751357238687;false
0;2;1102;0;1751357238700;1751357238701;true
0;1;1102;0;1751357238700;1751357238703;true
0;0;1102;0;1751357238700;1751357238704;true
1;2;943;54817;1751357238718;1751357238720;false
1;1;943;85909;1751357238718;1751357238731;false
1;0;943;183377;1751357238718;1751357238733;false
0;1;1103;0;1751357238733;1751357238734;true
0;2;1103;0;1751357238733;1751357238735;true
0;0;1103;0;1751357238733;1751357238735;true
1;2;944;54176;1751357238748;1751357238751;false
1;1;944;84789;1751357238748;1751357238752;false
1;0;944;181774;1751357238748;1751357238766;false
0;2;1104;0;1751357238766;1751357238766;true
0;1;1104;0;1751357238766;1751357238768;true
0;0;1104;0;1751357238766;1751357238769;true
1;2;945;54204;1751357238783;1751357238785;false
1;1;945;85127;1751357238783;1751357238785;false
1;0;945;182149;1751357238784;1751357238797;false
0;2;1105;0;1751357238812;1751357238816;true
0;1;1105;0;1751357238812;1751357238817;true
0;0;1105;0;1751357238812;1751357238818;true
1;1;946;84383;1751357238814;1751357238818;false
1;2;946;53951;1751357238814;1751357238829;false
1;0;946;181187;1751357238814;1751357238829;false
0;1;1106;0;1751357238844;1751357238846;true
0;2;1106;0;1751357238844;1751357238849;true
0;0;1106;0;1751357238844;1751357238849;true
1;2;947;54747;1751357238848;1751357238851;false
1;1;947;85719;1751357238848;1751357238851;false
1;0;947;184161;1751357238848;1751357238852;false
0;2;1107;0;1751357238875;1751357238877;true
0;1;1107;0;1751357238875;1751357238879;true
0;0;1107;0;1751357238875;1751357238879;true
1;2;948;53855;1751357238878;1751357238880;false
1;1;948;84898;1751357238879;1751357238880;false
1;0;948;182051;1751357238878;1751357238883;false
0;2;1108;0;1751357238898;1751357238899;true
0;1;1108;0;1751357238898;1751357238900;true
0;0;1108;0;1751357238898;1751357238901;true
1;2;949;54894;1751357238930;1751357238931;false
1;1;949;85580;1751357238930;1751357238932;false
0;2;1109;0;1751357238931;1751357238934;true
1;0;949;183797;1751357238930;1751357238935;false
0;1;1109;0;1751357238931;1751357238935;true
0;0;1109;0;1751357238931;1751357238935;true
1;2;950;54755;1751357238948;1751357238950;false
1;1;950;85830;1751357238948;1751357238951;false
1;0;950;183520;1751357238948;1751357238961;false
0;2;1110;0;1751357238970;1751357238972;true
0;1;1110;0;1751357238970;1751357238972;true
0;0;1110;0;1751357238970;1751357238974;true
1;2;951;54609;1751357238973;1751357238985;false
1;1;951;85472;1751357238973;1751357238986;false
1;0;951;183127;1751357238973;1751357238994;false
0;2;1111;0;1751357239009;1751357239011;true
0;1;1111;0;1751357239009;1751357239012;true
0;0;1111;0;1751357239009;1751357239014;true
1;1;952;85175;1751357239013;1751357239016;false
1;2;952;54461;1751357239013;1751357239016;false
1;0;952;183296;1751357239013;1751357239017;false
0;2;1112;0;1751357239040;1751357239042;true
0;1;1112;0;1751357239040;1751357239042;true
0;0;1112;0;1751357239040;1751357239044;true
1;1;953;84674;1751357239043;1751357239045;false
1;2;953;54527;1751357239043;1751357239046;false
1;0;953;182964;1751357239043;1751357239047;false
0;2;1113;0;1751357239064;1751357239066;true
0;1;1113;0;1751357239064;1751357239066;true
0;0;1113;0;1751357239064;1751357239068;true
1;1;954;85791;1751357239073;1751357239074;false
1;2;954;54754;1751357239073;1751357239074;false
1;0;954;182939;1751357239073;1751357239076;false
0;1;1114;0;1751357239097;1751357239100;true
0;2;1114;0;1751357239097;1751357239100;true
0;0;1114;0;1751357239097;1751357239101;true
0;2;1115;0;1751357239129;1751357239131;true
1;1;955;85760;1751357239113;1751357239131;false
1;2;955;55234;1751357239113;1751357239131;false
0;1;1115;0;1751357239129;1751357239132;true
0;0;1115;0;1751357239129;1751357239132;true
1;0;955;184858;1751357239128;1751357239136;false
1;2;956;54311;1751357239136;1751357239138;false
1;1;956;85400;1751357239136;1751357239159;false
1;0;956;183123;1751357239138;1751357239160;false
0;2;1116;0;1751357239175;1751357239177;true
1;2;957;54668;1751357239178;1751357239179;false
0;1;1116;0;1751357239175;1751357239179;true
0;0;1116;0;1751357239175;1751357239180;true
1;1;957;85604;1751357239178;1751357239182;false
1;0;957;171745;1751357239179;1751357239182;false
0;2;1117;0;1751357239211;1751357239212;true
0;1;1117;0;1751357239211;1751357239213;true
0;0;1117;0;1751357239211;1751357239215;true
1;2;958;55223;1751357239211;1751357239227;false
1;1;958;86632;1751357239227;1751357239229;false
0;2;1118;0;1751357239228;1751357239230;true
0;1;1118;0;1751357239228;1751357239231;true
0;0;1118;0;1751357239228;1751357239231;true
1;0;958;185905;1751357239213;1751357239244;false
1;2;959;54537;1751357239244;1751357239259;false
1;1;959;85886;1751357239244;1751357239259;false
1;0;959;183721;1751357239244;1751357239274;false
0;2;1119;0;1751357239273;1751357239277;true
0;1;1119;0;1751357239274;1751357239277;true
0;0;1119;0;1751357239273;1751357239279;true
1;1;960;86351;1751357239278;1751357239294;false
1;0;960;184304;1751357239278;1751357239294;false
1;2;960;54971;1751357239278;1751357239294;false
0;2;1120;0;1751357239294;1751357239295;true
0;1;1120;0;1751357239294;1751357239296;true
0;0;1120;0;1751357239294;1751357239297;true
1;1;961;85461;1751357239309;1751357239327;false
1;2;961;54214;1751357239309;1751357239327;false
1;0;961;182927;1751357239309;1751357239328;false
0;2;1121;0;1751357239327;1751357239328;true
0;1;1121;0;1751357239327;1751357239329;true
0;0;1121;0;1751357239327;1751357239330;true
1;2;962;54878;1751357239343;1751357239345;false
1;1;962;85365;1751357239343;1751357239346;false
1;0;962;183340;1751357239343;1751357239357;false
0;2;1122;0;1751357239372;1751357239373;true
0;1;1122;0;1751357239372;1751357239374;true
0;0;1122;0;1751357239372;1751357239377;true
1;2;963;54125;1751357239373;1751357239388;false
1;1;963;85329;1751357239378;1751357239389;false
1;0;963;181842;1751357239378;1751357239405;false
1;2;964;53503;1751357239405;1751357239406;false
0;1;1123;0;1751357239404;1751357239407;true
0;2;1123;0;1751357239404;1751357239407;true
0;0;1123;0;1751357239404;1751357239409;true
1;1;964;83625;1751357239406;1751357239409;false
1;0;964;180078;1751357239406;1751357239428;false
0;2;1124;0;1751357239427;1751357239430;true
0;1;1124;0;1751357239427;1751357239430;true
0;0;1124;0;1751357239427;1751357239431;true
1;2;965;54408;1751357239443;1751357239462;false
0;2;1125;0;1751357239460;1751357239462;true
1;1;965;84195;1751357239443;1751357239463;false
0;1;1125;0;1751357239461;1751357239464;true
1;0;965;181154;1751357239443;1751357239465;false
0;0;1125;0;1751357239461;1751357239466;true
1;2;966;55364;1751357239478;1751357239480;false
1;1;966;86899;1751357239478;1751357239481;false
1;0;966;186287;1751357239478;1751357239485;false
0;1;1126;0;1751357239496;1751357239499;true
0;2;1126;0;1751357239496;1751357239499;true
0;0;1126;0;1751357239496;1751357239500;true
1;2;967;56390;1751357239514;1751357239516;false
1;1;967;88314;1751357239514;1751357239518;false
1;0;967;188768;1751357239516;1751357239519;false
0;1;1127;0;1751357239527;1751357239530;true
0;2;1127;0;1751357239527;1751357239531;true
0;0;1127;0;1751357239527;1751357239532;true
1;2;968;56419;1751357239533;1751357239535;false
1;0;968;189122;1751357239533;1751357239544;false
1;1;968;88576;1751357239533;1751357239544;false
0;1;1128;0;1751357239559;1751357239562;true
0;2;1128;0;1751357239559;1751357239562;true
0;0;1128;0;1751357239559;1751357239563;true
1;2;969;56454;1751357239568;1751357239569;false
1;1;969;88368;1751357239568;1751357239569;false
1;0;969;189413;1751357239568;1751357239571;false
0;1;1129;0;1751357239594;1751357239595;true
0;2;1129;0;1751357239594;1751357239596;true
0;0;1129;0;1751357239594;1751357239597;true
1;2;970;56200;1751357239598;1751357239600;false
1;1;970;87954;1751357239598;1751357239601;false
1;0;970;187977;1751357239598;1751357239603;false
0;2;1130;0;1751357239627;1751357239629;true
0;1;1130;0;1751357239627;1751357239629;true
0;0;1130;0;1751357239627;1751357239630;true
1;2;971;56684;1751357239644;1751357239646;false
1;1;971;88264;1751357239644;1751357239647;false
1;0;971;189557;1751357239644;1751357239648;false
0;2;1131;0;1751357239660;1751357239663;true
0;1;1131;0;1751357239660;1751357239663;true
0;0;1131;0;1751357239660;1751357239665;true
1;1;972;88264;1751357239675;1751357239678;false
1;2;972;56392;1751357239675;1751357239678;false
1;0;972;189691;1751357239676;1751357239680;false
0;2;1132;0;1751357239692;1751357239694;true
0;1;1132;0;1751357239692;1751357239695;true
0;0;1132;0;1751357239692;1751357239695;true
1;2;973;56268;1751357239708;1751357239711;false
1;1;973;88235;1751357239708;1751357239727;false
1;0;973;188442;1751357239708;1751357239727;false
0;2;1133;0;1751357239726;1751357239729;true
0;0;1133;0;1751357239726;1751357239730;true
0;1;1133;0;1751357239726;1751357239731;true
1;2;974;56639;1751357239743;1751357239746;false
1;1;974;88687;1751357239743;1751357239746;false
1;0;974;189322;1751357239743;1751357239759;false
0;2;1134;0;1751357239758;1751357239760;true
0;1;1134;0;1751357239758;1751357239761;true
0;0;1134;0;1751357239758;1751357239761;true
1;2;975;56699;1751357239778;1751357239780;false
1;1;975;88839;1751357239778;1751357239782;false
1;0;975;190510;1751357239778;1751357239782;false
0;1;1135;0;1751357239789;1751357239792;true
0;2;1135;0;1751357239789;1751357239792;true
0;0;1135;0;1751357239789;1751357239794;true
1;2;976;56766;1751357239798;1751357239800;false
1;1;976;88798;1751357239798;1751357239800;false
1;0;976;190328;1751357239798;1751357239805;false
0;2;1136;0;1751357239824;1751357239826;true
0;1;1136;0;1751357239824;1751357239828;true
0;0;1136;0;1751357239824;1751357239828;true
1;2;977;57551;1751357239839;1751357239841;false
1;1;977;89760;1751357239839;1751357239841;false
1;0;977;190338;1751357239839;1751357239842;false
0;2;1137;0;1751357239855;1751357239856;true
0;1;1137;0;1751357239855;1751357239858;true
0;0;1137;0;1751357239855;1751357239859;true
1;2;978;57936;1751357239873;1751357239876;false
1;0;978;191366;1751357239873;1751357239878;false
1;1;978;89593;1751357239873;1751357239878;false
0;1;1138;0;1751357239902;1751357239906;true
0;2;1138;0;1751357239902;1751357239906;true
0;0;1138;0;1751357239902;1751357239908;true
1;2;979;56854;1751357239903;1751357239909;false
1;1;979;88592;1751357239903;1751357239919;false
1;0;979;190269;1751357239903;1751357239935;false
0;2;1139;0;1751357239934;1751357239937;true
0;1;1139;0;1751357239934;1751357239938;true
0;0;1139;0;1751357239934;1751357239939;true
1;2;980;53951;1751357239935;1751357239951;false
1;1;980;83992;1751357239935;1751357239952;false
1;0;980;177441;1751357239935;1751357239952;false
0;2;1140;0;1751357239958;1751357239960;true
0;1;1140;0;1751357239958;1751357239961;true
0;0;1140;0;1751357239958;1751357239961;true
1;2;981;56368;1751357239978;1751357239980;false
1;1;981;87908;1751357239978;1751357239980;false
1;0;981;187984;1751357239978;1751357239981;false
0;2;1141;0;1751357239989;1751357239992;true
0;1;1141;0;1751357239989;1751357239992;true
0;0;1141;0;1751357239989;1751357239994;true
1;2;982;56345;1751357239998;1751357239999;false
1;1;982;88367;1751357239998;1751357240000;false
1;0;982;189483;1751357239998;1751357240005;false
0;2;1142;0;1751357240021;1751357240022;true
0;1;1142;0;1751357240021;1751357240024;true
0;0;1142;0;1751357240021;1751357240025;true
0;2;1143;0;1751357240053;1751357240055;true
1;2;983;55505;1751357240038;1751357240055;false
1;1;983;87325;1751357240038;1751357240056;false
0;1;1143;0;1751357240053;1751357240056;true
0;0;1143;0;1751357240053;1751357240058;true
1;0;983;186871;1751357240038;1751357240058;false
1;2;984;55970;1751357240069;1751357240070;false
1;1;984;87896;1751357240069;1751357240085;false
1;0;984;187480;1751357240069;1751357240087;false
0;1;1144;0;1751357240086;1751357240088;true
0;2;1144;0;1751357240086;1751357240088;true
0;0;1144;0;1751357240086;1751357240090;true
1;1;985;87531;1751357240093;1751357240101;false
1;2;985;56115;1751357240093;1751357240107;false
1;0;985;187135;1751357240093;1751357240108;false
0;1;1145;0;1751357240122;1751357240125;true
0;2;1145;0;1751357240122;1751357240126;true
0;0;1145;0;1751357240122;1751357240126;true
1;2;986;56126;1751357240138;1751357240157;false
1;1;986;87712;1751357240138;1751357240157;false
0;1;1146;0;1751357240156;1751357240159;true
0;2;1146;0;1751357240156;1751357240159;true
1;0;986;188649;1751357240138;1751357240160;false
0;0;1146;0;1751357240156;1751357240160;true
1;2;987;56020;1751357240160;1751357240161;false
1;1;987;88191;1751357240160;1751357240173;false
1;0;987;188374;1751357240160;1751357240174;false
0;2;1147;0;1751357240188;1751357240190;true
0;1;1147;0;1751357240188;1751357240191;true
0;0;1147;0;1751357240188;1751357240191;true
1;1;988;87316;1751357240193;1751357240195;false
1;2;988;56422;1751357240193;1751357240196;false
1;0;988;187846;1751357240193;1751357240198;false
0;2;1148;0;1751357240219;1751357240221;true
0;1;1148;0;1751357240219;1751357240222;true
0;0;1148;0;1751357240219;1751357240223;true
1;2;989;56644;1751357240228;1751357240229;false
1;1;989;88329;1751357240228;1751357240230;false
1;0;989;189416;1751357240228;1751357240231;false
0;2;1149;0;1751357240254;1751357240257;true
0;1;1149;0;1751357240254;1751357240259;true
0;0;1149;0;1751357240254;1751357240260;true
1;2;990;56504;1751357240258;1751357240260;false
1;1;990;88262;1751357240258;1751357240271;false
1;0;990;188843;1751357240258;1751357240271;false
0;2;1150;0;1751357240286;1751357240289;true
0;1;1150;0;1751357240286;1751357240291;true
0;0;1150;0;1751357240286;1751357240292;true
1;1;991;87549;1751357240293;1751357240296;false
1;2;991;55592;1751357240293;1751357240296;false
1;0;991;188480;1751357240293;1751357240297;false
0;2;1151;0;1751357240321;1751357240324;true
0;1;1151;0;1751357240321;1751357240330;true
0;0;1151;0;1751357240321;1751357240330;true
1;2;992;55811;1751357240338;1751357240354;false
0;2;1152;0;1751357240353;1751357240355;true
1;1;992;87467;1751357240338;1751357240355;false
0;1;1152;0;1751357240353;1751357240356;true
0;0;1152;0;1751357240353;1751357240358;true
1;0;992;187695;1751357240338;1751357240359;false
1;2;993;55050;1751357240359;1751357240370;false
1;1;993;86490;1751357240359;1751357240386;false
1;0;993;185918;1751357240359;1751357240387;false
0;2;1153;0;1751357240385;1751357240388;true
0;1;1153;0;1751357240385;1751357240390;true
0;0;1153;0;1751357240385;1751357240390;true
1;2;994;55285;1751357240393;1751357240402;false
1;1;994;86599;1751357240393;1751357240402;false
1;0;994;185180;1751357240393;1751357240418;false
0;2;1154;0;1751357240416;1751357240418;true
0;1;1154;0;1751357240416;1751357240419;true
0;0;1154;0;1751357240416;1751357240421;true
1;2;995;55226;1751357240433;1751357240448;false
1;1;995;86878;1751357240433;1751357240449;false
0;1;1155;0;1751357240449;1751357240451;true
0;2;1155;0;1751357240449;1751357240452;true
0;0;1155;0;1751357240449;1751357240452;true
1;0;995;185358;1751357240433;1751357240456;false
1;1;996;86660;1751357240456;1751357240464;false
1;2;996;55445;1751357240456;1751357240472;false
1;0;996;185212;1751357240456;1751357240487;false
0;2;1156;0;1751357240487;1751357240489;true
0;1;1156;0;1751357240487;1751357240490;true
0;0;1156;0;1751357240487;1751357240491;true
1;1;997;85837;1751357240507;1751357240509;false
1;2;997;54851;1751357240507;1751357240509;false
1;0;997;184224;1751357240508;1751357240511;false
0;2;1157;0;1751357240522;1751357240524;true
0;1;1157;0;1751357240522;1751357240525;true
1;1;998;85866;1751357240524;1751357240526;false
1;2;998;55114;1751357240523;1751357240526;false
0;0;1157;0;1751357240522;1751357240527;true
1;0;998;184999;1751357240523;1751357240529;false
0;2;1158;0;1751357240552;1751357240554;true
0;1;1158;0;1751357240552;1751357240556;true
0;0;1158;0;1751357240552;1751357240556;true
1;2;999;55096;1751357240568;1751357240583;false
1;1;999;86236;1751357240568;1751357240584;false
0;2;1159;0;1751357240583;1751357240585;true
0;1;1159;0;1751357240583;1751357240586;true
0;0;1159;0;1751357240583;1751357240587;true
1;0;999;185838;1751357240568;1751357240590;false
1;2;1000;54846;1751357240589;1751357240603;false
1;1;1000;86482;1751357240589;1751357240603;false
1;0;1000;184317;1751357240590;1751357240619;false
0;1;1160;0;1751357240618;1751357240622;true
0;2;1160;0;1751357240618;1751357240622;true
0;0;1160;0;1751357240618;1751357240623;true
1;2;1001;54970;1751357240623;1751357240624;false
1;1;1001;86658;1751357240623;1751357240636;false
1;0;1001;172427;1751357240623;1751357240650;false
0;2;1161;0;1751357240650;1751357240651;true
0;1;1161;0;1751357240650;1751357240654;true
0;0;1161;0;1751357240650;1751357240655;true
1;2;1002;54732;1751357240666;1751357240668;false
1;1;1002;85975;1751357240666;1751357240668;false
1;0;1002;183528;1751357240666;1751357240687;false
0;2;1162;0;1751357240686;1751357240689;true
0;1;1162;0;1751357240686;1751357240690;true
0;0;1162;0;1751357240686;1751357240691;true
1;2;1003;55298;1751357240687;1751357240705;false
1;1;1003;86301;1751357240688;1751357240707;false
1;0;1003;185131;1751357240687;1751357240707;false
0;2;1163;0;1751357240719;1751357240721;true
0;1;1163;0;1751357240719;1751357240723;true
0;0;1163;0;1751357240719;1751357240724;true
1;2;1004;54437;1751357240723;1751357240725;false
1;1;1004;85374;1751357240723;1751357240726;false
1;0;1004;182541;1751357240723;1751357240728;false
0;2;1164;0;1751357240753;1751357240757;true
0;1;1164;0;1751357240753;1751357240757;true
0;0;1164;0;1751357240753;1751357240758;true
1;1;1005;86028;1751357240759;1751357240760;false
1;2;1005;54859;1751357240758;1751357240761;false
1;0;1005;184431;1751357240758;1751357240761;false
0;1;1165;0;1751357240784;1751357240786;true
0;2;1165;0;1751357240784;1751357240787;true
0;0;1165;0;1751357240784;1751357240789;true
1;1;1006;86412;1751357240788;1751357240789;false
1;2;1006;54875;1751357240788;1751357240790;false
1;0;1006;184013;1751357240789;1751357240791;false
0;1;1166;0;1751357240817;1751357240819;true
0;2;1166;0;1751357240817;1751357240821;true
0;0;1166;0;1751357240817;1751357240822;true
1;2;1007;54934;1751357240823;1751357240824;false
1;1;1007;86246;1751357240823;1751357240824;false
1;0;1007;184400;1751357240823;1751357240826;false
0;2;1167;0;1751357240850;1751357240852;true
0;1;1167;0;1751357240850;1751357240854;true
1;2;1008;54383;1751357240853;1751357240855;false
0;0;1167;0;1751357240850;1751357240855;true
1;1;1008;85060;1751357240853;1751357240856;false
1;0;1008;182408;1751357240853;1751357240857;false
0;2;1168;0;1751357240883;1751357240883;true
0;1;1168;0;1751357240883;1751357240886;true
0;0;1168;0;1751357240883;1751357240886;true
1;2;1009;53746;1751357240903;1751357240905;false
1;1;1009;84148;1751357240903;1751357240905;false
1;0;1009;179640;1751357240903;1751357240905;false
0;2;1169;0;1751357240915;1751357240918;true
1;2;1010;53772;1751357240918;1751357240919;false
0;0;1169;0;1751357240915;1751357240920;true
0;1;1169;0;1751357240915;1751357240920;true
1;1;1010;84193;1751357240918;1751357240925;false
1;0;1010;180703;1751357240918;1751357240930;false
0;2;1170;0;1751357240946;1751357240948;true
0;1;1170;0;1751357240946;1751357240950;true
0;0;1170;0;1751357240946;1751357240950;true
1;2;1011;53390;1751357240962;1751357240980;false
1;1;1011;83461;1751357240962;1751357240981;false
0;2;1171;0;1751357240978;1751357240981;true
0;1;1171;0;1751357240978;1751357240982;true
1;0;1011;179169;1751357240963;1751357240983;false
0;0;1171;0;1751357240978;1751357240983;true
1;1;1012;84188;1751357240988;1751357241001;false
1;2;1012;53333;1751357240988;1751357241002;false
1;0;1012;180077;1751357240988;1751357241017;false
0;2;1172;0;1751357241016;1751357241019;true
0;1;1172;0;1751357241016;1751357241021;true
0;0;1172;0;1751357241016;1751357241022;true
1;2;1013;53655;1751357241017;1751357241024;false
1;0;1013;180085;1751357241017;1751357241025;false
1;1;1013;84144;1751357241017;1751357241025;false
0;2;1173;0;1751357241050;1751357241051;true
0;0;1173;0;1751357241050;1751357241055;true
0;1;1173;0;1751357241050;1751357241055;true
1;2;1014;54496;1751357241053;1751357241055;false
1;1;1014;84892;1751357241053;1751357241056;false
1;0;1014;182633;1751357241053;1751357241057;false
0;2;1174;0;1751357241081;1751357241084;true
0;1;1174;0;1751357241081;1751357241085;true
1;1;1015;85113;1751357241083;1751357241085;false
1;2;1015;54343;1751357241083;1751357241086;false
0;0;1174;0;1751357241081;1751357241087;true
1;0;1015;182041;1751357241083;1751357241088;false
0;2;1175;0;1751357241114;1751357241117;true
0;1;1175;0;1751357241114;1751357241118;true
0;0;1175;0;1751357241114;1751357241119;true
1;2;1016;54426;1751357241118;1751357241121;false
1;1;1016;84893;1751357241118;1751357241121;false
1;0;1016;181620;1751357241118;1751357241122;false
0;2;1176;0;1751357241144;1751357241146;true
0;1;1176;0;1751357241144;1751357241149;true
0;0;1176;0;1751357241144;1751357241149;true
1;2;1017;53876;1751357241153;1751357241154;false
1;1;1017;84297;1751357241153;1751357241154;false
1;0;1017;180115;1751357241153;1751357241155;false
0;1;1177;0;1751357241182;1751357241185;true
0;2;1177;0;1751357241182;1751357241187;true
0;0;1177;0;1751357241182;1751357241188;true
1;1;1018;84061;1751357241183;1751357241199;false
1;2;1018;53249;1751357241183;1751357241199;false
1;0;1018;179624;1751357241183;1751357241216;false
1;2;1019;53300;1751357241216;1751357241217;false
0;2;1178;0;1751357241216;1751357241218;true
0;1;1178;0;1751357241216;1751357241220;true
0;0;1178;0;1751357241216;1751357241221;true
1;1;1019;83762;1751357241216;1751357241233;false
1;0;1019;178957;1751357241216;1751357241234;false
0;2;1179;0;1751357241247;1751357241250;true
1;2;1020;53806;1751357241248;1751357241250;false
1;1;1020;84289;1751357241248;1751357241251;false
0;1;1179;0;1751357241247;1751357241251;true
0;0;1179;0;1751357241247;1751357241253;true
1;0;1020;180226;1751357241248;1751357241254;false
0;2;1180;0;1751357241279;1751357241282;true
0;1;1180;0;1751357241279;1751357241283;true
0;0;1180;0;1751357241279;1751357241284;true
1;2;1021;54377;1751357241283;1751357241285;false
1;1;1021;85066;1751357241283;1751357241286;false
1;0;1021;182865;1751357241283;1751357241287;false
0;2;1181;0;1751357241315;1751357241318;true
1;2;1022;54088;1751357241318;1751357241319;false
0;1;1181;0;1751357241315;1751357241320;true
0;0;1181;0;1751357241315;1751357241320;true
1;1;1022;84703;1751357241318;1751357241320;false
1;0;1022;181638;1751357241319;1751357241322;false
0;1;1182;0;1751357241348;1751357241352;true
0;2;1182;0;1751357241348;1751357241352;true
1;2;1023;54272;1751357241348;1751357241353;false
0;0;1182;0;1751357241348;1751357241353;true
1;1;1023;84766;1751357241348;1751357241353;false
1;0;1023;181522;1751357241348;1751357241364;false
0;1;1183;0;1751357241378;1751357241381;true
0;2;1183;0;1751357241378;1751357241382;true
0;0;1183;0;1751357241378;1751357241383;true
1;1;1024;84563;1751357241383;1751357241384;false
1;2;1024;54408;1751357241383;1751357241385;false
1;0;1024;181345;1751357241383;1751357241387;false
0;2;1184;0;1751357241413;1751357241414;true
0;1;1184;0;1751357241413;1751357241416;true
0;0;1184;0;1751357241413;1751357241419;true
1;2;1025;53633;1751357241418;1751357241420;false
1;1;1025;84141;1751357241418;1751357241421;false
1;0;1025;180299;1751357241418;1751357241422;false
0;2;1185;0;1751357241444;1751357241445;true
0;0;1185;0;1751357241444;1751357241449;true
0;1;1185;0;1751357241444;1751357241449;true
1;2;1026;54563;1751357241448;1751357241451;false
1;1;1026;84589;1751357241448;1751357241457;false
1;0;1026;181551;1751357241448;1751357241457;false
0;1;1186;0;1751357241476;1751357241479;true
0;2;1186;0;1751357241476;1751357241479;true
0;0;1186;0;1751357241476;1751357241481;true
1;2;1027;53543;1751357241483;1751357241485;false
1;1;1027;84698;1751357241483;1751357241485;false
1;0;1027;181068;1751357241483;1751357241485;false
0;2;1187;0;1751357241517;1751357241522;true
0;1;1187;0;1751357241517;1751357241522;true
0;0;1187;0;1751357241517;1751357241523;true
1;2;1028;53444;1751357241518;1751357241524;false
1;1;1028;83673;1751357241518;1751357241532;false
1;0;1028;179723;1751357241518;1751357241546;false
0;2;1188;0;1751357241546;1751357241548;true
0;1;1188;0;1751357241546;1751357241549;true
0;0;1188;0;1751357241546;1751357241550;true
1;1;1029;85450;1751357241546;1751357241563;false
1;2;1029;54509;1751357241546;1751357241563;false
1;0;1029;182987;1751357241546;1751357241564;false
0;2;1189;0;1751357241581;1751357241583;true
0;1;1189;0;1751357241581;1751357241584;true
1;2;1030;54307;1751357241583;1751357241585;false
0;0;1189;0;1751357241581;1751357241585;true
1;1;1030;84677;1751357241583;1751357241586;false
1;0;1030;181778;1751357241583;1751357241586;false
0;2;1190;0;1751357241613;1751357241614;true
0;1;1190;0;1751357241613;1751357241616;true
0;0;1190;0;1751357241613;1751357241617;true
1;2;1031;53821;1751357241618;1751357241619;false
1;1;1031;84543;1751357241618;1751357241621;false
1;0;1031;181268;1751357241618;1751357241622;false
0;2;1191;0;1751357241644;1751357241648;true
0;1;1191;0;1751357241644;1751357241648;true
0;0;1191;0;1751357241644;1751357241649;true
1;1;1032;85721;1751357241648;1751357241650;false
1;2;1032;54381;1751357241648;1751357241650;false
1;0;1032;182773;1751357241648;1751357241651;false
0;2;1192;0;1751357241677;1751357241678;true
0;1;1192;0;1751357241677;1751357241680;true
1;2;1033;54169;1751357241678;1751357241680;false
1;1;1033;84879;1751357241678;1751357241681;false
0;0;1192;0;1751357241677;1751357241682;true
1;0;1033;183149;1751357241678;1751357241682;false
0;1;1193;0;1751357241713;1751357241715;true
0;2;1193;0;1751357241713;1751357241716;true
0;0;1193;0;1751357241713;1751357241717;true
1;2;1034;54710;1751357241718;1751357241718;false
1;1;1034;85428;1751357241718;1751357241720;false
1;0;1034;183663;1751357241718;1751357241722;false
0;2;1194;0;1751357241744;1751357241747;true
0;1;1194;0;1751357241744;1751357241748;true
1;2;1035;53662;1751357241748;1751357241749;false
0;0;1194;0;1751357241744;1751357241750;true
1;1;1035;84317;1751357241749;1751357241751;false
1;0;1035;181923;1751357241748;1751357241752;false
0;2;1195;0;1751357241776;1751357241779;true
0;1;1195;0;1751357241776;1751357241781;true
0;0;1195;0;1751357241776;1751357241782;true
1;1;1036;85457;1751357241777;1751357241793;false
1;2;1036;54653;1751357241777;1751357241793;false
1;0;1036;183090;1751357241777;1751357241794;false
0;1;1196;0;1751357241808;1751357241810;true
0;2;1196;0;1751357241808;1751357241812;true
0;0;1196;0;1751357241808;1751357241814;true
1;2;1037;54259;1751357241813;1751357241815;false
1;1;1037;86121;1751357241813;1751357241816;false
1;0;1037;183970;1751357241814;1751357241817;false
0;2;1197;0;1751357241845;1751357241849;true
0;1;1197;0;1751357241845;1751357241849;true
0;0;1197;0;1751357241845;1751357241850;true
1;1;1038;85146;1751357241848;1751357241851;false
1;2;1038;54414;1751357241848;1751357241851;false
1;0;1038;182573;1751357241848;1751357241852;false
0;2;1198;0;1751357241878;1751357241881;true
0;1;1198;0;1751357241878;1751357241882;true
0;0;1198;0;1751357241878;1751357241884;true
1;2;1039;54229;1751357241883;1751357241886;false
1;1;1039;85606;1751357241883;1751357241887;false
1;0;1039;182692;1751357241883;1751357241888;false
0;2;1199;0;1751357241911;1751357241912;true
0;1;1199;0;1751357241911;1751357241914;true
1;2;1040;54417;1751357241913;1751357241915;false
1;1;1040;84995;1751357241913;1751357241915;false
0;0;1199;0;1751357241911;1751357241916;true
1;0;1040;181926;1751357241913;1751357241917;false
0;2;1200;0;1751357241941;1751357241945;true
0;1;1200;0;1751357241941;1751357241946;true
1;2;1041;53249;1751357241943;1751357241946;false
1;1;1041;84172;1751357241943;1751357241947;false
0;0;1200;0;1751357241941;1751357241947;true
1;0;1041;180261;1751357241943;1751357241948;false
0;2;1201;0;1751357241973;1751357241976;true
0;1;1201;0;1751357241973;1751357241978;true
0;0;1201;0;1751357241973;1751357241979;true
1;2;1042;52364;1751357241974;1751357241979;false
1;1;1042;82041;1751357241979;1751357241996;false
1;0;1042;176645;1751357241979;1751357241998;false
0;2;1202;0;1751357242011;1751357242015;true
1;2;1043;52411;1751357242013;1751357242015;false
0;0;1202;0;1751357242011;1751357242016;true
1;1;1043;82636;1751357242013;1751357242017;false
0;1;1202;0;1751357242011;1751357242017;true
1;0;1043;175423;1751357242013;1751357242018;false
0;2;1203;0;1751357242045;1751357242046;true
0;1;1203;0;1751357242045;1751357242049;true
1;2;1044;52156;1751357242048;1751357242049;false
0;0;1203;0;1751357242045;1751357242050;true
1;1;1044;81334;1751357242049;1751357242051;false
1;0;1044;173860;1751357242049;1751357242052;false
0;1;1204;0;1751357242075;1751357242079;true
0;2;1204;0;1751357242075;1751357242079;true
0;0;1204;0;1751357242075;1751357242080;true
1;1;1045;78856;1751357242078;1751357242080;false
1;2;1045;50412;1751357242078;1751357242081;false
1;0;1045;168835;1751357242078;1751357242082;false
0;2;1205;0;1751357242111;1751357242113;true
1;2;1046;49588;1751357242113;1751357242114;false
0;1;1205;0;1751357242111;1751357242114;true
0;0;1205;0;1751357242111;1751357242115;true
1;1;1046;77918;1751357242113;1751357242116;false
1;0;1046;167318;1751357242113;1751357242116;false
0;2;1206;0;1751357242142;1751357242143;true
0;1;1206;0;1751357242142;1751357242146;true
0;0;1206;0;1751357242142;1751357242147;true
1;2;1047;49897;1751357242143;1751357242149;false
1;1;1047;78363;1751357242143;1751357242150;false
1;0;1047;167168;1751357242144;1751357242158;false
0;2;1207;0;1751357242173;1751357242175;true
0;1;1207;0;1751357242174;1751357242177;true
0;0;1207;0;1751357242174;1751357242178;true
1;2;1048;49981;1751357242174;1751357242189;false
1;1;1048;77586;1751357242178;1751357242190;false
1;0;1048;165870;1751357242178;1751357242205;false
1;2;1049;48944;1751357242205;1751357242208;false
0;2;1208;0;1751357242204;1751357242208;true
0;1;1208;0;1751357242204;1751357242209;true
0;0;1208;0;1751357242204;1751357242209;true
1;1;1049;76709;1751357242205;1751357242220;false
1;0;1049;163912;1751357242205;1751357242221;false
0;2;1209;0;1751357242242;1751357242244;true
1;2;1050;48969;1751357242243;1751357242246;false
1;1;1050;76671;1751357242243;1751357242246;false
0;1;1209;0;1751357242242;1751357242246;true
0;0;1209;0;1751357242242;1751357242247;true
1;0;1050;164068;1751357242243;1751357242248;false
0;2;1210;0;1751357242264;1751357242266;true
0;1;1210;0;1751357242264;1751357242267;true
0;0;1210;0;1751357242264;1751357242268;true
1;2;1051;49247;1751357242275;1751357242276;false
1;1;1051;76525;1751357242275;1751357242276;false
1;0;1051;163832;1751357242275;1751357242278;false
0;2;1211;0;1751357242306;1751357242309;true
1;2;1052;49228;1751357242308;1751357242309;false
0;0;1211;0;1751357242306;1751357242310;true
0;1;1211;0;1751357242306;1751357242311;true
1;1;1052;77013;1751357242308;1751357242311;false
1;0;1052;164873;1751357242308;1751357242312;false
0;2;1212;0;1751357242338;1751357242343;true
0;1;1212;0;1751357242338;1751357242343;true
0;0;1212;0;1751357242338;1751357242343;true
1;2;1053;49721;1751357242343;1751357242345;false
1;1;1053;77830;1751357242343;1751357242345;false
1;0;1053;166390;1751357242345;1751357242347;false
0;1;1213;0;1751357242375;1751357242377;true
0;2;1213;0;1751357242375;1751357242377;true
0;0;1213;0;1751357242375;1751357242380;true
1;1;1054;77641;1751357242378;1751357242381;false
1;2;1054;49990;1751357242378;1751357242381;false
1;0;1054;165997;1751357242378;1751357242382;false
0;0;1214;0;1751357242408;1751357242412;true
0;1;1214;0;1751357242408;1751357242413;true
0;2;1214;0;1751357242408;1751357242413;true
1;2;1055;49317;1751357242414;1751357242416;false
1;1;1055;76957;1751357242414;1751357242417;false
1;0;1055;164543;1751357242415;1751357242417;false
0;2;1215;0;1751357242440;1751357242441;true
0;1;1215;0;1751357242440;1751357242444;true
1;2;1056;49774;1751357242443;1751357242444;false
0;0;1215;0;1751357242440;1751357242444;true
1;1;1056;77807;1751357242443;1751357242444;false
1;0;1056;165807;1751357242443;1751357242444;false
1;2;1057;49596;1751357242473;1751357242473;false
0;2;1216;0;1751357242472;1751357242475;true
1;1;1057;77666;1751357242473;1751357242475;false
0;1;1216;0;1751357242472;1751357242475;true
0;0;1216;0;1751357242472;1751357242476;true
1;0;1057;166035;1751357242473;1751357242477;false
0;2;1217;0;1751357242509;1751357242511;true
0;1;1217;0;1751357242509;1751357242512;true
0;0;1217;0;1751357242509;1751357242514;true
1;1;1058;77560;1751357242513;1751357242514;false
1;2;1058;49601;1751357242513;1751357242515;false
1;0;1058;165321;1751357242513;1751357242517;false
0;2;1218;0;1751357242541;1751357242542;true
0;1;1218;0;1751357242541;1751357242543;true
1;2;1059;49398;1751357242543;1751357242543;false
0;0;1218;0;1751357242541;1751357242543;true
1;1;1059;77323;1751357242543;1751357242547;false
1;0;1059;166088;1751357242543;1751357242547;false
0;2;1219;0;1751357242573;1751357242574;true
0;1;1219;0;1751357242573;1751357242577;true
0;0;1219;0;1751357242573;1751357242578;true
1;2;1060;49781;1751357242578;1751357242580;false
1;1;1060;77535;1751357242578;1751357242580;false
1;0;1060;166206;1751357242578;1751357242581;false
1;2;1061;49541;1751357242608;1751357242609;false
0;1;1220;0;1751357242607;1751357242610;true
0;2;1220;0;1751357242607;1751357242611;true
1;1;1061;77850;1751357242608;1751357242611;false
0;0;1220;0;1751357242607;1751357242611;true
1;0;1061;166178;1751357242608;1751357242612;false
0;2;1221;0;1751357242637;1751357242639;true
0;0;1221;0;1751357242638;1751357242640;true
1;1;1062;72531;1751357242638;1751357242641;false
0;1;1221;0;1751357242638;1751357242641;true
1;2;1062;49558;1751357242638;1751357242642;false
1;0;1062;154972;1751357242639;1751357242643;false
0;2;1222;0;1751357242668;1751357242669;true
0;1;1222;0;1751357242669;1751357242672;true
0;0;1222;0;1751357242669;1751357242673;true
1;2;1063;49885;1751357242673;1751357242674;false
1;1;1063;78137;1751357242673;1751357242676;false
1;0;1063;166982;1751357242673;1751357242677;false
0;2;1223;0;1751357242699;1751357242701;true
0;1;1223;0;1751357242699;1751357242702;true
1;2;1064;49851;1751357242703;1751357242704;false
0;0;1223;0;1751357242699;1751357242704;true
1;1;1064;77807;1751357242703;1751357242706;false
1;0;1064;166613;1751357242703;1751357242707;false
0;1;1224;0;1751357242731;1751357242734;true
0;2;1224;0;1751357242731;1751357242734;true
1;2;1065;49876;1751357242733;1751357242735;false
0;0;1224;0;1751357242731;1751357242735;true
1;0;1065;167370;1751357242733;1751357242736;false
1;1;1065;77293;1751357242733;1751357242737;false
0;2;1225;0;1751357242772;1751357242776;true
0;1;1225;0;1751357242772;1751357242777;true
0;0;1225;0;1751357242772;1751357242778;true
1;1;1066;78868;1751357242773;1751357242789;false
1;2;1066;50186;1751357242773;1751357242789;false
1;0;1066;168817;1751357242773;1751357242805;false
0;2;1226;0;1751357242804;1751357242806;true
1;2;1067;50557;1751357242805;1751357242806;false
0;1;1226;0;1751357242804;1751357242807;true
0;0;1226;0;1751357242804;1751357242809;true
1;1;1067;79046;1751357242805;1751357242821;false
1;0;1067;168929;1751357242805;1751357242821;false
0;2;1227;0;1751357242836;1751357242837;true
0;1;1227;0;1751357242836;1751357242839;true
0;0;1227;0;1751357242836;1751357242839;true
1;2;1068;50781;1751357242838;1751357242840;false
1;1;1068;78976;1751357242838;1751357242840;false
1;0;1068;168976;1751357242838;1751357242841;false
0;1;1228;0;1751357242868;1751357242871;true
0;2;1228;0;1751357242867;1751357242871;true
0;0;1228;0;1751357242867;1751357242872;true
1;2;1069;50434;1751357242874;1751357242875;false
1;1;1069;79493;1751357242874;1751357242877;false
1;0;1069;168607;1751357242874;1751357242877;false
0;2;1229;0;1751357242901;1751357242903;true
1;2;1070;50545;1751357242903;1751357242904;false
0;1;1229;0;1751357242901;1751357242904;true
0;0;1229;0;1751357242901;1751357242905;true
1;1;1070;78499;1751357242903;1751357242906;false
1;0;1070;168226;1751357242903;1751357242906;false
0;2;1230;0;1751357242937;1751357242938;true
0;1;1230;0;1751357242937;1751357242940;true
0;0;1230;0;1751357242937;1751357242941;true
1;2;1071;49709;1751357242937;1751357242953;false
1;0;1071;167700;1751357242937;1751357242955;false
1;1;1071;78582;1751357242952;1751357242955;false
0;2;1231;0;1751357242969;1751357242972;true
0;1;1231;0;1751357242969;1751357242973;true
1;2;1072;50114;1751357242973;1751357242973;false
0;0;1231;0;1751357242969;1751357242974;true
1;1;1072;78519;1751357242973;1751357242974;false
1;0;1072;167883;1751357242973;1751357242976;false
0;2;1232;0;1751357243000;1751357243002;true
0;1;1232;0;1751357243000;1751357243003;true
0;0;1232;0;1751357243000;1751357243004;true
1;2;1073;49882;1751357243003;1751357243004;false
1;1;1073;77925;1751357243003;1751357243005;false
1;0;1073;166659;1751357243003;1751357243006;false
0;2;1233;0;1751357243031;1751357243032;true
1;2;1074;49680;1751357243033;1751357243034;false
0;1;1233;0;1751357243031;1751357243035;true
0;0;1233;0;1751357243031;1751357243035;true
1;1;1074;77440;1751357243033;1751357243035;false
1;0;1074;166511;1751357243033;1751357243036;false
0;1;1234;0;1751357243062;1751357243064;true
0;2;1234;0;1751357243062;1751357243065;true
0;0;1234;0;1751357243062;1751357243066;true
1;2;1075;50279;1751357243077;1751357243079;false
1;1;1075;78519;1751357243077;1751357243079;false
1;0;1075;167201;1751357243077;1751357243079;false
0;1;1235;0;1751357243103;1751357243106;true
0;2;1235;0;1751357243103;1751357243107;true
0;0;1235;0;1751357243103;1751357243107;true
1;2;1076;50081;1751357243108;1751357243109;false
1;1;1076;78208;1751357243108;1751357243110;false
1;0;1076;167402;1751357243108;1751357243111;false
0;2;1236;0;1751357243135;1751357243135;true
1;2;1077;49904;1751357243138;1751357243139;false
0;0;1236;0;1751357243135;1751357243139;true
0;1;1236;0;1751357243135;1751357243139;true
1;1;1077;77759;1751357243138;1751357243139;false
1;0;1077;166197;1751357243138;1751357243141;false
0;1;1237;0;1751357243167;1751357243169;true
1;2;1078;49672;1751357243168;1751357243169;false
0;2;1237;0;1751357243167;1751357243171;true
1;1;1078;77724;1751357243169;1751357243171;false
0;0;1237;0;1751357243167;1751357243172;true
1;0;1078;166691;1751357243169;1751357243172;false
1;2;1079;49447;1751357243198;1751357243199;false
0;1;1238;0;1751357243197;1751357243199;true
0;2;1238;0;1751357243197;1751357243200;true
0;0;1238;0;1751357243197;1751357243201;true
1;1;1079;77541;1751357243198;1751357243213;false
1;0;1079;165192;1751357243198;1751357243215;false
1;2;1080;49404;1751357243228;1751357243229;false
0;2;1239;0;1751357243228;1751357243230;true
0;1;1239;0;1751357243228;1751357243231;true
0;0;1239;0;1751357243228;1751357243232;true
1;1;1080;77168;1751357243228;1751357243234;false
1;0;1080;165356;1751357243229;1751357243244;false
0;1;1240;0;1751357243259;1751357243261;true
0;2;1240;0;1751357243259;1751357243261;true
0;0;1240;0;1751357243259;1751357243262;true
1;2;1081;49569;1751357243263;1751357243265;false
1;1;1081;77831;1751357243263;1751357243265;false
1;0;1081;166342;1751357243263;1751357243267;false
0;2;1241;0;1751357243302;1751357243304;true
0;1;1241;0;1751357243302;1751357243304;true
1;2;1082;49603;1751357243303;1751357243305;false
0;0;1241;0;1751357243302;1751357243306;true
1;0;1082;165363;1751357243303;1751357243307;false
1;1;1082;77075;1751357243304;1751357243307;false
0;2;1242;0;1751357243335;1751357243338;true
0;1;1242;0;1751357243335;1751357243338;true
0;0;1242;0;1751357243335;1751357243340;true
1;2;1083;49645;1751357243338;1751357243340;false
1;1;1083;77844;1751357243338;1751357243342;false
1;0;1083;166362;1751357243338;1751357243342;false
0;2;1243;0;1751357243365;1751357243368;true
0;1;1243;0;1751357243365;1751357243369;true
1;1;1084;76780;1751357243368;1751357243370;false
0;0;1243;0;1751357243365;1751357243370;true
1;2;1084;49236;1751357243368;1751357243370;false
1;0;1084;165236;1751357243369;1751357243372;false
0;2;1244;0;1751357243397;1751357243399;true
1;2;1085;49290;1751357243398;1751357243399;false
0;1;1244;0;1751357243397;1751357243400;true
1;1;1085;77087;1751357243399;1751357243400;false
0;0;1244;0;1751357243397;1751357243401;true
1;0;1085;164888;1751357243398;1751357243403;false
0;1;1245;0;1751357243428;1751357243430;true
0;2;1245;0;1751357243428;1751357243431;true
0;0;1245;0;1751357243428;1751357243432;true
1;2;1086;49326;1751357243434;1751357243436;false
1;1;1086;77574;1751357243434;1751357243436;false
1;0;1086;166080;1751357243434;1751357243437;false
0;2;1246;0;1751357243452;1751357243453;true
0;1;1246;0;1751357243452;1751357243454;true
0;0;1246;0;1751357243452;1751357243455;true
1;1;1087;77925;1751357243468;1751357243485;false
1;2;1087;49417;1751357243468;1751357243485;false
1;0;1087;165203;1751357243468;1751357243487;false
0;1;1247;0;1751357243485;1751357243488;true
0;2;1247;0;1751357243485;1751357243488;true
0;0;1247;0;1751357243485;1751357243489;true
1;2;1088;49065;1751357243503;1751357243504;false
1;1;1088;77639;1751357243503;1751357243505;false
1;0;1088;165475;1751357243503;1751357243505;false
0;1;1248;0;1751357243518;1751357243523;true
0;2;1248;0;1751357243518;1751357243523;true
0;0;1248;0;1751357243518;1751357243523;true
1;2;1089;49576;1751357243528;1751357243529;false
1;1;1089;77914;1751357243528;1751357243530;false
1;0;1089;165741;1751357243528;1751357243530;false
0;1;1249;0;1751357243551;1751357243555;true
0;2;1249;0;1751357243551;1751357243556;true
0;0;1249;0;1751357243551;1751357243556;true
1;2;1090;49575;1751357243568;1751357243569;false
1;1;1090;77564;1751357243568;1751357243570;false
1;0;1090;165750;1751357243568;1751357243571;false
1;2;1091;49248;1751357243598;1751357243599;false
0;2;1250;0;1751357243597;1751357243600;true
0;1;1250;0;1751357243597;1751357243600;true
0;0;1250;0;1751357243597;1751357243601;true
1;1;1091;77624;1751357243598;1751357243617;false
0;2;1251;0;1751357243617;1751357243619;true
1;0;1091;165648;1751357243598;1751357243619;false
0;1;1251;0;1751357243617;1751357243620;true
0;0;1251;0;1751357243617;1751357243621;true
1;2;1092;49405;1751357243631;1751357243632;false
1;1;1092;77807;1751357243631;1751357243632;false
1;0;1092;165809;1751357243631;1751357243634;false
0;2;1252;0;1751357243651;1751357243652;true
0;1;1252;0;1751357243651;1751357243654;true
0;0;1252;0;1751357243651;1751357243654;true
1;2;1093;49724;1751357243668;1751357243669;false
1;1;1093;77337;1751357243668;1751357243670;false
1;0;1093;165804;1751357243668;1751357243684;false
0;2;1253;0;1751357243683;1751357243684;true
0;1;1253;0;1751357243683;1751357243685;true
0;0;1253;0;1751357243683;1751357243686;true
1;2;1094;49258;1751357243698;1751357243714;false
1;1;1094;77261;1751357243698;1751357243715;false
1;0;1094;165019;1751357243698;1751357243716;false
0;1;1254;0;1751357243716;1751357243717;true
0;2;1254;0;1751357243716;1751357243718;true
0;0;1254;0;1751357243716;1751357243720;true
1;2;1095;49473;1751357243733;1751357243734;false
1;1;1095;77584;1751357243733;1751357243735;false
1;0;1095;164946;1751357243733;1751357243736;false
0;2;1255;0;1751357243761;1751357243763;true
0;1;1255;0;1751357243761;1751357243764;true
1;2;1096;49468;1751357243763;1751357243765;false
1;1;1096;77509;1751357243763;1751357243765;false
0;0;1255;0;1751357243761;1751357243765;true
1;0;1096;166476;1751357243763;1751357243766;false
0;2;1256;0;1751357243792;1751357243795;true
0;1;1256;0;1751357243792;1751357243796;true
0;0;1256;0;1751357243792;1751357243796;true
1;2;1097;49976;1751357243793;1751357243808;false
1;1;1097;78100;1751357243793;1751357243808;false
1;0;1097;166832;1751357243793;1751357243809;false
0;2;1257;0;1751357243823;1751357243825;true
0;1;1257;0;1751357243823;1751357243826;true
0;0;1257;0;1751357243823;1751357243827;true
1;2;1098;49532;1751357243828;1751357243829;false
1;1;1098;77718;1751357243828;1751357243831;false
1;0;1098;165485;1751357243828;1751357243832;false
1;2;1099;49429;1751357243863;1751357243864;false
0;2;1258;0;1751357243863;1751357243865;true
0;0;1258;0;1751357243863;1751357243868;true
0;1;1258;0;1751357243863;1751357243868;true
1;1;1099;77577;1751357243863;1751357243880;false
1;0;1099;165838;1751357243864;1751357243880;false
0;2;1259;0;1751357243894;1751357243897;true
0;1;1259;0;1751357243894;1751357243898;true
0;0;1259;0;1751357243894;1751357243900;true
1;2;1100;48935;1751357243898;1751357243900;false
1;1;1100;76583;1751357243898;1751357243901;false
1;0;1100;164199;1751357243898;1751357243902;false
0;2;1260;0;1751357243915;1751357243917;true
0;1;1260;0;1751357243915;1751357243919;true
0;0;1260;0;1751357243915;1751357243920;true
1;2;1101;49064;1751357243923;1751357243924;false
1;1;1101;76746;1751357243923;1751357243925;false
1;0;1101;163856;1751357243923;1751357243926;false
0;1;1261;0;1751357243949;1751357243954;true
0;0;1261;0;1751357243949;1751357243954;true
0;2;1261;0;1751357243949;1751357243955;true
1;2;1102;48967;1751357243965;1751357243966;false
1;1;1102;77052;1751357243965;1751357243966;false
1;0;1102;164355;1751357243965;1751357243967;false
0;1;1262;0;1751357243980;1751357243983;true
0;2;1262;0;1751357243980;1751357243983;true
0;0;1262;0;1751357243980;1751357243984;true
1;2;1103;48898;1751357243998;1751357244000;false
1;1;1103;76035;1751357243998;1751357244000;false
1;0;1103;163403;1751357243998;1751357244000;false
0;1;1263;0;1751357244025;1751357244028;true
0;2;1263;0;1751357244025;1751357244028;true
1;1;1104;76434;1751357244028;1751357244029;false
0;0;1263;0;1751357244025;1751357244029;true
1;2;1104;49142;1751357244028;1751357244030;false
1;0;1104;164128;1751357244029;1751357244032;false
0;1;1264;0;1751357244047;1751357244049;true
0;2;1264;0;1751357244047;1751357244049;true
0;0;1264;0;1751357244047;1751357244050;true
1;2;1105;49096;1751357244068;1751357244069;false
1;1;1105;77077;1751357244068;1751357244069;false
1;0;1105;164095;1751357244068;1751357244070;false
0;1;1265;0;1751357244094;1751357244098;true
0;2;1265;0;1751357244094;1751357244098;true
0;0;1265;0;1751357244094;1751357244099;true
1;2;1106;48685;1751357244098;1751357244099;false
1;0;1106;164269;1751357244098;1751357244101;false
1;1;1106;77054;1751357244098;1751357244101;false
0;2;1266;0;1751357244125;1751357244127;true
1;2;1107;48665;1751357244128;1751357244129;false
0;0;1266;0;1751357244125;1751357244130;true
0;1;1266;0;1751357244125;1751357244130;true
1;1;1107;76218;1751357244128;1751357244131;false
1;0;1107;163264;1751357244128;1751357244132;false
0;2;1267;0;1751357244156;1751357244157;true
1;2;1108;49372;1751357244158;1751357244159;false
0;1;1267;0;1751357244156;1751357244160;true
0;0;1267;0;1751357244156;1751357244160;true
1;1;1108;77334;1751357244158;1751357244160;false
1;0;1108;165715;1751357244158;1751357244162;false
0;2;1268;0;1751357244179;1751357244181;true
0;1;1268;0;1751357244179;1751357244181;true
0;0;1268;0;1751357244179;1751357244182;true
1;2;1109;49201;1751357244194;1751357244195;false
1;1;1109;76919;1751357244194;1751357244196;false
1;0;1109;164549;1751357244194;1751357244198;false
0;1;1269;0;1751357244226;1751357244227;true
0;0;1269;0;1751357244226;1751357244229;true
0;2;1269;0;1751357244226;1751357244229;true
1;1;1110;76184;1751357244228;1751357244231;false
1;2;1110;48926;1751357244228;1751357244231;false
1;0;1110;163075;1751357244228;1751357244231;false
0;2;1270;0;1751357244258;1751357244261;true
0;1;1270;0;1751357244257;1751357244261;true
0;0;1270;0;1751357244258;1751357244263;true
1;2;1111;49040;1751357244263;1751357244265;false
1;1;1111;76336;1751357244263;1751357244266;false
1;0;1111;163098;1751357244263;1751357244266;false
0;2;1271;0;1751357244289;1751357244290;true
0;1;1271;0;1751357244289;1751357244294;true
0;0;1271;0;1751357244289;1751357244294;true
1;2;1112;49432;1751357244293;1751357244296;false
1;1;1112;76983;1751357244293;1751357244296;false
1;0;1112;164827;1751357244293;1751357244297;false
0;2;1272;0;1751357244320;1751357244323;true
1;2;1113;49188;1751357244323;1751357244325;false
0;1;1272;0;1751357244320;1751357244325;true
0;0;1272;0;1751357244320;1751357244325;true
1;1;1113;77074;1751357244323;1751357244326;false
1;0;1113;164091;1751357244323;1751357244327;false
0;1;1273;0;1751357244351;1751357244352;true
0;2;1273;0;1751357244351;1751357244353;true
1;2;1114;48651;1751357244353;1751357244354;false
0;0;1273;0;1751357244351;1751357244354;true
1;1;1114;76331;1751357244353;1751357244355;false
1;0;1114;162818;1751357244353;1751357244356;false
0;1;1274;0;1751357244377;1751357244379;true
0;2;1274;0;1751357244377;1751357244380;true
0;0;1274;0;1751357244377;1751357244380;true
1;2;1115;48454;1751357244393;1751357244409;false
1;1;1115;76912;1751357244393;1751357244412;false
1;0;1115;163520;1751357244393;1751357244412;false
0;2;1275;0;1751357244409;1751357244412;true
0;1;1275;0;1751357244409;1751357244412;true
0;0;1275;0;1751357244409;1751357244412;true
1;2;1116;48568;1751357244440;1751357244441;false
1;1;1116;75583;1751357244440;1751357244442;false
1;0;1116;161582;1751357244440;1751357244443;false
0;2;1276;0;1751357244442;1751357244444;true
0;1;1276;0;1751357244442;1751357244444;true
0;0;1276;0;1751357244442;1751357244445;true
1;2;1117;48315;1751357244458;1751357244460;false
1;1;1117;76270;1751357244458;1751357244461;false
1;0;1117;163237;1751357244458;1751357244462;false
0;2;1277;0;1751357244488;1751357244491;true
0;1;1277;0;1751357244488;1751357244493;true
0;0;1277;0;1751357244488;1751357244493;true
1;2;1118;48439;1751357244493;1751357244494;false
1;1;1118;76541;1751357244493;1751357244495;false
1;0;1118;162823;1751357244493;1751357244496;false
0;2;1278;0;1751357244521;1751357244524;true
1;2;1119;48788;1751357244523;1751357244524;false
1;1;1119;76378;1751357244523;1751357244525;false
0;1;1278;0;1751357244521;1751357244525;true
0;0;1278;0;1751357244521;1751357244525;true
1;0;1119;163201;1751357244523;1751357244526;false
0;2;1279;0;1751357244545;1751357244549;true
0;1;1279;0;1751357244545;1751357244549;true
1;2;1120;48149;1751357244548;1751357244550;false
0;0;1279;0;1751357244545;1751357244551;true
1;1;1120;75442;1751357244548;1751357244551;false
1;0;1120;161889;1751357244548;1751357244552;false
0;1;1280;0;1751357244576;1751357244579;true
0;2;1280;0;1751357244576;1751357244579;true
0;0;1280;0;1751357244576;1751357244580;true
1;2;1121;49240;1751357244583;1751357244584;false
1;1;1121;76688;1751357244583;1751357244585;false
1;0;1121;163315;1751357244583;1751357244586;false
0;1;1281;0;1751357244610;1751357244612;true
0;2;1281;0;1751357244610;1751357244613;true
0;0;1281;0;1751357244610;1751357244615;true
1;2;1122;49035;1751357244623;1751357244624;false
1;1;1122;77165;1751357244623;1751357244624;false
1;0;1122;164820;1751357244623;1751357244625;false
0;2;1282;0;1751357244641;1751357244644;true
0;1;1282;0;1751357244641;1751357244644;true
0;0;1282;0;1751357244641;1751357244646;true
1;2;1123;48889;1751357244658;1751357244659;false
1;1;1123;76285;1751357244658;1751357244674;false
1;0;1123;163288;1751357244658;1751357244675;false
0;2;1283;0;1751357244673;1751357244676;true
0;1;1283;0;1751357244673;1751357244678;true
0;0;1283;0;1751357244673;1751357244679;true
1;1;1124;77188;1751357244688;1751357244690;false
1;2;1124;48953;1751357244688;1751357244690;false
1;0;1124;164049;1751357244688;1751357244691;false
0;2;1284;0;1751357244709;1751357244711;true
0;1;1284;0;1751357244709;1751357244712;true
0;0;1284;0;1751357244709;1751357244714;true
1;2;1125;48920;1751357244713;1751357244715;false
1;1;1125;76227;1751357244713;1751357244725;false
1;0;1125;162480;1751357244713;1751357244726;false
0;2;1285;0;1751357244741;1751357244744;true
0;1;1285;0;1751357244741;1751357244745;true
0;0;1285;0;1751357244741;1751357244745;true
1;2;1126;48916;1751357244758;1751357244759;false
1;1;1126;76144;1751357244758;1751357244761;false
1;0;1126;163773;1751357244758;1751357244761;false
1;2;1127;48812;1751357244788;1751357244789;false
0;2;1286;0;1751357244787;1751357244789;true
0;1;1286;0;1751357244787;1751357244791;true
1;1;1127;77082;1751357244788;1751357244791;false
0;0;1286;0;1751357244787;1751357244791;true
1;0;1127;163648;1751357244788;1751357244792;false
0;2;1287;0;1751357244819;1751357244821;true
0;1;1287;0;1751357244819;1751357244823;true
1;2;1128;48960;1751357244823;1751357244824;false
0;0;1287;0;1751357244819;1751357244824;true
1;1;1128;76622;1751357244823;1751357244825;false
1;0;1128;163764;1751357244823;1751357244826;false
0;2;1288;0;1751357244849;1751357244853;true
0;1;1288;0;1751357244849;1751357244854;true
1;1;1129;76595;1751357244853;1751357244855;false
1;2;1129;49559;1751357244853;1751357244855;false
0;0;1288;0;1751357244849;1751357244855;true
1;0;1129;164123;1751357244853;1751357244857;false
0;2;1289;0;1751357244875;1751357244876;true
0;1;1289;0;1751357244875;1751357244878;true
0;0;1289;0;1751357244875;1751357244880;true
1;2;1130;48985;1751357244892;1751357244893;false
1;1;1130;77031;1751357244892;1751357244893;false
1;0;1130;165303;1751357244892;1751357244893;false
0;1;1290;0;1751357244908;1751357244911;true
0;0;1290;0;1751357244908;1751357244912;true
0;2;1290;0;1751357244908;1751357244912;true
1;2;1131;49469;1751357244913;1751357244915;false
1;1;1131;77305;1751357244913;1751357244916;false
1;0;1131;165224;1751357244913;1751357244923;false
0;2;1291;0;1751357244939;1751357244942;true
0;1;1291;0;1751357244939;1751357244942;true
0;0;1291;0;1751357244939;1751357244944;true
1;2;1132;50031;1751357244955;1751357244956;false
1;1;1132;78127;1751357244955;1751357244956;false
1;0;1132;166485;1751357244955;1751357244958;false
0;2;1292;0;1751357244970;1751357244974;true
0;1;1292;0;1751357244970;1751357244974;true
0;0;1292;0;1751357244970;1751357244975;true
1;2;1133;50108;1751357244978;1751357244980;false
1;1;1133;78343;1751357244978;1751357244980;false
1;0;1133;168339;1751357244978;1751357244982;false
1;2;1134;49695;1751357245018;1751357245019;false
0;2;1293;0;1751357245017;1751357245020;true
0;1;1293;0;1751357245017;1751357245021;true
1;1;1134;78540;1751357245018;1751357245021;false
0;0;1293;0;1751357245017;1751357245022;true
1;0;1134;167337;1751357245018;1751357245023;false
0;2;1294;0;1751357245042;1751357245043;true
0;1;1294;0;1751357245042;1751357245045;true
0;0;1294;0;1751357245042;1751357245045;true
1;2;1135;50102;1751357245058;1751357245060;false
1;1;1135;78935;1751357245058;1751357245061;false
1;0;1135;168413;1751357245058;1751357245074;false
0;2;1295;0;1751357245072;1751357245074;true
0;1;1295;0;1751357245072;1751357245076;true
0;0;1295;0;1751357245072;1751357245077;true
1;2;1136;50217;1751357245078;1751357245080;false
1;1;1136;78405;1751357245078;1751357245089;false
1;0;1136;167808;1751357245078;1751357245089;false
0;2;1296;0;1751357245104;1751357245106;true
0;1;1296;0;1751357245104;1751357245106;true
0;0;1296;0;1751357245104;1751357245108;true
1;2;1137;49484;1751357245120;1751357245121;false
1;1;1137;77892;1751357245120;1751357245121;false
1;0;1137;166328;1751357245120;1751357245121;false
0;2;1297;0;1751357245136;1751357245138;true
0;1;1297;0;1751357245136;1751357245139;true
0;0;1297;0;1751357245136;1751357245140;true
1;2;1138;49941;1751357245143;1751357245145;false
1;1;1138;77791;1751357245143;1751357245145;false
1;0;1138;167659;1751357245143;1751357245146;false
1;2;1139;50235;1751357245183;1751357245184;false
0;1;1298;0;1751357245182;1751357245186;true
0;2;1298;0;1751357245182;1751357245187;true
0;0;1298;0;1751357245182;1751357245188;true
1;1;1139;78402;1751357245183;1751357245192;false
1;0;1139;167325;1751357245183;1751357245208;false
1;1;1140;78257;1751357245208;1751357245209;false
1;2;1140;49962;1751357245208;1751357245210;false
0;2;1299;0;1751357245207;1751357245210;true
0;1;1299;0;1751357245207;1751357245211;true
0;0;1299;0;1751357245207;1751357245213;true
1;0;1140;167669;1751357245208;1751357245213;false
0;2;1300;0;1751357245240;1751357245242;true
0;1;1300;0;1751357245240;1751357245243;true
0;0;1300;0;1751357245240;1751357245245;true
1;2;1141;49754;1751357245243;1751357245245;false
1;1;1141;77930;1751357245243;1751357245246;false
1;0;1141;167243;1751357245243;1751357245247;false
0;2;1301;0;1751357245271;1751357245273;true
0;0;1301;0;1751357245271;1751357245277;true
0;1;1301;0;1751357245271;1751357245277;true
1;1;1142;78232;1751357245278;1751357245280;false
1;2;1142;49737;1751357245278;1751357245281;false
1;0;1142;167687;1751357245278;1751357245282;false
0;2;1302;0;1751357245305;1751357245307;true
0;1;1302;0;1751357245305;1751357245308;true
0;0;1302;0;1751357245305;1751357245309;true
1;2;1143;49644;1751357245308;1751357245310;false
1;1;1143;77817;1751357245308;1751357245310;false
1;0;1143;166915;1751357245308;1751357245321;false
0;2;1303;0;1751357245333;1751357245335;true
0;1;1303;0;1751357245333;1751357245337;true
0;0;1303;0;1751357245333;1751357245338;true
1;2;1144;50072;1751357245354;1751357245355;false
1;1;1144;77926;1751357245354;1751357245356;false
1;0;1144;167090;1751357245354;1751357245357;false
0;2;1304;0;1751357245369;1751357245371;true
0;1;1304;0;1751357245369;1751357245372;true
0;0;1304;0;1751357245369;1751357245374;true
1;2;1145;50115;1751357245373;1751357245374;false
1;1;1145;77943;1751357245373;1751357245375;false
1;0;1145;167240;1751357245373;1751357245376;false
0;1;1305;0;1751357245405;1751357245407;true
0;2;1305;0;1751357245405;1751357245407;true
0;0;1305;0;1751357245405;1751357245409;true
1;2;1146;50079;1751357245408;1751357245409;false
1;1;1146;79599;1751357245408;1751357245410;false
1;0;1146;168605;1751357245408;1751357245411;false
0;2;1306;0;1751357245436;1751357245438;true
0;1;1306;0;1751357245436;1751357245439;true
0;0;1306;0;1751357245436;1751357245441;true
1;2;1147;49759;1751357245452;1751357245454;false
1;1;1147;78312;1751357245452;1751357245454;false
1;0;1147;167188;1751357245452;1751357245455;false
0;1;1307;0;1751357245468;1751357245471;true
0;2;1307;0;1751357245468;1751357245472;true
0;0;1307;0;1751357245468;1751357245473;true
1;2;1148;50108;1751357245473;1751357245475;false
1;1;1148;77924;1751357245473;1751357245475;false
1;0;1148;166500;1751357245473;1751357245476;false
0;2;1308;0;1751357245506;1751357245507;true
0;1;1308;0;1751357245506;1751357245509;true
1;2;1149;50016;1751357245508;1751357245510;false
0;0;1308;0;1751357245506;1751357245510;true
1;1;1149;79059;1751357245509;1751357245511;false
1;0;1149;168276;1751357245508;1751357245511;false
0;2;1309;0;1751357245538;1751357245541;true
0;1;1309;0;1751357245538;1751357245542;true
0;0;1309;0;1751357245538;1751357245543;true
1;2;1150;50424;1751357245543;1751357245545;false
1;1;1150;78652;1751357245543;1751357245546;false
1;0;1150;168222;1751357245543;1751357245547;false
0;2;1310;0;1751357245569;1751357245571;true
0;0;1310;0;1751357245569;1751357245573;true
0;1;1310;0;1751357245569;1751357245573;true
1;1;1151;77954;1751357245573;1751357245575;false
1;2;1151;49711;1751357245573;1751357245585;false
1;0;1151;167144;1751357245573;1751357245586;false
0;2;1311;0;1751357245604;1751357245606;true
0;0;1311;0;1751357245604;1751357245609;true
0;1;1311;0;1751357245604;1751357245609;true
1;2;1152;50054;1751357245608;1751357245610;false
1;1;1152;78277;1751357245608;1751357245611;false
1;0;1152;166752;1751357245608;1751357245611;false
0;2;1312;0;1751357245636;1751357245639;true
1;2;1153;49735;1751357245638;1751357245639;false
0;0;1312;0;1751357245636;1751357245640;true
0;1;1312;0;1751357245636;1751357245640;true
1;1;1153;77946;1751357245638;1751357245643;false
1;0;1153;166470;1751357245638;1751357245643;false
0;2;1313;0;1751357245667;1751357245669;true
0;1;1313;0;1751357245667;1751357245670;true
0;0;1313;0;1751357245667;1751357245671;true
0;2;1314;0;1751357245698;1751357245700;true
1;2;1154;50203;1751357245698;1751357245700;false
1;1;1154;78075;1751357245698;1751357245700;false
1;0;1154;166690;1751357245698;1751357245701;false
0;1;1314;0;1751357245698;1751357245701;true
0;0;1314;0;1751357245698;1751357245703;true
1;1;1155;78459;1751357245704;1751357245714;false
1;2;1155;49903;1751357245704;1751357245714;false
1;0;1155;167419;1751357245704;1751357245714;false
0;2;1315;0;1751357245736;1751357245739;true
0;1;1315;0;1751357245736;1751357245740;true
1;2;1156;50490;1751357245739;1751357245740;false
0;0;1315;0;1751357245736;1751357245740;true
1;1;1156;78199;1751357245739;1751357245741;false
1;0;1156;167589;1751357245739;1751357245741;false
0;2;1316;0;1751357245770;1751357245772;true
0;1;1316;0;1751357245770;1751357245774;true
0;0;1316;0;1751357245770;1751357245775;true
1;2;1157;50087;1751357245774;1751357245775;false
1;1;1157;77501;1751357245774;1751357245775;false
1;0;1157;166471;1751357245774;1751357245775;false
0;1;1317;0;1751357245801;1751357245802;true
0;2;1317;0;1751357245801;1751357245802;true
0;0;1317;0;1751357245801;1751357245805;true
1;2;1158;49699;1751357245805;1751357245805;false
1;1;1158;77957;1751357245805;1751357245805;false
1;0;1158;166780;1751357245805;1751357245805;false
0;2;1318;0;1751357245833;1751357245834;true
0;1;1318;0;1751357245833;1751357245836;true
0;0;1318;0;1751357245833;1751357245836;true
1;1;1159;77916;1751357245848;1751357245851;false
1;2;1159;49917;1751357245848;1751357245851;false
1;0;1159;167274;1751357245848;1751357245852;false
0;1;1319;0;1751357245864;1751357245868;true
0;2;1319;0;1751357245864;1751357245869;true
0;0;1319;0;1751357245864;1751357245869;true
1;2;1160;49667;1751357245868;1751357245870;false
1;1;1160;78092;1751357245868;1751357245880;false
1;0;1160;166734;1751357245868;1751357245881;false
0;2;1320;0;1751357245902;1751357245904;true
0;1;1320;0;1751357245902;1751357245905;true
1;2;1161;49624;1751357245903;1751357245905;false
0;0;1320;0;1751357245902;1751357245906;true
1;1;1161;77619;1751357245903;1751357245906;false
1;0;1161;165550;1751357245903;1751357245906;false
0;1;1321;0;1751357245935;1751357245937;true
0;2;1321;0;1751357245935;1751357245938;true
0;0;1321;0;1751357245935;1751357245939;true
1;1;1162;77546;1751357245938;1751357245939;false
1;2;1162;49714;1751357245938;1751357245939;false
1;0;1162;166590;1751357245938;1751357245941;false
0;1;1322;0;1751357245966;1751357245969;true
0;2;1322;0;1751357245966;1751357245969;true
1;2;1163;50116;1751357245968;1751357245970;false
1;1;1163;78433;1751357245969;1751357245970;false
0;0;1322;0;1751357245966;1751357245971;true
1;0;1163;168167;1751357245968;1751357245971;false
0;0;1323;0;1751357245998;1751357246001;true
0;2;1323;0;1751357245998;1751357246002;true
0;1;1323;0;1751357245998;1751357246002;true
1;2;1164;50326;1751357246003;1751357246004;false
1;1;1164;78435;1751357246003;1751357246014;false
1;0;1164;167299;1751357246003;1751357246015;false
0;2;1324;0;1751357246030;1751357246032;true
0;1;1324;0;1751357246030;1751357246033;true
0;0;1324;0;1751357246030;1751357246034;true
1;2;1165;50158;1751357246033;1751357246046;false
1;0;1165;168609;1751357246033;1751357246047;false
1;1;1165;78733;1751357246033;1751357246047;false
0;2;1325;0;1751357246060;1751357246061;true
0;1;1325;0;1751357246060;1751357246064;true
0;0;1325;0;1751357246060;1751357246065;true
1;2;1166;50607;1751357246068;1751357246069;false
1;1;1166;79996;1751357246069;1751357246069;false
1;0;1166;171035;1751357246069;1751357246070;false
0;2;1326;0;1751357246100;1751357246102;true
0;1;1326;0;1751357246100;1751357246102;true
0;0;1326;0;1751357246100;1751357246104;true
1;2;1167;52298;1751357246103;1751357246105;false
1;1;1167;81998;1751357246103;1751357246105;false
1;0;1167;175825;1751357246103;1751357246106;false
0;2;1327;0;1751357246133;1751357246134;true
0;0;1327;0;1751357246133;1751357246137;true
0;1;1327;0;1751357246133;1751357246138;true
1;2;1168;53953;1751357246138;1751357246139;false
1;1;1168;83699;1751357246138;1751357246140;false
1;0;1168;179482;1751357246139;1751357246142;false
0;2;1328;0;1751357246164;1751357246165;true
0;1;1328;0;1751357246164;1751357246168;true
0;0;1328;0;1751357246164;1751357246169;true
1;2;1169;55206;1751357246168;1751357246169;false
1;1;1169;85867;1751357246168;1751357246170;false
1;0;1169;184028;1751357246168;1751357246172;false
0;2;1329;0;1751357246196;1751357246198;true
0;1;1329;0;1751357246196;1751357246199;true
0;0;1329;0;1751357246196;1751357246200;true
1;2;1170;55627;1751357246198;1751357246200;false
1;1;1170;86575;1751357246198;1751357246201;false
1;0;1170;185339;1751357246198;1751357246202;false
0;2;1330;0;1751357246228;1751357246228;true
0;1;1330;0;1751357246228;1751357246230;true
0;0;1330;0;1751357246228;1751357246230;true
1;2;1171;54783;1751357246238;1751357246241;false
1;1;1171;85512;1751357246238;1751357246242;false
1;0;1171;184037;1751357246238;1751357246242;false
0;0;1331;0;1751357246266;1751357246269;true
0;2;1331;0;1751357246266;1751357246270;true
0;1;1331;0;1751357246266;1751357246270;true
1;1;1172;85611;1751357246268;1751357246270;false
1;2;1172;54533;1751357246268;1751357246270;false
1;0;1172;183200;1751357246268;1751357246272;false
0;1;1332;0;1751357246298;1751357246300;true
0;2;1332;0;1751357246298;1751357246300;true
0;0;1332;0;1751357246298;1751357246302;true
1;2;1173;54653;1751357246306;1751357246307;false
1;1;1173;85847;1751357246306;1751357246308;false
1;0;1173;182889;1751357246306;1751357246310;false
0;2;1333;0;1751357246330;1751357246332;true
0;0;1333;0;1751357246330;1751357246334;true
1;2;1174;54276;1751357246333;1751357246334;false
0;1;1333;0;1751357246330;1751357246334;true
1;1;1174;85699;1751357246333;1751357246335;false
1;0;1174;183256;1751357246334;1751357246337;false
0;2;1334;0;1751357246362;1751357246364;true
1;1;1175;85845;1751357246363;1751357246365;false
0;1;1334;0;1751357246362;1751357246366;true
0;0;1334;0;1751357246362;1751357246367;true
1;2;1175;54687;1751357246363;1751357246367;false
1;0;1175;183715;1751357246363;1751357246379;false
0;2;1335;0;1751357246394;1751357246396;true
0;1;1335;0;1751357246394;1751357246397;true
0;0;1335;0;1751357246394;1751357246399;true
1;2;1176;54759;1751357246398;1751357246411;false
1;1;1176;85786;1751357246398;1751357246411;false
1;0;1176;183281;1751357246398;1751357246412;false
0;2;1336;0;1751357246431;1751357246433;true
0;1;1336;0;1751357246431;1751357246434;true
1;2;1177;54835;1751357246433;1751357246434;false
1;1;1177;85554;1751357246433;1751357246435;false
0;0;1336;0;1751357246431;1751357246436;true
1;0;1177;183689;1751357246433;1751357246436;false
0;2;1337;0;1751357246466;1751357246468;true
1;2;1178;55180;1751357246468;1751357246469;false
0;1;1337;0;1751357246466;1751357246470;true
1;1;1178;85690;1751357246468;1751357246470;false
0;0;1337;0;1751357246466;1751357246471;true
1;0;1178;183843;1751357246468;1751357246471;false
0;2;1338;0;1751357246499;1751357246500;true
0;1;1338;0;1751357246499;1751357246503;true
0;0;1338;0;1751357246499;1751357246504;true
1;1;1179;86004;1751357246503;1751357246505;false
1;2;1179;54368;1751357246503;1751357246505;false
1;0;1179;183821;1751357246503;1751357246506;false
0;2;1339;0;1751357246533;1751357246535;true
0;1;1339;0;1751357246533;1751357246537;true
0;0;1339;0;1751357246533;1751357246538;true
1;2;1180;54616;1751357246538;1751357246538;false
1;1;1180;85363;1751357246538;1751357246540;false
1;0;1180;183095;1751357246538;1751357246542;false
0;2;1340;0;1751357246564;1751357246565;true
0;1;1340;0;1751357246564;1751357246568;true
0;0;1340;0;1751357246564;1751357246569;true
1;2;1181;54547;1751357246569;1751357246570;false
1;1;1181;85482;1751357246569;1751357246571;false
1;0;1181;182852;1751357246569;1751357246572;false
0;2;1341;0;1751357246597;1751357246600;true
0;1;1341;0;1751357246597;1751357246600;true
0;0;1341;0;1751357246597;1751357246601;true
1;2;1182;54579;1751357246599;1751357246615;false
1;1;1182;86011;1751357246599;1751357246615;false
1;0;1182;184393;1751357246599;1751357246616;false
0;2;1342;0;1751357246631;1751357246634;true
1;2;1183;54885;1751357246633;1751357246634;false
0;1;1342;0;1751357246631;1751357246635;true
0;0;1342;0;1751357246631;1751357246636;true
1;1;1183;85697;1751357246633;1751357246636;false
1;0;1183;183568;1751357246633;1751357246636;false
0;1;1343;0;1751357246663;1751357246667;true
0;2;1343;0;1751357246663;1751357246668;true
0;0;1343;0;1751357246663;1751357246668;true
1;2;1184;54372;1751357246668;1751357246670;false
1;1;1184;85149;1751357246668;1751357246672;false
1;0;1184;182565;1751357246668;1751357246672;false
0;1;1344;0;1751357246695;1751357246697;true
0;2;1344;0;1751357246695;1751357246698;true
0;0;1344;0;1751357246695;1751357246699;true
1;2;1185;54485;1751357246698;1751357246700;false
1;0;1185;181423;1751357246698;1751357246701;false
1;1;1185;84644;1751357246698;1751357246701;false
0;1;1345;0;1751357246727;1751357246729;true
0;2;1345;0;1751357246727;1751357246729;true
1;2;1186;54723;1751357246728;1751357246730;false
1;1;1186;85411;1751357246728;1751357246730;false
0;0;1345;0;1751357246727;1751357246731;true
1;0;1186;181741;1751357246728;1751357246731;false
0;1;1346;0;1751357246758;1751357246760;true
0;2;1346;0;1751357246758;1751357246762;true
0;0;1346;0;1751357246758;1751357246763;true
1;2;1187;54410;1751357246763;1751357246764;false
1;1;1187;85033;1751357246763;1751357246765;false
1;0;1187;182424;1751357246763;1751357246767;false
0;2;1347;0;1751357246796;1751357246799;true
0;1;1347;0;1751357246796;1751357246799;true
0;0;1347;0;1751357246796;1751357246800;true
1;2;1188;54491;1751357246799;1751357246800;false
1;1;1188;86159;1751357246799;1751357246800;false
1;0;1188;183360;1751357246799;1751357246802;false
0;2;1348;0;1751357246828;1751357246830;true
0;1;1348;0;1751357246828;1751357246831;true
0;0;1348;0;1751357246828;1751357246833;true
1;2;1189;51108;1751357246833;1751357246836;false
1;1;1189;80134;1751357246833;1751357246836;false
1;0;1189;169546;1751357246833;1751357246837;false
0;1;1349;0;1751357246860;1751357246863;true
1;2;1190;50947;1751357246863;1751357246864;false
0;2;1349;0;1751357246860;1751357246864;true
0;0;1349;0;1751357246860;1751357246864;true
1;1;1190;80150;1751357246863;1751357246865;false
1;0;1190;170510;1751357246863;1751357246866;false
0;2;1350;0;1751357246892;1751357246894;true
0;1;1350;0;1751357246892;1751357246896;true
0;0;1350;0;1751357246892;1751357246896;true
1;2;1191;54487;1751357246893;1751357246898;false
1;1;1191;85611;1751357246893;1751357246898;false
1;0;1191;183297;1751357246893;1751357246899;false
0;2;1351;0;1751357246924;1751357246927;true
0;0;1351;0;1751357246924;1751357246929;true
0;1;1351;0;1751357246924;1751357246929;true
1;2;1192;54520;1751357246928;1751357246930;false
1;1;1192;85613;1751357246928;1751357246931;false
1;0;1192;183692;1751357246928;1751357246932;false
0;1;1352;0;1751357246962;1751357246964;true
0;2;1352;0;1751357246962;1751357246965;true
0;0;1352;0;1751357246962;1751357246966;true
1;2;1193;54835;1751357246963;1751357246977;false
1;1;1193;84824;1751357246963;1751357246978;false
1;0;1193;182703;1751357246963;1751357246980;false
0;2;1353;0;1751357246994;1751357246996;true
0;1;1353;0;1751357246994;1751357246997;true
0;0;1353;0;1751357246994;1751357246998;true
1;2;1194;54178;1751357246998;1751357246999;false
1;1;1194;84797;1751357246998;1751357247001;false
1;0;1194;181570;1751357246998;1751357247001;false
0;2;1354;0;1751357247025;1751357247028;true
0;0;1354;0;1751357247025;1751357247028;true
1;2;1195;53903;1751357247028;1751357247028;false
0;1;1354;0;1751357247025;1751357247028;true
1;1;1195;84804;1751357247028;1751357247028;false
1;0;1195;181729;1751357247028;1751357247031;false
0;1;1355;0;1751357247057;1751357247057;true
0;2;1355;0;1751357247057;1751357247057;true
0;0;1355;0;1751357247057;1751357247061;true
1;2;1196;54023;1751357247061;1751357247061;false
1;1;1196;84704;1751357247061;1751357247064;false
1;0;1196;180965;1751357247061;1751357247064;false
0;0;1356;0;1751357247089;1751357247090;true
0;2;1356;0;1751357247089;1751357247090;true
0;1;1356;0;1751357247089;1751357247092;true
1;2;1197;53647;1751357247093;1751357247097;false
1;0;1197;180810;1751357247093;1751357247097;false
1;1;1197;84109;1751357247093;1751357247097;false
0;2;1357;0;1751357247121;1751357247121;true
0;1;1357;0;1751357247121;1751357247122;true
0;0;1357;0;1751357247121;1751357247124;true
1;2;1198;53748;1751357247123;1751357247124;false
1;1;1198;83980;1751357247124;1751357247126;false
1;0;1198;180612;1751357247123;1751357247129;false
0;2;1358;0;1751357247160;1751357247160;true
0;1;1358;0;1751357247160;1751357247160;true
0;0;1358;0;1751357247160;1751357247160;true
1;1;1199;83154;1751357247165;1751357247165;false
1;2;1199;52949;1751357247165;1751357247165;false
1;0;1199;177755;1751357247165;1751357247165;false
0;2;1359;0;1751357247192;1751357247192;true
1;1;1200;81754;1751357247193;1751357247193;false
0;1;1359;0;1751357247192;1751357247195;true
1;2;1200;52606;1751357247193;1751357247195;false
0;0;1359;0;1751357247192;1751357247196;true
1;0;1200;175323;1751357247193;1751357247196;false
0;2;1360;0;1751357247228;1751357247228;true
0;0;1360;0;1751357247228;1751357247228;true
0;1;1360;0;1751357247228;1751357247228;true
1;2;1201;52046;1751357247244;1751357247245;false
1;1;1201;80591;1751357247244;1751357247245;false
1;0;1201;173081;1751357247244;1751357247248;false
0;2;1361;0;1751357247248;1751357247249;true
0;0;1361;0;1751357247248;1751357247249;true
0;1;1361;0;1751357247248;1751357247249;true
1;1;1202;79213;1751357247263;1751357247265;false
1;2;1202;50542;1751357247263;1751357247265;false
1;0;1202;168911;1751357247263;1751357247265;false
0;2;1362;0;1751357247292;1751357247295;true
0;1;1362;0;1751357247292;1751357247295;true
1;2;1203;50133;1751357247293;1751357247296;false
0;0;1362;0;1751357247292;1751357247296;true
1;0;1203;167841;1751357247293;1751357247297;false
1;1;1203;78905;1751357247293;1751357247297;false
0;1;1363;0;1751357247323;1751357247325;true
0;2;1363;0;1751357247323;1751357247325;true
0;0;1363;0;1751357247323;1751357247327;true
1;1;1204;77701;1751357247342;1751357247344;false
1;0;1204;165622;1751357247342;1751357247344;false
1;2;1204;49791;1751357247342;1751357247344;false
0;1;1364;0;1751357247358;1751357247358;true
0;2;1364;0;1751357247358;1751357247362;true
0;0;1364;0;1751357247358;1751357247363;true
1;1;1205;77123;1751357247363;1751357247364;false
1;2;1205;49481;1751357247363;1751357247366;false
1;0;1205;164450;1751357247363;1751357247366;false
0;2;1365;0;1751357247389;1751357247392;true
0;1;1365;0;1751357247389;1751357247393;true
0;0;1365;0;1751357247389;1751357247393;true
1;2;1206;48856;1751357247393;1751357247394;false
1;1;1206;76738;1751357247393;1751357247395;false
1;0;1206;163977;1751357247393;1751357247396;false
0;1;1366;0;1751357247421;1751357247423;true
0;2;1366;0;1751357247421;1751357247424;true
0;0;1366;0;1751357247421;1751357247425;true
1;1;1207;76054;1751357247423;1751357247426;false
1;2;1207;48348;1751357247423;1751357247426;false
1;0;1207;162430;1751357247423;1751357247426;false
0;1;1367;0;1751357247453;1751357247456;true
0;2;1367;0;1751357247453;1751357247457;true
0;0;1367;0;1751357247453;1751357247458;true
1;2;1208;48893;1751357247459;1751357247461;false
1;1;1208;76477;1751357247459;1751357247461;false
1;0;1208;163146;1751357247459;1751357247461;false
0;2;1368;0;1751357247492;1751357247493;true
0;1;1368;0;1751357247492;1751357247495;true
0;0;1368;0;1751357247493;1751357247496;true
1;2;1209;48431;1751357247493;1751357247508;false
1;1;1209;75881;1751357247508;1751357247510;false
1;0;1209;162400;1751357247493;1751357247511;false
0;2;1369;0;1751357247511;1751357247512;true
0;1;1369;0;1751357247511;1751357247514;true
0;0;1369;0;1751357247511;1751357247515;true
1;2;1210;48588;1751357247528;1751357247529;false
1;1;1210;76448;1751357247528;1751357247530;false
1;0;1210;163026;1751357247528;1751357247531;false
0;1;1370;0;1751357247558;1751357247560;true
0;2;1370;0;1751357247558;1751357247562;true
0;0;1370;0;1751357247558;1751357247562;true
1;2;1211;48403;1751357247564;1751357247566;false
1;1;1211;76208;1751357247564;1751357247566;false
1;0;1211;162334;1751357247564;1751357247567;false
0;2;1371;0;1751357247591;1751357247592;true
0;1;1371;0;1751357247591;1751357247594;true
0;0;1371;0;1751357247591;1751357247595;true
1;1;1212;76459;1751357247593;1751357247595;false
1;2;1212;48718;1751357247593;1751357247596;false
1;0;1212;163308;1751357247593;1751357247596;false
0;2;1372;0;1751357247623;1751357247626;true
0;1;1372;0;1751357247623;1751357247627;true
0;0;1372;0;1751357247623;1751357247628;true
1;2;1213;48703;1751357247628;1751357247629;false
1;1;1213;76526;1751357247628;1751357247631;false
1;0;1213;163240;1751357247628;1751357247631;false
0;2;1373;0;1751357247655;1751357247656;true
0;1;1373;0;1751357247655;1751357247658;true
1;2;1214;48565;1751357247658;1751357247659;false
0;0;1373;0;1751357247655;1751357247659;true
1;1;1214;76060;1751357247659;1751357247660;false
1;0;1214;162392;1751357247659;1751357247661;false
0;2;1374;0;1751357247690;1751357247690;true
0;1;1374;0;1751357247690;1751357247692;true
0;0;1374;0;1751357247690;1751357247694;true
1;2;1215;48360;1751357247693;1751357247694;false
1;1;1215;76433;1751357247693;1751357247695;false
1;0;1215;163969;1751357247693;1751357247697;false
0;2;1375;0;1751357247721;1751357247721;true
0;1;1375;0;1751357247721;1751357247721;true
0;0;1375;0;1751357247721;1751357247726;true
1;2;1216;49177;1751357247724;1751357247726;false
1;1;1216;77117;1751357247724;1751357247727;false
1;0;1216;164164;1751357247724;1751357247728;false
0;2;1376;0;1751357247754;1751357247756;true
0;1;1376;0;1751357247754;1751357247757;true
0;0;1376;0;1751357247754;1751357247758;true
1;2;1217;49534;1751357247758;1751357247760;false
1;1;1217;77752;1751357247758;1751357247761;false
1;0;1217;166303;1751357247758;1751357247761;false
0;2;1377;0;1751357247784;1751357247787;true
0;0;1377;0;1751357247784;1751357247788;true
0;1;1377;0;1751357247784;1751357247789;true
1;2;1218;49500;1751357247788;1751357247789;false
1;1;1218;77773;1751357247788;1751357247791;false
1;0;1218;166944;1751357247788;1751357247791;false
0;2;1378;0;1751357247823;1751357247826;true
0;1;1378;0;1751357247823;1751357247826;true
0;0;1378;0;1751357247823;1751357247828;true
1;2;1219;49242;1751357247828;1751357247829;false
1;1;1219;77389;1751357247828;1751357247830;false
1;0;1219;166229;1751357247828;1751357247831;false
0;2;1379;0;1751357247855;1751357247857;true
0;1;1379;0;1751357247855;1751357247858;true
0;0;1379;0;1751357247855;1751357247858;true
1;2;1220;49720;1751357247858;1751357247858;false
1;1;1220;78490;1751357247858;1751357247858;false
1;0;1220;165847;1751357247858;1751357247858;false
0;2;1380;0;1751357247887;1751357247888;true
1;2;1221;50757;1751357247888;1751357247888;false
0;1;1380;0;1751357247887;1751357247888;true
1;1;1221;78646;1751357247888;1751357247888;false
0;0;1380;0;1751357247887;1751357247888;true
1;0;1221;167684;1751357247888;1751357247888;false
0;2;1381;0;1751357247919;1751357247923;true
0;0;1381;0;1751357247919;1751357247923;true
0;1;1381;0;1751357247919;1751357247923;true
1;2;1222;49755;1751357247923;1751357247923;false
1;1;1222;78167;1751357247923;1751357247926;false
1;0;1222;167367;1751357247923;1751357247926;false
0;2;1382;0;1751357247950;1751357247950;true
0;1;1382;0;1751357247950;1751357247954;true
1;2;1223;49974;1751357247954;1751357247954;false
0;0;1382;0;1751357247950;1751357247954;true
1;1;1223;78514;1751357247954;1751357247954;false
1;0;1223;167825;1751357247954;1751357247954;false
0;2;1383;0;1751357247982;1751357247985;true
1;2;1224;47216;1751357247985;1751357247985;false
0;1;1383;0;1751357247982;1751357247986;true
0;0;1383;0;1751357247982;1751357247987;true
1;1;1224;73464;1751357247985;1751357247987;false
1;0;1224;155261;1751357247985;1751357247988;false
0;2;1384;0;1751357248006;1751357248007;true
0;1;1384;0;1751357248006;1751357248009;true
0;0;1384;0;1751357248006;1751357248009;true
1;2;1225;49765;1751357248025;1751357248026;false
1;0;1225;164990;1751357248025;1751357248028;false
1;1;1225;77585;1751357248025;1751357248028;false
0;2;1385;0;1751357248054;1751357248057;true
0;0;1385;0;1751357248054;1751357248057;true
0;1;1385;0;1751357248054;1751357248057;true
1;2;1226;49892;1751357248060;1751357248061;false
1;1;1226;77964;1751357248060;1751357248062;false
1;0;1226;166819;1751357248060;1751357248063;false
0;2;1386;0;1751357248085;1751357248087;true
0;1;1386;0;1751357248085;1751357248088;true
0;0;1386;0;1751357248085;1751357248088;true
1;2;1227;49757;1751357248088;1751357248091;false
1;1;1227;77632;1751357248088;1751357248091;false
1;0;1227;165560;1751357248088;1751357248091;false
0;2;1387;0;1751357248107;1751357248109;true
0;1;1387;0;1751357248108;1751357248111;true
0;0;1387;0;1751357248107;1751357248112;true
1;2;1228;49917;1751357248114;1751357248115;false
1;1;1228;77777;1751357248114;1751357248115;false
1;0;1228;165403;1751357248114;1751357248117;false
0;2;1388;0;1751357248148;1751357248150;true
0;1;1388;0;1751357248148;1751357248153;true
0;0;1388;0;1751357248148;1751357248153;true
1;1;1229;77623;1751357248155;1751357248157;false
1;2;1229;49774;1751357248155;1751357248158;false
1;0;1229;166467;1751357248155;1751357248159;false
0;2;1389;0;1751357248172;1751357248173;true
0;1;1389;0;1751357248172;1751357248174;true
0;0;1389;0;1751357248172;1751357248174;true
1;2;1230;49078;1751357248188;1751357248189;false
1;1;1230;77899;1751357248188;1751357248189;false
1;0;1230;166160;1751357248188;1751357248202;false
0;2;1390;0;1751357248205;1751357248205;true
0;1;1390;0;1751357248205;1751357248208;true
0;0;1390;0;1751357248205;1751357248209;true
1;2;1231;49621;1751357248223;1751357248223;false
1;0;1231;165734;1751357248223;1751357248223;false
1;1;1231;77376;1751357248223;1751357248223;false
0;2;1391;0;1751357248252;1751357248253;true
0;1;1391;0;1751357248252;1751357248254;true
1;2;1232;49718;1751357248253;1751357248254;false
0;0;1391;0;1751357248252;1751357248254;true
1;1;1232;77137;1751357248253;1751357248254;false
1;0;1232;165778;1751357248253;1751357248254;false
0;1;1392;0;1751357248284;1751357248284;true
0;2;1392;0;1751357248284;1751357248284;true
0;0;1392;0;1751357248284;1751357248284;true
1;2;1233;49450;1751357248299;1751357248299;false
1;1;1233;77432;1751357248299;1751357248299;false
1;0;1233;165981;1751357248299;1751357248299;false
0;2;1393;0;1751357248315;1751357248315;true
0;1;1393;0;1751357248315;1751357248315;true
0;0;1393;0;1751357248315;1751357248315;true
1;1;1234;77315;1751357248331;1751357248331;false
1;2;1234;49330;1751357248331;1751357248331;false
1;0;1234;164854;1751357248331;1751357248335;false
0;0;1394;0;1751357248337;1751357248340;true
0;2;1394;0;1751357248337;1751357248341;true
0;1;1394;0;1751357248337;1751357248342;true
1;2;1235;49472;1751357248369;1751357248370;false
0;2;1395;0;1751357248369;1751357248370;true
1;1;1235;76939;1751357248369;1751357248370;false
1;0;1235;165886;1751357248369;1751357248370;false
0;1;1395;0;1751357248369;1751357248370;true
0;0;1395;0;1751357248369;1751357248370;true
1;2;1236;49791;1751357248387;1751357248388;false
1;1;1236;77277;1751357248387;1751357248390;false
1;0;1236;165993;1751357248387;1751357248391;false
0;1;1396;0;1751357248403;1751357248404;true
0;2;1396;0;1751357248403;1751357248405;true
0;0;1396;0;1751357248403;1751357248405;true
1;2;1237;50002;1751357248423;1751357248424;false
1;1;1237;78565;1751357248423;1751357248424;false
1;0;1237;156237;1751357248423;1751357248425;false
0;2;1397;0;1751357248435;1751357248437;true
0;1;1397;0;1751357248435;1751357248439;true
0;0;1397;0;1751357248435;1751357248439;true
1;2;1238;49781;1751357248454;1751357248455;false
1;1;1238;77685;1751357248454;1751357248456;false
1;0;1238;167682;1751357248454;1751357248457;false
0;2;1398;0;1751357248483;1751357248485;true
0;1;1398;0;1751357248483;1751357248487;true
0;0;1398;0;1751357248483;1751357248487;true
1;2;1239;50121;1751357248489;1751357248491;false
1;1;1239;78122;1751357248489;1751357248492;false
1;0;1239;168253;1751357248489;1751357248493;false
0;1;1399;0;1751357248504;1751357248507;true
0;2;1399;0;1751357248504;1751357248507;true
0;0;1399;0;1751357248504;1751357248508;true
1;2;1240;50230;1751357248508;1751357248510;false
1;1;1240;77619;1751357248508;1751357248511;false
1;0;1240;166416;1751357248508;1751357248512;false
0;2;1400;0;1751357248535;1751357248538;true
0;0;1400;0;1751357248535;1751357248540;true
0;1;1400;0;1751357248535;1751357248540;true
1;2;1241;49513;1751357248544;1751357248546;false
1;1;1241;76797;1751357248544;1751357248546;false
1;0;1241;165046;1751357248544;1751357248547;false
0;2;1401;0;1751357248573;1751357248576;true
0;1;1401;0;1751357248573;1751357248577;true
0;0;1401;0;1751357248573;1751357248578;true
1;2;1242;49312;1751357248578;1751357248580;false
1;1;1242;76787;1751357248578;1751357248580;false
1;0;1242;164609;1751357248578;1751357248581;false
0;1;1402;0;1751357248603;1751357248605;true
0;2;1402;0;1751357248603;1751357248605;true
0;0;1402;0;1751357248603;1751357248606;true
1;2;1243;48774;1751357248634;1751357248636;false
0;2;1403;0;1751357248634;1751357248636;true
0;0;1403;0;1751357248634;1751357248637;true
0;1;1403;0;1751357248634;1751357248637;true
1;1;1243;76761;1751357248634;1751357248637;false
1;0;1243;163495;1751357248634;1751357248639;false
1;2;1244;48832;1751357248648;1751357248650;false
1;1;1244;76800;1751357248648;1751357248650;false
1;0;1244;164188;1751357248648;1751357248651;false
0;0;1404;0;1751357248668;1751357248673;true
0;2;1404;0;1751357248668;1751357248673;true
0;1;1404;0;1751357248668;1751357248673;true
1;2;1245;48612;1751357248673;1751357248674;false
1;1;1245;75837;1751357248673;1751357248675;false
1;0;1245;162746;1751357248673;1751357248676;false
0;2;1405;0;1751357248701;1751357248704;true
0;1;1405;0;1751357248701;1751357248705;true
0;0;1405;0;1751357248701;1751357248705;true
1;2;1246;48806;1751357248708;1751357248708;false
1;1;1246;75483;1751357248709;1751357248710;false
1;0;1246;162775;1751357248708;1751357248710;false
0;2;1406;0;1751357248735;1751357248737;true
0;1;1406;0;1751357248735;1751357248738;true
0;0;1406;0;1751357248735;1751357248739;true
1;2;1247;48320;1751357248751;1751357248753;false
1;1;1247;75887;1751357248751;1751357248753;false
1;0;1247;161266;1751357248751;1751357248754;false
0;2;1407;0;1751357248767;1751357248768;true
0;1;1407;0;1751357248767;1751357248770;true
0;0;1407;0;1751357248767;1751357248770;true
1;2;1248;48645;1751357248799;1751357248800;false
1;1;1248;76073;1751357248799;1751357248801;false
0;2;1408;0;1751357248798;1751357248801;true
1;0;1248;162102;1751357248799;1751357248802;false
0;0;1408;0;1751357248798;1751357248803;true
0;1;1408;0;1751357248799;1751357248803;true
1;2;1249;49006;1751357248814;1751357248815;false
1;1;1249;76755;1751357248814;1751357248815;false
1;0;1249;163193;1751357248814;1751357248816;false
0;1;1409;0;1751357248846;1751357248848;true
1;2;1250;48232;1751357248848;1751357248849;false
0;2;1409;0;1751357248846;1751357248849;true
0;0;1409;0;1751357248846;1751357248849;true
1;1;1250;75320;1751357248848;1751357248850;false
1;0;1250;161735;1751357248848;1751357248851;false
0;2;1410;0;1751357248867;1751357248868;true
0;1;1410;0;1751357248867;1751357248872;true
0;0;1410;0;1751357248867;1751357248872;true
1;2;1251;48495;1751357248873;1751357248874;false
1;1;1251;75412;1751357248873;1751357248875;false
1;0;1251;161977;1751357248873;1751357248876;false
0;2;1411;0;1751357248900;1751357248901;true
0;1;1411;0;1751357248900;1751357248903;true
0;0;1411;0;1751357248900;1751357248904;true
1;2;1252;48524;1751357248916;1751357248918;false
1;1;1252;75247;1751357248917;1751357248919;false
1;0;1252;162396;1751357248917;1751357248920;false
0;2;1412;0;1751357248932;1751357248934;true
0;1;1412;0;1751357248932;1751357248935;true
0;0;1412;0;1751357248932;1751357248937;true
1;1;1253;76043;1751357248938;1751357248940;false
1;2;1253;48621;1751357248938;1751357248948;false
1;0;1253;162388;1751357248938;1751357248949;false
0;2;1413;0;1751357248964;1751357248966;true
0;1;1413;0;1751357248964;1751357248968;true
0;0;1413;0;1751357248964;1751357248968;true
1;2;1254;48682;1751357248980;1751357248981;false
1;1;1254;75698;1751357248980;1751357248982;false
1;0;1254;162409;1751357248980;1751357248983;false
0;2;1414;0;1751357249011;1751357249013;true
1;2;1255;48582;1751357249013;1751357249015;false
0;1;1414;0;1751357249011;1751357249015;true
1;1;1255;76148;1751357249013;1751357249016;false
0;0;1414;0;1751357249011;1751357249016;true
1;0;1255;163299;1751357249013;1751357249016;false
0;1;1415;0;1751357249033;1751357249035;true
0;2;1415;0;1751357249033;1751357249035;true
0;0;1415;0;1751357249033;1751357249038;true
1;2;1256;49182;1751357249038;1751357249050;false
1;1;1256;76259;1751357249038;1751357249051;false
1;0;1256;163441;1751357249038;1751357249051;false
0;2;1416;0;1751357249065;1751357249066;true
0;1;1416;0;1751357249065;1751357249068;true
0;0;1416;0;1751357249065;1751357249069;true
1;2;1257;49338;1751357249080;1751357249082;false
1;1;1257;76996;1751357249080;1751357249083;false
1;0;1257;164730;1751357249080;1751357249084;false
0;2;1417;0;1751357249097;1751357249099;true
0;1;1417;0;1751357249097;1751357249100;true
0;0;1417;0;1751357249097;1751357249100;true
1;2;1258;49513;1751357249113;1751357249115;false
1;1;1258;77305;1751357249113;1751357249115;false
1;0;1258;165986;1751357249113;1751357249117;false
0;2;1418;0;1751357249128;1751357249129;true
0;1;1418;0;1751357249128;1751357249132;true
0;0;1418;0;1751357249128;1751357249132;true
1;2;1259;49700;1751357249138;1751357249139;false
1;1;1259;77415;1751357249138;1751357249140;false
1;0;1259;166813;1751357249138;1751357249141;false
0;2;1419;0;1751357249175;1751357249176;true
0;1;1419;0;1751357249175;1751357249178;true
0;0;1419;0;1751357249175;1751357249179;true
1;2;1260;49823;1751357249178;1751357249179;false
1;1;1260;77914;1751357249178;1751357249180;false
1;0;1260;167524;1751357249178;1751357249181;false
0;2;1420;0;1751357249206;1751357249208;true
0;1;1420;0;1751357249206;1751357249210;true
0;0;1420;0;1751357249206;1751357249211;true
1;0;1261;167057;1751357249208;1751357249211;false
1;1;1261;78145;1751357249209;1751357249212;false
1;2;1261;49588;1751357249208;1751357249212;false
0;2;1421;0;1751357249232;1751357249234;true
0;0;1421;0;1751357249232;1751357249236;true
0;1;1421;0;1751357249232;1751357249237;true
1;2;1262;49771;1751357249238;1751357249240;false
1;1;1262;77323;1751357249238;1751357249240;false
1;0;1262;166259;1751357249238;1751357249241;false
0;2;1422;0;1751357249266;1751357249268;true
0;1;1422;0;1751357249266;1751357249268;true
0;0;1422;0;1751357249266;1751357249270;true
1;2;1263;49642;1751357249268;1751357249270;false
1;1;1263;77297;1751357249268;1751357249270;false
1;0;1263;166034;1751357249268;1751357249271;false
0;1;1423;0;1751357249297;1751357249299;true
0;2;1423;0;1751357249297;1751357249299;true
0;0;1423;0;1751357249297;1751357249301;true
1;2;1264;49599;1751357249313;1751357249314;false
1;1;1264;76879;1751357249313;1751357249315;false
1;0;1264;164665;1751357249313;1751357249316;false
0;2;1424;0;1751357249327;1751357249330;true
0;0;1424;0;1751357249327;1751357249331;true
0;1;1424;0;1751357249327;1751357249331;true
1;2;1265;48471;1751357249359;1751357249359;false
1;1;1265;76386;1751357249359;1751357249359;false
1;0;1265;162807;1751357249359;1751357249359;false
0;1;1425;0;1751357249374;1751357249377;true
0;2;1425;0;1751357249374;1751357249377;true
0;0;1425;0;1751357249374;1751357249379;true
1;2;1266;48689;1751357249379;1751357249379;false
1;1;1266;76441;1751357249379;1751357249381;false
1;0;1266;162878;1751357249379;1751357249381;false
0;1;1426;0;1751357249397;1751357249400;true
0;0;1426;0;1751357249397;1751357249401;true
0;2;1426;0;1751357249397;1751357249401;true
1;2;1267;48934;1751357249404;1751357249405;false
1;1;1267;76363;1751357249404;1751357249406;false
1;0;1267;163474;1751357249404;1751357249407;false
0;1;1427;0;1751357249429;1751357249431;true
0;2;1427;0;1751357249429;1751357249431;true
0;0;1427;0;1751357249429;1751357249433;true
1;2;1268;49345;1751357249434;1751357249435;false
1;1;1268;77246;1751357249434;1751357249435;false
1;0;1268;164936;1751357249434;1751357249438;false
0;2;1428;0;1751357249461;1751357249461;true
0;1;1428;0;1751357249461;1751357249461;true
0;0;1428;0;1751357249461;1751357249463;true
1;2;1269;49210;1751357249476;1751357249478;false
1;1;1269;77038;1751357249476;1751357249479;false
1;0;1269;165363;1751357249476;1751357249480;false
0;2;1429;0;1751357249498;1751357249500;true
0;1;1429;0;1751357249498;1751357249502;true
0;0;1429;0;1751357249498;1751357249502;true
1;2;1270;49246;1751357249504;1751357249505;false
1;1;1270;77412;1751357249504;1751357249506;false
1;0;1270;164556;1751357249504;1751357249507;false
0;1;1430;0;1751357249528;1751357249533;true
0;2;1430;0;1751357249528;1751357249533;true
0;0;1430;0;1751357249528;1751357249533;true
1;2;1271;49323;1751357249533;1751357249534;false
1;1;1271;77107;1751357249533;1751357249536;false
1;0;1271;164945;1751357249533;1751357249536;false
0;2;1431;0;1751357249561;1751357249564;true
0;1;1431;0;1751357249561;1751357249565;true
0;0;1431;0;1751357249561;1751357249565;true
1;1;1272;77334;1751357249576;1751357249577;false
1;2;1272;49304;1751357249576;1751357249577;false
1;0;1272;164819;1751357249576;1751357249579;false
0;2;1432;0;1751357249592;1751357249593;true
0;1;1432;0;1751357249592;1751357249596;true
0;0;1432;0;1751357249592;1751357249597;true
1;2;1273;48829;1751357249598;1751357249598;false
1;1;1273;77477;1751357249598;1751357249600;false
1;0;1273;165552;1751357249598;1751357249600;false
0;2;1433;0;1751357249627;1751357249629;true
0;0;1433;0;1751357249627;1751357249631;true
0;1;1433;0;1751357249627;1751357249631;true
0;2;1434;0;1751357249659;1751357249660;true
1;2;1274;48646;1751357249659;1751357249660;false
0;1;1434;0;1751357249659;1751357249660;true
1;1;1274;76749;1751357249659;1751357249660;false
1;0;1274;164111;1751357249659;1751357249660;false
0;0;1434;0;1751357249659;1751357249660;true
1;2;1275;50444;1751357249690;1751357249690;false
1;1;1275;79593;1751357249690;1751357249690;false
0;2;1435;0;1751357249690;1751357249690;true
1;0;1275;170468;1751357249690;1751357249690;false
0;0;1435;0;1751357249690;1751357249694;true
0;1;1435;0;1751357249690;1751357249694;true
1;2;1276;51256;1751357249698;1751357249700;false
1;1;1276;80172;1751357249698;1751357249701;false
1;0;1276;171994;1751357249698;1751357249705;false
0;2;1436;0;1751357249737;1751357249739;true
1;2;1277;52808;1751357249739;1751357249739;false
1;1;1277;82511;1751357249739;1751357249741;false
0;1;1436;0;1751357249737;1751357249742;true
0;0;1436;0;1751357249737;1751357249742;true
1;0;1277;176205;1751357249739;1751357249742;false
0;1;1437;0;1751357249760;1751357249762;true
0;2;1437;0;1751357249760;1751357249762;true
0;0;1437;0;1751357249760;1751357249764;true
1;1;1278;83784;1751357249763;1751357249765;false
1;2;1278;53131;1751357249763;1751357249765;false
1;0;1278;178955;1751357249763;1751357249766;false
0;2;1438;0;1751357249793;1751357249795;true
0;1;1438;0;1751357249793;1751357249795;true
0;0;1438;0;1751357249793;1751357249798;true
1;2;1279;51905;1751357249809;1751357249809;false
1;1;1279;85668;1751357249809;1751357249811;false
1;0;1279;170896;1751357249809;1751357249811;false
0;1;1439;0;1751357249824;1751357249826;true
0;2;1439;0;1751357249824;1751357249826;true
0;0;1439;0;1751357249824;1751357249827;true
1;2;1280;54429;1751357249829;1751357249831;false
1;1;1280;85232;1751357249829;1751357249832;false
1;0;1280;182672;1751357249829;1751357249832;false
0;2;1440;0;1751357249856;1751357249857;true
0;1;1440;0;1751357249856;1751357249859;true
0;0;1440;0;1751357249856;1751357249860;true
1;2;1281;54042;1751357249863;1751357249864;false
1;1;1281;84598;1751357249863;1751357249865;false
1;0;1281;181098;1751357249863;1751357249865;false
0;2;1441;0;1751357249887;1751357249888;true
0;1;1441;0;1751357249887;1751357249889;true
0;0;1441;0;1751357249887;1751357249890;true
1;2;1282;53578;1751357249918;1751357249919;false
1;1;1282;84657;1751357249918;1751357249920;false
0;2;1442;0;1751357249920;1751357249922;true
1;0;1282;179716;1751357249918;1751357249922;false
0;1;1442;0;1751357249920;1751357249923;true
0;0;1442;0;1751357249920;1751357249924;true
1;2;1283;53946;1751357249928;1751357249928;false
1;1;1283;84355;1751357249928;1751357249930;false
1;0;1283;180059;1751357249928;1751357249933;false
0;2;1443;0;1751357249959;1751357249960;true
0;1;1443;0;1751357249959;1751357249964;true
0;0;1443;0;1751357249959;1751357249964;true
1;2;1284;53960;1751357249963;1751357249965;false
1;1;1284;84858;1751357249963;1751357249965;false
1;0;1284;167805;1751357249963;1751357249967;false
0;2;1444;0;1751357249991;1751357249992;true
0;1;1444;0;1751357249991;1751357249994;true
0;0;1444;0;1751357249991;1751357249995;true
1;2;1285;54271;1751357249993;1751357250007;false
1;1;1285;85261;1751357249993;1751357250007;false
1;0;1285;182142;1751357249993;1751357250010;false
0;2;1445;0;1751357250022;1751357250024;true
0;1;1445;0;1751357250022;1751357250026;true
0;0;1445;0;1751357250022;1751357250027;true
1;2;1286;53725;1751357250038;1751357250040;false
1;1;1286;84264;1751357250038;1751357250055;false
0;2;1446;0;1751357250054;1751357250056;true
1;0;1286;179856;1751357250038;1751357250056;false
0;1;1446;0;1751357250054;1751357250057;true
0;0;1446;0;1751357250054;1751357250058;true
1;2;1287;53403;1751357250070;1751357250071;false
1;1;1287;84586;1751357250070;1751357250072;false
1;0;1287;180176;1751357250070;1751357250073;false
0;2;1447;0;1751357250085;1751357250087;true
0;1;1447;0;1751357250085;1751357250088;true
0;0;1447;0;1751357250085;1751357250089;true
1;1;1288;84725;1751357250093;1751357250095;false
1;2;1288;53868;1751357250093;1751357250095;false
1;0;1288;181406;1751357250093;1751357250097;false
0;2;1448;0;1751357250124;1751357250126;true
0;1;1448;0;1751357250124;1751357250128;true
0;0;1448;0;1751357250124;1751357250129;true
1;2;1289;54217;1751357250128;1751357250129;false
1;1;1289;84805;1751357250128;1751357250131;false
1;0;1289;181358;1751357250128;1751357250132;false
0;2;1449;0;1751357250158;1751357250159;true
0;1;1449;0;1751357250158;1751357250160;true
0;0;1449;0;1751357250158;1751357250161;true
1;1;1290;84282;1751357250164;1751357250166;false
1;2;1290;54583;1751357250164;1751357250166;false
1;0;1290;181977;1751357250164;1751357250166;false
0;2;1450;0;1751357250189;1751357250190;true
0;1;1450;0;1751357250189;1751357250191;true
0;0;1450;0;1751357250189;1751357250192;true
1;2;1291;52759;1751357250193;1751357250195;false
1;1;1291;83335;1751357250193;1751357250196;false
1;0;1291;178753;1751357250193;1751357250197;false
0;1;1451;0;1751357250220;1751357250223;true
0;2;1451;0;1751357250220;1751357250223;true
0;0;1451;0;1751357250220;1751357250225;true
1;2;1292;53393;1751357250236;1751357250237;false
1;1;1292;84018;1751357250236;1751357250238;false
1;0;1292;179088;1751357250236;1751357250239;false
0;2;1452;0;1751357250252;1751357250254;true
0;1;1452;0;1751357250252;1751357250255;true
0;0;1452;0;1751357250252;1751357250255;true
1;2;1293;53037;1751357250263;1751357250265;false
1;1;1293;83248;1751357250263;1751357250265;false
1;0;1293;177834;1751357250263;1751357250267;false
0;2;1453;0;1751357250290;1751357250294;true
0;1;1453;0;1751357250290;1751357250294;true
0;0;1453;0;1751357250290;1751357250294;true
1;2;1294;52977;1751357250294;1751357250295;false
1;0;1294;177148;1751357250294;1751357250296;false
1;1;1294;82791;1751357250294;1751357250296;false
0;1;1454;0;1751357250321;1751357250325;true
0;2;1454;0;1751357250321;1751357250325;true
1;1;1295;82806;1751357250323;1751357250325;false
1;2;1295;52837;1751357250323;1751357250325;false
0;0;1454;0;1751357250321;1751357250325;true
1;0;1295;176888;1751357250323;1751357250327;false
0;1;1455;0;1751357250351;1751357250354;true
0;2;1455;0;1751357250351;1751357250355;true
0;0;1455;0;1751357250351;1751357250355;true
1;2;1296;53206;1751357250358;1751357250360;false
1;1;1296;78428;1751357250358;1751357250374;false
1;0;1296;165242;1751357250358;1751357250375;false
0;2;1456;0;1751357250390;1751357250394;true
0;0;1456;0;1751357250390;1751357250394;true
0;1;1456;0;1751357250390;1751357250394;true
1;2;1297;52898;1751357250393;1751357250395;false
1;1;1297;82682;1751357250393;1751357250397;false
1;0;1297;177438;1751357250393;1751357250397;false
0;2;1457;0;1751357250421;1751357250422;true
0;1;1457;0;1751357250421;1751357250425;true
1;1;1298;82996;1751357250423;1751357250425;false
0;0;1457;0;1751357250421;1751357250425;true
1;2;1298;53128;1751357250423;1751357250425;false
1;0;1298;177714;1751357250423;1751357250428;false
0;2;1458;0;1751357250456;1751357250458;true
0;0;1458;0;1751357250456;1751357250459;true
1;2;1299;53541;1751357250458;1751357250459;false
0;1;1458;0;1751357250456;1751357250459;true
1;1;1299;83583;1751357250458;1751357250461;false
1;0;1299;178182;1751357250458;1751357250462;false
0;2;1459;0;1751357250489;1751357250492;true
0;1;1459;0;1751357250489;1751357250493;true
0;0;1459;0;1751357250489;1751357250493;true
1;1;1300;82530;1751357250493;1751357250495;false
1;2;1300;52500;1751357250493;1751357250495;false
1;0;1300;177090;1751357250493;1751357250497;false
0;1;1460;0;1751357250523;1751357250525;true
0;2;1460;0;1751357250523;1751357250526;true
0;0;1460;0;1751357250523;1751357250527;true
1;2;1301;53045;1751357250528;1751357250529;false
1;1;1301;83824;1751357250528;1751357250530;false
1;0;1301;178156;1751357250528;1751357250532;false
0;2;1461;0;1751357250562;1751357250564;true
1;2;1302;53257;1751357250563;1751357250565;false
1;1;1302;83419;1751357250563;1751357250565;false
0;1;1461;0;1751357250562;1751357250566;true
0;0;1461;0;1751357250562;1751357250566;true
1;0;1302;177981;1751357250563;1751357250567;false
0;2;1462;0;1751357250589;1751357250590;true
0;1;1462;0;1751357250589;1751357250594;true
0;0;1462;0;1751357250589;1751357250594;true
1;2;1303;52848;1751357250594;1751357250595;false
1;1;1303;83821;1751357250594;1751357250596;false
1;0;1303;177481;1751357250594;1751357250597;false
0;2;1463;0;1751357250620;1751357250622;true
0;1;1463;0;1751357250620;1751357250623;true
0;0;1463;0;1751357250620;1751357250625;true
1;2;1304;53311;1751357250623;1751357250625;false
1;1;1304;83193;1751357250623;1751357250625;false
1;0;1304;178759;1751357250623;1751357250627;false
0;2;1464;0;1751357250654;1751357250655;true
0;1;1464;0;1751357250654;1751357250657;true
0;0;1464;0;1751357250654;1751357250659;true
1;2;1305;53298;1751357250658;1751357250660;false
1;1;1305;83563;1751357250658;1751357250661;false
1;0;1305;178734;1751357250658;1751357250661;false
0;2;1465;0;1751357250686;1751357250689;true
0;1;1465;0;1751357250686;1751357250689;true
1;2;1306;53060;1751357250688;1751357250689;false
1;1;1306;83469;1751357250688;1751357250690;false
0;0;1465;0;1751357250686;1751357250691;true
1;0;1306;178948;1751357250688;1751357250692;false
0;1;1466;0;1751357250717;1751357250720;true
0;2;1466;0;1751357250717;1751357250721;true
0;0;1466;0;1751357250717;1751357250721;true
0;2;1467;0;1751357250748;1751357250750;true
1;2;1307;53634;1751357250748;1751357250750;false
0;1;1467;0;1751357250748;1751357250752;true
1;1;1307;83779;1751357250748;1751357250752;false
1;0;1307;178967;1751357250748;1751357250753;false
0;0;1467;0;1751357250748;1751357250753;true
1;2;1308;53435;1751357250753;1751357250754;false
1;1;1308;84150;1751357250753;1751357250755;false
1;0;1308;178907;1751357250753;1751357250757;false
0;2;1468;0;1751357250780;1751357250784;true
0;1;1468;0;1751357250780;1751357250784;true
0;0;1468;0;1751357250780;1751357250785;true
1;2;1309;52676;1751357250788;1751357250789;false
1;1;1309;82648;1751357250788;1751357250789;false
1;0;1309;177201;1751357250788;1751357250790;false
0;1;1469;0;1751357250820;1751357250823;true
0;2;1469;0;1751357250820;1751357250823;true
1;2;1310;52743;1751357250823;1751357250825;false
0;0;1469;0;1751357250820;1751357250825;true
1;1;1310;82579;1751357250823;1751357250825;false
1;0;1310;176257;1751357250823;1751357250826;false
0;1;1470;0;1751357250852;1751357250854;true
1;2;1311;52217;1751357250853;1751357250855;false
0;0;1470;0;1751357250852;1751357250855;true
0;2;1470;0;1751357250851;1751357250855;true
1;1;1311;82439;1751357250853;1751357250856;false
1;0;1311;174644;1751357250853;1751357250859;false
0;1;1471;0;1751357250888;1751357250891;true
0;0;1471;0;1751357250888;1751357250893;true
0;2;1471;0;1751357250888;1751357250893;true
1;2;1312;52839;1751357250893;1751357250894;false
1;1;1312;82319;1751357250893;1751357250895;false
1;0;1312;176023;1751357250894;1751357250897;false
0;2;1472;0;1751357250921;1751357250923;true
0;1;1472;0;1751357250921;1751357250924;true
1;2;1313;52614;1751357250923;1751357250924;false
0;0;1472;0;1751357250921;1751357250925;true
1;1;1313;81997;1751357250923;1751357250926;false
1;0;1313;176120;1751357250923;1751357250926;false
1;1;1314;82357;1751357250953;1751357250955;false
0;2;1473;0;1751357250952;1751357250956;true
1;2;1314;52721;1751357250953;1751357250956;false
0;1;1473;0;1751357250952;1751357250956;true
0;0;1473;0;1751357250952;1751357250957;true
1;0;1314;176353;1751357250953;1751357250957;false
0;2;1474;0;1751357250986;1751357250989;true
1;2;1315;51762;1751357250988;1751357250989;false
0;1;1474;0;1751357250986;1751357250989;true
0;0;1474;0;1751357250986;1751357250991;true
1;1;1315;82442;1751357250988;1751357250991;false
1;0;1315;176315;1751357250988;1751357250992;false
0;2;1475;0;1751357251019;1751357251022;true
0;1;1475;0;1751357251019;1751357251023;true
0;0;1475;0;1751357251019;1751357251024;true
1;2;1316;52624;1751357251023;1751357251024;false
1;1;1316;82440;1751357251023;1751357251024;false
1;0;1316;175950;1751357251023;1751357251027;false
0;2;1476;0;1751357251051;1751357251053;true
0;0;1476;0;1751357251051;1751357251055;true
1;2;1317;53003;1751357251053;1751357251055;false
0;1;1476;0;1751357251051;1751357251055;true
1;1;1317;82539;1751357251053;1751357251056;false
1;0;1317;177334;1751357251053;1751357251057;false
0;2;1477;0;1751357251082;1751357251084;true
1;1;1318;82815;1751357251083;1751357251085;false
0;1;1477;0;1751357251082;1751357251085;true
1;2;1318;52921;1751357251083;1751357251086;false
0;0;1477;0;1751357251082;1751357251086;true
1;0;1318;177203;1751357251083;1751357251087;false
0;2;1478;0;1751357251110;1751357251113;true
0;1;1478;0;1751357251110;1751357251113;true
0;0;1478;0;1751357251110;1751357251115;true
1;1;1319;82205;1751357251118;1751357251119;false
1;2;1319;52026;1751357251118;1751357251119;false
1;0;1319;175921;1751357251118;1751357251122;false
0;2;1479;0;1751357251147;1751357251149;true
0;1;1479;0;1751357251147;1751357251150;true
0;0;1479;0;1751357251147;1751357251151;true
1;2;1320;52327;1751357251148;1751357251155;false
1;1;1320;82086;1751357251148;1751357251155;false
1;0;1320;175221;1751357251148;1751357251162;false
0;1;1480;0;1751357251185;1751357251187;true
0;2;1480;0;1751357251185;1751357251189;true
0;0;1480;0;1751357251185;1751357251189;true
1;2;1321;52697;1751357251188;1751357251190;false
1;1;1321;81715;1751357251188;1751357251190;false
1;0;1321;176309;1751357251188;1751357251192;false
0;2;1481;0;1751357251218;1751357251222;true
0;1;1481;0;1751357251218;1751357251226;true
0;0;1481;0;1751357251218;1751357251226;true
1;2;1322;52197;1751357251226;1751357251227;false
1;1;1322;82197;1751357251226;1751357251227;false
1;0;1322;175946;1751357251226;1751357251229;false
0;2;1482;0;1751357251251;1751357251255;true
1;2;1323;52647;1751357251253;1751357251255;false
0;1;1482;0;1751357251251;1751357251255;true
1;1;1323;82698;1751357251253;1751357251255;false
0;0;1482;0;1751357251251;1751357251255;true
1;0;1323;177202;1751357251253;1751357251256;false
0;1;1483;0;1751357251285;1751357251287;true
0;2;1483;0;1751357251285;1751357251288;true
0;0;1483;0;1751357251285;1751357251289;true
1;2;1324;52499;1751357251288;1751357251290;false
1;1;1324;82662;1751357251289;1751357251290;false
1;0;1324;176583;1751357251288;1751357251290;false
0;2;1484;0;1751357251318;1751357251322;true
0;0;1484;0;1751357251318;1751357251323;true
0;1;1484;0;1751357251318;1751357251323;true
1;1;1325;83048;1751357251323;1751357251326;false
1;2;1325;53255;1751357251323;1751357251326;false
1;0;1325;177891;1751357251323;1751357251326;false
0;2;1485;0;1751357251349;1751357251352;true
0;0;1485;0;1751357251349;1751357251353;true
0;1;1485;0;1751357251349;1751357251353;true
1;2;1326;53258;1751357251354;1751357251355;false
1;1;1326;83638;1751357251354;1751357251355;false
1;0;1326;178326;1751357251353;1751357251356;false
0;2;1486;0;1751357251384;1751357251386;true
0;1;1486;0;1751357251384;1751357251388;true
0;0;1486;0;1751357251384;1751357251389;true
1;2;1327;53480;1751357251388;1751357251390;false
1;1;1327;83091;1751357251388;1751357251391;false
1;0;1327;178615;1751357251388;1751357251392;false
0;1;1487;0;1751357251417;1751357251420;true
0;2;1487;0;1751357251417;1751357251420;true
1;2;1328;53917;1751357251418;1751357251420;false
0;0;1487;0;1751357251417;1751357251422;true
1;1;1328;84365;1751357251418;1751357251422;false
1;0;1328;180700;1751357251419;1751357251425;false
0;2;1488;0;1751357251440;1751357251441;true
0;1;1488;0;1751357251440;1751357251443;true
0;0;1488;0;1751357251440;1751357251445;true
1;2;1329;53579;1751357251453;1751357251454;false
1;1;1329;84154;1751357251453;1751357251454;false
1;0;1329;179518;1751357251453;1751357251456;false
0;1;1489;0;1751357251484;1751357251486;true
0;2;1489;0;1751357251483;1751357251487;true
0;0;1489;0;1751357251484;1751357251488;true
1;1;1330;84055;1751357251488;1751357251489;false
1;2;1330;53821;1751357251488;1751357251489;false
1;0;1330;179619;1751357251488;1751357251492;false
0;2;1490;0;1751357251515;1751357251517;true
1;2;1331;52458;1751357251518;1751357251519;false
0;1;1490;0;1751357251515;1751357251520;true
0;0;1490;0;1751357251515;1751357251520;true
1;1;1331;83265;1751357251519;1751357251522;false
1;0;1331;177374;1751357251519;1751357251522;false
0;2;1491;0;1751357251549;1751357251552;true
0;1;1491;0;1751357251549;1751357251554;true
1;2;1332;52727;1751357251553;1751357251554;false
0;0;1491;0;1751357251549;1751357251554;true
1;1;1332;82808;1751357251553;1751357251556;false
1;0;1332;177072;1751357251553;1751357251557;false
0;1;1492;0;1751357251583;1751357251587;true
0;2;1492;0;1751357251583;1751357251588;true
0;0;1492;0;1751357251583;1751357251589;true
1;2;1333;53146;1751357251588;1751357251590;false
1;1;1333;83688;1751357251588;1751357251592;false
1;0;1333;178772;1751357251588;1751357251592;false
0;2;1493;0;1751357251615;1751357251617;true
0;0;1493;0;1751357251615;1751357251619;true
0;1;1493;0;1751357251615;1751357251619;true
1;1;1334;83548;1751357251618;1751357251620;false
1;2;1334;53792;1751357251618;1751357251621;false
1;0;1334;179965;1751357251618;1751357251621;false
0;2;1494;0;1751357251649;1751357251653;true
0;0;1494;0;1751357251650;1751357251654;true
0;1;1494;0;1751357251650;1751357251654;true
1;2;1335;53515;1751357251653;1751357251654;false
1;0;1335;179570;1751357251653;1751357251656;false
1;1;1335;83354;1751357251654;1751357251656;false
0;2;1495;0;1751357251681;1751357251683;true
0;1;1495;0;1751357251681;1751357251684;true
0;0;1495;0;1751357251681;1751357251685;true
1;2;1336;53413;1751357251685;1751357251686;false
1;1;1336;83798;1751357251684;1751357251686;false
1;0;1336;179327;1751357251685;1751357251688;false
0;1;1496;0;1751357251715;1751357251717;true
0;2;1496;0;1751357251715;1751357251717;true
0;0;1496;0;1751357251715;1751357251717;true
1;2;1337;53968;1751357251720;1751357251720;false
1;1;1337;84298;1751357251720;1751357251723;false
1;0;1337;180485;1751357251720;1751357251723;false
0;2;1497;0;1751357251748;1751357251749;true
0;1;1497;0;1751357251748;1751357251751;true
0;0;1497;0;1751357251748;1751357251752;true
1;1;1338;84458;1751357251755;1751357251757;false
1;2;1338;53900;1751357251755;1751357251757;false
1;0;1338;181563;1751357251755;1751357251758;false
0;2;1498;0;1751357251782;1751357251783;true
1;2;1339;54768;1751357251783;1751357251783;false
1;1;1339;85891;1751357251783;1751357251784;false
0;1;1498;0;1751357251782;1751357251784;true
0;0;1498;0;1751357251782;1751357251784;true
1;0;1339;183363;1751357251783;1751357251787;false
0;2;1499;0;1751357251814;1751357251816;true
0;1;1499;0;1751357251814;1751357251816;true
0;0;1499;0;1751357251814;1751357251820;true
1;2;1340;55254;1751357251818;1751357251820;false
1;1;1340;85712;1751357251818;1751357251822;false
1;0;1340;183390;1751357251818;1751357251822;false
0;2;1500;0;1751357251848;1751357251851;true
0;1;1500;0;1751357251848;1751357251851;true
0;0;1500;0;1751357251848;1751357251853;true
1;2;1341;54737;1751357251853;1751357251856;false
1;1;1341;85637;1751357251853;1751357251856;false
1;0;1341;183345;1751357251853;1751357251857;false
0;2;1501;0;1751357251880;1751357251883;true
0;1;1501;0;1751357251880;1751357251884;true
0;0;1501;0;1751357251880;1751357251885;true
1;2;1342;54919;1751357251884;1751357251885;false
1;1;1342;85326;1751357251884;1751357251886;false
1;0;1342;182616;1751357251885;1751357251888;false
0;2;1502;0;1751357251914;1751357251917;true
0;1;1502;0;1751357251914;1751357251917;true
0;0;1502;0;1751357251914;1751357251918;true
1;1;1343;84894;1751357251918;1751357251918;false
1;2;1343;54033;1751357251918;1751357251921;false
1;0;1343;182028;1751357251918;1751357251921;false
1;2;1344;54957;1751357251949;1751357251950;false
0;1;1503;0;1751357251947;1751357251951;true
0;2;1503;0;1751357251947;1751357251951;true
1;1;1344;85369;1751357251949;1751357251951;false
0;0;1503;0;1751357251947;1751357251951;true
1;0;1344;182956;1751357251949;1751357251953;false
0;2;1504;0;1751357251979;1751357251983;true
0;1;1504;0;1751357251979;1751357251983;true
0;0;1504;0;1751357251979;1751357251984;true
1;2;1345;53764;1751357251983;1751357251985;false
1;1;1345;83889;1751357251983;1751357251985;false
1;0;1345;180637;1751357251983;1751357251986;false
1;2;1346;53542;1751357252013;1751357252014;false
0;2;1505;0;1751357252012;1751357252015;true
0;1;1505;0;1751357252012;1751357252015;true
0;0;1505;0;1751357252012;1751357252016;true
1;1;1346;83672;1751357252014;1751357252031;false
1;0;1346;178921;1751357252013;1751357252034;false
0;2;1506;0;1751357252032;1751357252035;true
0;1;1506;0;1751357252032;1751357252037;true
0;0;1506;0;1751357252032;1751357252037;true
1;2;1347;52970;1751357252044;1751357252044;false
1;1;1347;83023;1751357252044;1751357252045;false
1;0;1347;177091;1751357252044;1751357252063;false
0;2;1507;0;1751357252079;1751357252080;true
0;1;1507;0;1751357252079;1751357252083;true
0;0;1507;0;1751357252079;1751357252083;true
1;1;1348;82278;1751357252083;1751357252084;false
1;2;1348;52509;1751357252083;1751357252084;false
1;0;1348;176660;1751357252083;1751357252086;false
0;2;1508;0;1751357252110;1751357252112;true
0;1;1508;0;1751357252110;1751357252114;true
0;0;1508;0;1751357252110;1751357252115;true
1;2;1349;51778;1751357252114;1751357252115;false
1;1;1349;81112;1751357252114;1751357252115;false
1;0;1349;172707;1751357252114;1751357252117;false
0;2;1509;0;1751357252143;1751357252144;true
0;1;1509;0;1751357252143;1751357252147;true
0;0;1509;0;1751357252143;1751357252147;true
1;2;1350;51071;1751357252149;1751357252149;false
1;1;1350;79722;1751357252149;1751357252149;false
1;0;1350;170627;1751357252149;1751357252149;false
0;2;1510;0;1751357252174;1751357252175;true
0;1;1510;0;1751357252174;1751357252177;true
1;2;1351;51243;1751357252178;1751357252179;false
0;0;1510;0;1751357252174;1751357252179;true
1;1;1351;80160;1751357252178;1751357252179;false
1;0;1351;171092;1751357252178;1751357252181;false
0;2;1511;0;1751357252211;1751357252214;true
0;1;1511;0;1751357252211;1751357252215;true
1;1;1352;78036;1751357252214;1751357252215;false
0;0;1511;0;1751357252211;1751357252216;true
1;2;1352;50014;1751357252214;1751357252216;false
1;0;1352;166357;1751357252214;1751357252217;false
0;2;1512;0;1751357252245;1751357252245;true
0;1;1512;0;1751357252245;1751357252246;true
0;0;1512;0;1751357252245;1751357252248;true
0;2;1513;0;1751357252275;1751357252277;true
0;1;1513;0;1751357252275;1751357252277;true
0;0;1513;0;1751357252275;1751357252279;true
0;2;1514;0;1751357252296;1751357252297;true
0;1;1514;0;1751357252296;1751357252298;true
0;0;1514;0;1751357252296;1751357252298;true
0;2;1515;0;1751357252329;1751357252329;true
0;1;1515;0;1751357252329;1751357252329;true
0;0;1515;0;1751357252329;1751357252329;true
0;1;1516;0;1751357252365;1751357252366;true
0;2;1516;0;1751357252365;1751357252367;true
0;0;1516;0;1751357252365;1751357252367;true
0;1;1517;0;1751357252395;1751357252397;true
0;2;1517;0;1751357252395;1751357252397;true
0;0;1517;0;1751357252395;1751357252398;true
0;2;1518;0;1751357252442;1751357252443;true
0;1;1518;0;1751357252442;1751357252444;true
0;0;1518;0;1751357252442;1751357252444;true
0;2;1519;0;1751357252474;1751357252475;true
0;0;1519;0;1751357252474;1751357252476;true
0;1;1519;0;1751357252474;1751357252476;true
0;2;1520;0;1751357252494;1751357252494;true
0;1;1520;0;1751357252494;1751357252495;true
0;0;1520;0;1751357252494;1751357252497;true
0;2;1521;0;1751357252527;1751357252528;true
0;1;1521;0;1751357252527;1751357252528;true
0;0;1521;0;1751357252527;1751357252529;true
0;2;1522;0;1751357252560;1751357252561;true
0;0;1522;0;1751357252560;1751357252561;true
0;1;1522;0;1751357252560;1751357252561;true
0;2;1523;0;1751357252603;1751357252604;true
0;1;1523;0;1751357252603;1751357252604;true
0;0;1523;0;1751357252603;1751357252604;true
0;2;1524;0;1751357252640;1751357252641;true
0;1;1524;0;1751357252640;1751357252641;true
0;0;1524;0;1751357252640;1751357252642;true
0;2;1525;0;1751357252670;1751357252672;true
0;1;1525;0;1751357252670;1751357252672;true
0;0;1525;0;1751357252670;1751357252672;true
0;2;1526;0;1751357252693;1751357252694;true
0;1;1526;0;1751357252693;1751357252695;true
0;0;1526;0;1751357252693;1751357252695;true
0;2;1527;0;1751357252729;1751357252730;true
0;1;1527;0;1751357252729;1751357252730;true
0;0;1527;0;1751357252729;1751357252731;true
0;2;1528;0;1751357252759;1751357252761;true
0;1;1528;0;1751357252759;1751357252761;true
0;0;1528;0;1751357252759;1751357252761;true
0;1;1529;0;1751357252792;1751357252793;true
0;2;1529;0;1751357252792;1751357252793;true
0;0;1529;0;1751357252792;1751357252795;true
0;1;1530;0;1751357252825;1751357252826;true
0;2;1530;0;1751357252825;1751357252826;true
0;0;1530;0;1751357252825;1751357252826;true
0;1;1531;0;1751357252858;1751357252860;true
0;2;1531;0;1751357252858;1751357252860;true
0;0;1531;0;1751357252858;1751357252861;true
0;2;1532;0;1751357252891;1751357252891;true
0;1;1532;0;1751357252891;1751357252892;true
0;0;1532;0;1751357252891;1751357252892;true
0;2;1533;0;1751357252924;1751357252926;true
0;0;1533;0;1751357252925;1751357252926;true
0;1;1533;0;1751357252925;1751357252926;true
0;2;1534;0;1751357252959;1751357252960;true
0;1;1534;0;1751357252959;1751357252960;true
0;0;1534;0;1751357252959;1751357252961;true
0;2;1535;0;1751357252990;1751357252991;true
0;1;1535;0;1751357252990;1751357252991;true
0;0;1535;0;1751357252990;1751357252991;true
0;1;1536;0;1751357253024;1751357253025;true
0;2;1536;0;1751357253024;1751357253025;true
0;0;1536;0;1751357253024;1751357253025;true
0;2;1537;0;1751357253056;1751357253058;true
0;1;1537;0;1751357253056;1751357253060;true
0;0;1537;0;1751357253056;1751357253060;true
0;2;1538;0;1751357253090;1751357253091;true
0;1;1538;0;1751357253090;1751357253091;true
0;0;1538;0;1751357253090;1751357253092;true
0;2;1539;0;1751357253123;1751357253124;true
0;1;1539;0;1751357253123;1751357253124;true
0;0;1539;0;1751357253123;1751357253124;true
0;1;1540;0;1751357253156;1751357253157;true
0;2;1540;0;1751357253156;1751357253158;true
0;0;1540;0;1751357253156;1751357253158;true
0;2;1541;0;1751357253189;1751357253189;true
0;1;1541;0;1751357253189;1751357253190;true
0;0;1541;0;1751357253189;1751357253190;true
0;2;1542;0;1751357253223;1751357253223;true
0;1;1542;0;1751357253223;1751357253225;true
0;0;1542;0;1751357253223;1751357253225;true
0;1;1543;0;1751357253254;1751357253254;true
0;2;1543;0;1751357253254;1751357253256;true
0;0;1543;0;1751357253254;1751357253257;true
0;2;1544;0;1751357253288;1751357253289;true
0;1;1544;0;1751357253288;1751357253289;true
0;0;1544;0;1751357253288;1751357253291;true
0;2;1545;0;1751357253321;1751357253323;true
0;1;1545;0;1751357253321;1751357253323;true
0;0;1545;0;1751357253321;1751357253324;true
0;2;1546;0;1751357253355;1751357253356;true
0;1;1546;0;1751357253355;1751357253356;true
0;0;1546;0;1751357253355;1751357253358;true
0;2;1547;0;1751357253388;1751357253389;true
0;1;1547;0;1751357253388;1751357253389;true
0;0;1547;0;1751357253388;1751357253391;true
0;2;1548;0;1751357253420;1751357253421;true
0;1;1548;0;1751357253420;1751357253422;true
0;0;1548;0;1751357253420;1751357253423;true
