clientID;descriptionID;frameNr;sizeInBytes;entryTimestamp;completedTimestamp;isSender
1;2;0;0;1751357207595;1751357207597;true
1;1;0;0;1751357207595;1751357207600;true
1;0;0;0;1751357207595;1751357207600;true
0;2;159;51865;1751357207597;1751357207610;false
1;2;1;0;1751357207621;1751357207623;true
1;1;1;0;1751357207621;1751357207624;true
1;0;1;0;1751357207621;1751357207625;true
0;2;160;51585;1751357207622;1751357207655;false
1;2;2;0;1751357207654;1751357207656;true
1;1;2;0;1751357207654;1751357207658;true
1;0;2;0;1751357207654;1751357207658;true
0;2;161;51201;1751357207657;1751357207682;false
1;2;3;0;1751357207687;1751357207688;true
1;1;3;0;1751357207687;1751357207690;true
1;0;3;0;1751357207687;1751357207691;true
0;2;162;51691;1751357207682;1751357207715;false
1;2;4;0;1751357207731;1751357207735;true
1;1;4;0;1751357207731;1751357207736;true
0;2;163;51633;1751357207717;1751357207737;false
1;0;4;0;1751357207731;1751357207737;true
0;2;164;51972;1751357207762;1751357207763;false
1;1;5;0;1751357207762;1751357207765;true
1;2;5;0;1751357207762;1751357207766;true
1;0;5;0;1751357207762;1751357207767;true
0;2;165;51658;1751357207781;1751357207800;false
1;2;6;0;1751357207798;1751357207800;true
1;1;6;0;1751357207798;1751357207802;true
1;0;6;0;1751357207798;1751357207803;true
0;2;166;52012;1751357207817;1751357207830;false
1;2;7;0;1751357207829;1751357207831;true
1;1;7;0;1751357207829;1751357207833;true
1;0;7;0;1751357207829;1751357207834;true
0;2;167;51923;1751357207847;1751357207862;false
1;2;8;0;1751357207862;1751357207863;true
1;1;8;0;1751357207862;1751357207865;true
1;0;8;0;1751357207862;1751357207867;true
0;2;168;52532;1751357207882;1751357207896;false
1;2;9;0;1751357207896;1751357207899;true
1;1;9;0;1751357207896;1751357207900;true
1;0;9;0;1751357207896;1751357207901;true
1;2;10;0;1751357207917;1751357207920;true
1;1;10;0;1751357207917;1751357207921;true
1;0;10;0;1751357207917;1751357207921;true
0;2;169;52480;1751357207917;1751357207930;false
0;2;170;52154;1751357207947;1751357207962;false
1;2;11;0;1751357207962;1751357207964;true
1;1;11;0;1751357207962;1751357207966;true
1;0;11;0;1751357207962;1751357207966;true
0;2;171;52063;1751357207994;1751357207996;false
1;2;12;0;1751357207994;1751357207998;true
1;1;12;0;1751357207994;1751357207999;true
1;0;12;0;1751357207994;1751357207999;true
0;2;172;52623;1751357208024;1751357208025;false
1;1;13;0;1751357208024;1751357208026;true
1;2;13;0;1751357208024;1751357208027;true
1;0;13;0;1751357208024;1751357208028;true
0;2;173;52081;1751357208047;1751357208063;false
1;2;14;0;1751357208063;1751357208066;true
1;1;14;0;1751357208063;1751357208067;true
1;0;14;0;1751357208063;1751357208067;true
1;2;15;0;1751357208082;1751357208085;true
1;1;15;0;1751357208082;1751357208085;true
1;0;15;0;1751357208082;1751357208086;true
0;2;174;51674;1751357208082;1751357208093;false
0;2;175;51618;1751357208112;1751357208125;false
1;2;16;0;1751357208125;1751357208127;true
1;1;16;0;1751357208125;1751357208128;true
1;0;16;0;1751357208125;1751357208129;true
0;2;176;51842;1751357208147;1751357208148;false
1;2;17;0;1751357208159;1751357208162;true
1;1;17;0;1751357208159;1751357208163;true
1;0;17;0;1751357208159;1751357208164;true
0;2;177;52314;1751357208177;1751357208192;false
1;1;18;0;1751357208191;1751357208194;true
1;2;18;0;1751357208191;1751357208195;true
1;0;18;0;1751357208191;1751357208196;true
1;1;19;0;1751357208222;1751357208225;true
1;2;19;0;1751357208222;1751357208225;true
1;0;19;0;1751357208222;1751357208227;true
0;2;178;52311;1751357208227;1751357208238;false
1;2;20;0;1751357208253;1751357208254;true
1;1;20;0;1751357208253;1751357208257;true
1;0;20;0;1751357208253;1751357208257;true
0;2;179;52214;1751357208257;1751357208277;false
1;2;21;0;1751357208292;1751357208295;true
1;1;21;0;1751357208292;1751357208296;true
1;0;21;0;1751357208292;1751357208296;true
0;2;180;51608;1751357208292;1751357208307;false
0;2;181;51987;1751357208307;1751357208326;false
1;2;22;0;1751357208325;1751357208328;true
1;1;22;0;1751357208325;1751357208329;true
1;0;22;0;1751357208325;1751357208329;true
0;2;182;50750;1751357208342;1751357208357;false
1;2;23;0;1751357208357;1751357208358;true
1;1;23;0;1751357208357;1751357208360;true
1;0;23;0;1751357208357;1751357208360;true
0;2;183;50631;1751357208377;1751357208377;false
1;2;24;0;1751357208388;1751357208390;true
1;1;24;0;1751357208388;1751357208394;true
1;0;24;0;1751357208388;1751357208394;true
1;1;25;0;1751357208419;1751357208422;true
1;2;25;0;1751357208419;1751357208423;true
1;0;25;0;1751357208419;1751357208424;true
0;2;184;50704;1751357208422;1751357208435;false
1;2;26;0;1751357208447;1751357208449;true
1;1;26;0;1751357208447;1751357208449;true
1;0;26;0;1751357208447;1751357208450;true
0;2;185;51222;1751357208447;1751357208460;false
0;2;186;50567;1751357208477;1751357208482;false
1;2;27;0;1751357208479;1751357208482;true
1;1;27;0;1751357208479;1751357208482;true
1;0;27;0;1751357208479;1751357208483;true
1;1;28;0;1751357208514;1751357208517;true
1;2;28;0;1751357208514;1751357208518;true
0;2;187;50543;1751357208517;1751357208518;false
1;0;28;0;1751357208514;1751357208518;true
1;2;29;0;1751357208545;1751357208546;true
1;1;29;0;1751357208545;1751357208549;true
1;0;29;0;1751357208545;1751357208550;true
0;2;188;51183;1751357208547;1751357208564;false
1;2;30;0;1751357208578;1751357208581;true
1;1;30;0;1751357208578;1751357208582;true
1;0;30;0;1751357208578;1751357208583;true
0;2;189;51201;1751357208582;1751357208594;false
1;2;31;0;1751357208612;1751357208614;true
1;1;31;0;1751357208612;1751357208615;true
1;0;31;0;1751357208612;1751357208615;true
0;2;190;51192;1751357208612;1751357208625;false
0;2;191;50722;1751357208642;1751357208659;false
1;2;32;0;1751357208658;1751357208661;true
1;1;32;0;1751357208658;1751357208661;true
1;0;32;0;1751357208658;1751357208662;true
1;2;33;0;1751357208677;1751357208680;true
0;2;192;50839;1751357208677;1751357208682;false
1;0;33;0;1751357208677;1751357208682;true
1;1;33;0;1751357208677;1751357208682;true
0;2;193;50868;1751357208722;1751357208724;false
1;2;34;0;1751357208722;1751357208725;true
1;1;34;0;1751357208722;1751357208725;true
1;0;34;0;1751357208722;1751357208726;true
0;2;194;51155;1751357208738;1751357208743;false
1;2;35;0;1751357208743;1751357208745;true
1;1;35;0;1751357208743;1751357208746;true
1;0;35;0;1751357208743;1751357208746;true
1;2;36;0;1751357208775;1751357208777;true
1;1;36;0;1751357208775;1751357208779;true
1;0;36;0;1751357208775;1751357208779;true
0;2;195;50645;1751357208772;1751357208786;false
0;2;196;50829;1751357208816;1751357208818;false
1;1;37;0;1751357208816;1751357208819;true
1;2;37;0;1751357208816;1751357208820;true
1;0;37;0;1751357208816;1751357208820;true
1;2;38;0;1751357208841;1751357208843;true
1;1;38;0;1751357208841;1751357208845;true
1;0;38;0;1751357208841;1751357208845;true
0;2;197;51696;1751357208837;1751357208850;false
0;2;198;51550;1751357208877;1751357208877;false
1;2;39;0;1751357208877;1751357208879;true
1;1;39;0;1751357208877;1751357208880;true
1;0;39;0;1751357208877;1751357208880;true
1;2;40;0;1751357208907;1751357208910;true
1;1;40;0;1751357208908;1751357208911;true
1;0;40;0;1751357208907;1751357208912;true
0;2;199;50993;1751357208907;1751357208924;false
0;2;200;51096;1751357208937;1751357208950;false
1;1;41;0;1751357208950;1751357208952;true
1;2;41;0;1751357208950;1751357208953;true
1;0;41;0;1751357208950;1751357208954;true
1;1;42;0;1751357208981;1751357208986;true
1;2;42;0;1751357208981;1751357208987;true
1;0;42;0;1751357208981;1751357208987;true
0;2;201;51581;1751357208982;1751357208994;false
1;2;43;0;1751357209008;1751357209012;true
1;1;43;0;1751357209008;1751357209013;true
1;0;43;0;1751357209008;1751357209014;true
0;2;202;51937;1751357209012;1751357209023;false
1;2;44;0;1751357209039;1751357209042;true
1;1;44;0;1751357209039;1751357209043;true
1;0;44;0;1751357209039;1751357209044;true
0;2;203;51404;1751357209042;1751357209055;false
1;2;45;0;1751357209074;1751357209076;true
1;1;45;0;1751357209073;1751357209078;true
0;2;204;50747;1751357209077;1751357209078;false
1;0;45;0;1751357209073;1751357209079;true
1;2;46;0;1751357209106;1751357209107;true
1;1;46;0;1751357209106;1751357209109;true
1;0;46;0;1751357209106;1751357209112;true
0;2;205;50161;1751357209107;1751357209112;false
0;2;206;50710;1751357209137;1751357209152;false
1;2;47;0;1751357209152;1751357209154;true
1;1;47;0;1751357209152;1751357209155;true
1;0;47;0;1751357209152;1751357209155;true
0;2;207;50677;1751357209183;1751357209184;false
1;2;48;0;1751357209183;1751357209185;true
1;1;48;0;1751357209183;1751357209186;true
1;0;48;0;1751357209183;1751357209187;true
0;2;208;50566;1751357209202;1751357209202;false
1;2;49;0;1751357209205;1751357209208;true
1;1;49;0;1751357209205;1751357209208;true
1;0;49;0;1751357209205;1751357209209;true
0;2;209;50616;1751357209242;1751357209242;false
1;2;50;0;1751357209239;1751357209242;true
1;1;50;0;1751357209239;1751357209243;true
1;0;50;0;1751357209239;1751357209244;true
1;2;51;0;1751357209270;1751357209272;true
1;1;51;0;1751357209270;1751357209274;true
1;0;51;0;1751357209270;1751357209275;true
0;2;210;50682;1751357209272;1751357209284;false
1;2;52;0;1751357209303;1751357209306;true
1;1;52;0;1751357209304;1751357209307;true
0;2;211;50562;1751357209307;1751357209307;false
1;0;52;0;1751357209304;1751357209309;true
1;1;53;0;1751357209337;1751357209340;true
1;2;53;0;1751357209337;1751357209340;true
1;0;53;0;1751357209337;1751357209341;true
0;2;212;50086;1751357209352;1751357209353;false
0;2;213;50515;1751357209372;1751357209372;false
1;2;54;0;1751357209372;1751357209373;true
1;1;54;0;1751357209372;1751357209374;true
1;0;54;0;1751357209372;1751357209375;true
0;2;214;50278;1751357209402;1751357209403;false
1;2;55;0;1751357209402;1751357209405;true
1;1;55;0;1751357209402;1751357209405;true
1;0;55;0;1751357209402;1751357209406;true
0;2;215;50229;1751357209432;1751357209446;false
1;1;56;0;1751357209446;1751357209448;true
1;2;56;0;1751357209446;1751357209448;true
1;0;56;0;1751357209446;1751357209449;true
0;2;216;50411;1751357209477;1751357209478;false
1;2;57;0;1751357209477;1751357209480;true
1;1;57;0;1751357209477;1751357209482;true
1;0;57;0;1751357209477;1751357209482;true
1;2;58;0;1751357209507;1751357209510;true
1;1;58;0;1751357209507;1751357209511;true
1;0;58;0;1751357209507;1751357209512;true
0;2;217;51101;1751357209512;1751357209513;false
1;2;59;0;1751357209538;1751357209541;true
0;2;218;50441;1751357209542;1751357209542;false
1;1;59;0;1751357209538;1751357209543;true
1;0;59;0;1751357209538;1751357209544;true
1;2;60;0;1751357209569;1751357209573;true
1;1;60;0;1751357209569;1751357209574;true
1;0;60;0;1751357209569;1751357209575;true
0;2;219;51360;1751357209572;1751357209583;false
1;1;61;0;1751357209602;1751357209605;true
1;2;61;0;1751357209602;1751357209607;true
1;0;61;0;1751357209602;1751357209607;true
0;2;220;50865;1751357209607;1751357209608;false
1;2;62;0;1751357209635;1751357209640;true
1;1;62;0;1751357209635;1751357209641;true
1;0;62;0;1751357209635;1751357209641;true
0;2;221;50271;1751357209637;1751357209652;false
1;2;63;0;1751357209667;1751357209669;true
1;1;63;0;1751357209667;1751357209670;true
0;2;222;50905;1751357209672;1751357209672;false
1;0;63;0;1751357209667;1751357209673;true
1;2;64;0;1751357209701;1751357209704;true
1;1;64;0;1751357209701;1751357209705;true
1;0;64;0;1751357209701;1751357209706;true
0;2;223;50431;1751357209702;1751357209717;false
1;1;65;0;1751357209732;1751357209734;true
1;2;65;0;1751357209732;1751357209736;true
1;0;65;0;1751357209732;1751357209737;true
0;2;224;49758;1751357209737;1751357209738;false
0;2;225;50561;1751357209767;1751357209767;false
1;2;66;0;1751357209767;1751357209768;true
1;1;66;0;1751357209767;1751357209770;true
1;0;66;0;1751357209767;1751357209771;true
0;2;226;50281;1751357209797;1751357209797;false
1;2;67;0;1751357209810;1751357209812;true
1;1;67;0;1751357209810;1751357209813;true
1;0;67;0;1751357209810;1751357209814;true
0;2;227;48031;1751357209827;1751357209841;false
1;2;68;0;1751357209840;1751357209842;true
1;1;68;0;1751357209840;1751357209842;true
1;0;68;0;1751357209840;1751357209843;true
1;1;69;0;1751357209867;1751357209871;true
1;2;69;0;1751357209867;1751357209872;true
0;2;228;50634;1751357209872;1751357209873;false
1;0;69;0;1751357209867;1751357209873;true
1;2;70;0;1751357209899;1751357209901;true
0;2;229;50811;1751357209902;1751357209902;false
1;1;70;0;1751357209899;1751357209903;true
1;0;70;0;1751357209899;1751357209905;true
1;2;71;0;1751357209930;1751357209930;true
0;2;230;50544;1751357209933;1751357209933;false
1;1;71;0;1751357209930;1751357209935;true
1;0;71;0;1751357209930;1751357209935;true
0;2;231;51037;1751357209962;1751357209978;false
1;2;72;0;1751357209978;1751357209981;true
1;1;72;0;1751357209978;1751357209981;true
1;0;72;0;1751357209978;1751357209982;true
0;2;232;50873;1751357209998;1751357209998;false
1;1;73;0;1751357209996;1751357209999;true
1;2;73;0;1751357209996;1751357209999;true
1;0;73;0;1751357209996;1751357209999;true
0;2;233;50631;1751357210027;1751357210042;false
1;2;74;0;1751357210041;1751357210045;true
1;1;74;0;1751357210041;1751357210045;true
1;0;74;0;1751357210041;1751357210046;true
1;2;75;0;1751357210065;1751357210067;true
1;0;75;0;1751357210065;1751357210070;true
1;1;75;0;1751357210065;1751357210070;true
0;2;234;51345;1751357210067;1751357210082;false
1;2;76;0;1751357210096;1751357210099;true
1;1;76;0;1751357210096;1751357210102;true
1;0;76;0;1751357210096;1751357210102;true
0;2;235;51260;1751357210097;1751357210128;false
1;1;77;0;1751357210128;1751357210131;true
1;2;77;0;1751357210128;1751357210132;true
1;0;77;0;1751357210128;1751357210133;true
0;2;236;51215;1751357210132;1751357210160;false
1;1;78;0;1751357210162;1751357210165;true
1;2;78;0;1751357210162;1751357210165;true
1;0;78;0;1751357210162;1751357210166;true
0;2;237;50882;1751357210160;1751357210175;false
1;2;79;0;1751357210197;1751357210200;true
1;1;79;0;1751357210197;1751357210202;true
0;2;238;49898;1751357210202;1751357210203;false
1;0;79;0;1751357210197;1751357210203;true
1;0;80;0;1751357210230;1751357210234;true
1;1;80;0;1751357210230;1751357210235;true
1;2;80;0;1751357210230;1751357210235;true
0;2;239;50461;1751357210232;1751357210237;false
1;2;81;0;1751357210262;1751357210264;true
1;1;81;0;1751357210262;1751357210265;true
1;0;81;0;1751357210262;1751357210266;true
0;2;240;49873;1751357210277;1751357210278;false
1;2;82;0;1751357210293;1751357210295;true
1;1;82;0;1751357210293;1751357210296;true
0;2;241;49984;1751357210297;1751357210298;false
1;0;82;0;1751357210293;1751357210298;true
0;2;242;49913;1751357210327;1751357210327;false
1;2;83;0;1751357210327;1751357210329;true
1;1;83;0;1751357210327;1751357210330;true
1;0;83;0;1751357210327;1751357210331;true
0;2;243;50687;1751357210357;1751357210372;false
1;2;84;0;1751357210371;1751357210374;true
1;1;84;0;1751357210371;1751357210374;true
1;0;84;0;1751357210371;1751357210375;true
0;2;244;50766;1751357210397;1751357210399;false
1;2;85;0;1751357210397;1751357210400;true
1;1;85;0;1751357210397;1751357210400;true
1;0;85;0;1751357210397;1751357210401;true
1;1;86;0;1751357210428;1751357210431;true
1;2;86;0;1751357210428;1751357210432;true
1;0;86;0;1751357210428;1751357210433;true
0;2;245;50604;1751357210432;1751357210445;false
1;2;87;0;1751357210460;1751357210462;true
1;1;87;0;1751357210460;1751357210464;true
1;0;87;0;1751357210460;1751357210465;true
0;2;246;50351;1751357210462;1751357210476;false
1;2;88;0;1751357210492;1751357210494;true
1;1;88;0;1751357210492;1751357210496;true
1;0;88;0;1751357210492;1751357210496;true
0;2;247;50324;1751357210509;1751357210510;false
1;2;89;0;1751357210529;1751357210532;true
1;1;89;0;1751357210529;1751357210533;true
1;0;89;0;1751357210529;1751357210535;true
0;2;248;51097;1751357210532;1751357210544;false
1;2;90;0;1751357210560;1751357210561;true
1;1;90;0;1751357210560;1751357210564;true
1;0;90;0;1751357210560;1751357210565;true
0;2;249;50915;1751357210562;1751357210575;false
1;1;91;0;1751357210596;1751357210598;true
1;2;91;0;1751357210596;1751357210599;true
1;0;91;0;1751357210596;1751357210601;true
0;2;250;51261;1751357210597;1751357210614;false
1;2;92;0;1751357210629;1751357210632;true
0;2;251;51404;1751357210632;1751357210632;false
1;1;92;0;1751357210629;1751357210633;true
1;0;92;0;1751357210629;1751357210633;true
1;2;93;0;1751357210661;1751357210663;true
1;1;93;0;1751357210661;1751357210664;true
1;0;93;0;1751357210661;1751357210665;true
0;2;252;52466;1751357210662;1751357210677;false
1;1;94;0;1751357210693;1751357210696;true
1;2;94;0;1751357210693;1751357210697;true
0;2;253;53021;1751357210697;1751357210698;false
1;0;94;0;1751357210693;1751357210698;true
1;2;95;0;1751357210728;1751357210730;true
0;2;254;53264;1751357210732;1751357210732;false
1;1;95;0;1751357210728;1751357210733;true
1;0;95;0;1751357210728;1751357210733;true
1;2;96;0;1751357210761;1751357210764;true
1;1;96;0;1751357210761;1751357210766;true
1;0;96;0;1751357210761;1751357210766;true
0;2;255;54549;1751357210762;1751357210777;false
1;2;97;0;1751357210792;1751357210795;true
1;1;97;0;1751357210792;1751357210797;true
1;0;97;0;1751357210792;1751357210797;true
0;2;256;55054;1751357210797;1751357210797;false
1;2;98;0;1751357210824;1751357210827;true
0;2;257;55423;1751357210827;1751357210828;false
1;1;98;0;1751357210824;1751357210828;true
1;0;98;0;1751357210824;1751357210828;true
1;2;99;0;1751357210856;1751357210858;true
1;1;99;0;1751357210856;1751357210860;true
1;0;99;0;1751357210856;1751357210861;true
0;2;258;56079;1751357210857;1751357210873;false
1;2;100;0;1751357210887;1751357210891;true
1;1;100;0;1751357210887;1751357210892;true
0;2;259;56345;1751357210892;1751357210893;false
1;0;100;0;1751357210887;1751357210893;true
1;1;101;0;1751357210926;1751357210929;true
1;2;101;0;1751357210926;1751357210929;true
1;0;101;0;1751357210926;1751357210931;true
0;2;260;55819;1751357210927;1751357210944;false
1;1;102;0;1751357210959;1751357210962;true
0;2;261;55811;1751357210962;1751357210963;false
1;2;102;0;1751357210959;1751357210963;true
1;0;102;0;1751357210959;1751357210964;true
1;1;103;0;1751357210989;1751357210992;true
1;2;103;0;1751357210989;1751357210993;true
0;2;262;55487;1751357210992;1751357210993;false
1;0;103;0;1751357210989;1751357210994;true
1;2;104;0;1751357211021;1751357211024;true
1;1;104;0;1751357211021;1751357211025;true
1;0;104;0;1751357211021;1751357211026;true
0;2;263;54693;1751357211022;1751357211052;false
1;2;105;0;1751357211052;1751357211055;true
1;1;105;0;1751357211052;1751357211057;true
1;0;105;0;1751357211052;1751357211058;true
0;2;264;55620;1751357211057;1751357211077;false
1;2;106;0;1751357211093;1751357211094;true
1;1;106;0;1751357211092;1751357211097;true
0;2;265;55823;1751357211097;1751357211098;false
1;0;106;0;1751357211092;1751357211098;true
1;2;107;0;1751357211125;1751357211129;true
1;1;107;0;1751357211125;1751357211130;true
1;0;107;0;1751357211125;1751357211131;true
0;2;266;55829;1751357211127;1751357211141;false
1;2;108;0;1751357211157;1751357211160;true
1;1;108;0;1751357211157;1751357211161;true
1;0;108;0;1751357211157;1751357211162;true
0;2;267;55983;1751357211162;1751357211172;false
1;1;109;0;1751357211188;1751357211191;true
1;2;109;0;1751357211188;1751357211191;true
0;2;268;55207;1751357211192;1751357211193;false
1;0;109;0;1751357211188;1751357211193;true
1;2;110;0;1751357211220;1751357211222;true
1;1;110;0;1751357211220;1751357211225;true
1;0;110;0;1751357211220;1751357211225;true
0;2;269;55146;1751357211222;1751357211236;false
1;1;111;0;1751357211258;1751357211260;true
1;2;111;0;1751357211258;1751357211262;true
0;2;270;54362;1751357211262;1751357211263;false
1;0;111;0;1751357211258;1751357211263;true
1;2;112;0;1751357211291;1751357211292;true
1;0;112;0;1751357211291;1751357211296;true
1;1;112;0;1751357211291;1751357211296;true
0;2;271;54492;1751357211292;1751357211307;false
1;1;113;0;1751357211322;1751357211327;true
1;2;113;0;1751357211322;1751357211327;true
1;0;113;0;1751357211322;1751357211328;true
0;2;272;54007;1751357211327;1751357211328;false
1;2;114;0;1751357211353;1751357211354;true
0;2;273;53565;1751357211357;1751357211357;false
1;1;114;0;1751357211353;1751357211358;true
1;0;114;0;1751357211353;1751357211358;true
1;1;115;0;1751357211384;1751357211387;true
1;2;115;0;1751357211384;1751357211388;true
1;0;115;0;1751357211384;1751357211389;true
0;2;274;53745;1751357211387;1751357211401;false
1;2;116;0;1751357211424;1751357211427;true
0;2;275;52908;1751357211427;1751357211427;false
1;1;116;0;1751357211424;1751357211428;true
1;0;116;0;1751357211424;1751357211429;true
1;2;117;0;1751357211457;1751357211458;true
1;1;117;0;1751357211457;1751357211461;true
1;0;117;0;1751357211457;1751357211462;true
0;2;276;53842;1751357211462;1751357211462;false
1;2;118;0;1751357211489;1751357211492;true
1;1;118;0;1751357211489;1751357211494;true
1;0;118;0;1751357211489;1751357211494;true
0;2;277;54119;1751357211492;1751357211504;false
1;2;119;0;1751357211521;1751357211526;true
1;1;119;0;1751357211521;1751357211527;true
1;0;119;0;1751357211521;1751357211527;true
0;2;278;53818;1751357211522;1751357211540;false
1;1;120;0;1751357211556;1751357211559;true
1;2;120;0;1751357211556;1751357211560;true
1;0;120;0;1751357211556;1751357211561;true
0;2;279;54264;1751357211557;1751357211572;false
1;1;121;0;1751357211587;1751357211589;true
1;2;121;0;1751357211587;1751357211590;true
1;0;121;0;1751357211587;1751357211591;true
0;2;280;54007;1751357211603;1751357211604;false
1;1;122;0;1751357211621;1751357211627;true
1;2;122;0;1751357211621;1751357211627;true
1;0;122;0;1751357211621;1751357211627;true
0;2;281;54572;1751357211622;1751357211638;false
1;2;123;0;1751357211653;1751357211656;true
1;1;123;0;1751357211653;1751357211656;true
0;2;282;54669;1751357211657;1751357211657;false
1;0;123;0;1751357211653;1751357211657;true
1;2;124;0;1751357211685;1751357211687;true
1;1;124;0;1751357211685;1751357211687;true
1;0;124;0;1751357211685;1751357211689;true
0;2;283;55202;1751357211687;1751357211701;false
1;1;125;0;1751357211717;1751357211720;true
1;2;125;0;1751357211717;1751357211720;true
1;0;125;0;1751357211717;1751357211721;true
0;2;284;56074;1751357211732;1751357211733;false
1;2;126;0;1751357211748;1751357211750;true
1;1;126;0;1751357211748;1751357211751;true
1;0;126;0;1751357211748;1751357211753;true
0;2;285;55374;1751357211752;1751357211753;false
1;2;127;0;1751357211787;1751357211789;true
1;1;127;0;1751357211787;1751357211790;true
1;0;127;0;1751357211787;1751357211791;true
0;2;286;54882;1751357211792;1751357211792;false
1;1;128;0;1751357211820;1751357211823;true
1;2;128;0;1751357211820;1751357211825;true
1;0;128;0;1751357211820;1751357211825;true
0;2;287;55413;1751357211822;1751357211836;false
1;2;129;0;1751357211851;1751357211853;true
1;1;129;0;1751357211851;1751357211854;true
1;0;129;0;1751357211851;1751357211856;true
0;2;288;55981;1751357211852;1751357211868;false
1;1;130;0;1751357211883;1751357211887;true
1;2;130;0;1751357211883;1751357211887;true
0;2;289;56002;1751357211887;1751357211888;false
1;0;130;0;1751357211883;1751357211888;true
1;2;131;0;1751357211915;1751357211917;true
0;2;290;55925;1751357211917;1751357211918;false
1;1;131;0;1751357211915;1751357211920;true
1;0;131;0;1751357211915;1751357211921;true
0;2;291;56420;1751357211951;1751357211951;false
1;2;132;0;1751357211951;1751357211952;true
1;1;132;0;1751357211951;1751357211953;true
1;0;132;0;1751357211951;1751357211954;true
0;2;292;56042;1751357211973;1751357211973;false
1;2;133;0;1751357211986;1751357211988;true
1;1;133;0;1751357211986;1751357211988;true
1;0;133;0;1751357211986;1751357211989;true
1;2;134;0;1751357212017;1751357212020;true
1;1;134;0;1751357212017;1751357212020;true
1;0;134;0;1751357212017;1751357212021;true
0;2;293;56045;1751357212022;1751357212022;false
1;2;135;0;1751357212049;1751357212052;true
1;1;135;0;1751357212049;1751357212054;true
1;0;135;0;1751357212049;1751357212054;true
0;2;294;55624;1751357212052;1751357212081;false
1;2;136;0;1751357212081;1751357212082;true
1;1;136;0;1751357212081;1751357212085;true
1;0;136;0;1751357212081;1751357212085;true
0;2;295;56236;1751357212082;1751357212097;false
1;2;137;0;1751357212112;1751357212116;true
1;1;137;0;1751357212112;1751357212117;true
1;0;137;0;1751357212112;1751357212117;true
0;2;296;55910;1751357212112;1751357212137;false
0;2;297;55229;1751357212137;1751357212152;false
1;2;138;0;1751357212152;1751357212153;true
1;1;138;0;1751357212152;1751357212154;true
1;0;138;0;1751357212152;1751357212155;true
0;2;298;54652;1751357212172;1751357212172;false
1;2;139;0;1751357212184;1751357212185;true
1;1;139;0;1751357212184;1751357212186;true
1;0;139;0;1751357212184;1751357212187;true
1;2;140;0;1751357212215;1751357212218;true
1;1;140;0;1751357212215;1751357212221;true
1;0;140;0;1751357212215;1751357212221;true
0;2;299;55161;1751357212217;1751357212231;false
1;2;141;0;1751357212247;1751357212248;true
1;0;141;0;1751357212248;1751357212251;true
1;1;141;0;1751357212248;1751357212252;true
0;2;300;55053;1751357212252;1751357212253;false
0;2;301;54738;1751357212272;1751357212273;false
1;2;142;0;1751357212273;1751357212274;true
1;1;142;0;1751357212273;1751357212276;true
1;0;142;0;1751357212273;1751357212276;true
0;2;302;54008;1751357212317;1751357212319;false
1;2;143;0;1751357212317;1751357212320;true
1;1;143;0;1751357212317;1751357212321;true
1;0;143;0;1751357212317;1751357212322;true
0;2;303;54923;1751357212351;1751357212353;false
1;2;144;0;1751357212351;1751357212353;true
1;1;144;0;1751357212351;1751357212355;true
1;0;144;0;1751357212351;1751357212355;true
0;2;304;54497;1751357212385;1751357212386;false
1;2;145;0;1751357212385;1751357212387;true
1;1;145;0;1751357212385;1751357212388;true
1;0;145;0;1751357212385;1751357212389;true
0;2;305;54963;1751357212402;1751357212418;false
1;2;146;0;1751357212417;1751357212419;true
1;1;146;0;1751357212417;1751357212420;true
1;0;146;0;1751357212417;1751357212420;true
0;2;306;55758;1751357212437;1751357212438;false
1;1;147;0;1751357212438;1751357212440;true
1;2;147;0;1751357212438;1751357212441;true
1;0;147;0;1751357212438;1751357212441;true
0;2;307;55872;1751357212472;1751357212473;false
1;1;148;0;1751357212472;1751357212474;true
1;2;148;0;1751357212472;1751357212476;true
1;0;148;0;1751357212472;1751357212476;true
1;2;149;0;1751357212518;1751357212518;true
1;1;149;0;1751357212519;1751357212519;true
0;2;308;55798;1751357212503;1751357212519;false
1;0;149;0;1751357212518;1751357212522;true
1;2;150;0;1751357212537;1751357212538;true
0;2;309;55651;1751357212537;1751357212538;false
1;1;150;0;1751357212538;1751357212540;true
1;0;150;0;1751357212538;1751357212540;true
0;2;310;55683;1751357212567;1751357212581;false
1;2;151;0;1751357212580;1751357212582;true
1;1;151;0;1751357212580;1751357212583;true
1;0;151;0;1751357212580;1751357212583;true
1;2;152;0;1751357212603;1751357212606;true
1;1;152;0;1751357212603;1751357212607;true
1;0;152;0;1751357212603;1751357212608;true
0;2;311;56025;1751357212602;1751357212617;false
1;2;153;0;1751357212637;1751357212641;true
1;1;153;0;1751357212637;1751357212641;true
1;0;153;0;1751357212637;1751357212642;true
0;2;312;56270;1751357212642;1751357212643;false
0;2;313;56535;1751357212667;1751357212682;false
1;2;154;0;1751357212681;1751357212684;true
1;1;154;0;1751357212681;1751357212684;true
1;0;154;0;1751357212681;1751357212685;true
0;2;314;56094;1751357212702;1751357212703;false
1;2;155;0;1751357212702;1751357212703;true
1;1;155;0;1751357212702;1751357212706;true
1;0;155;0;1751357212702;1751357212706;true
0;2;315;53326;1751357212748;1751357212749;false
1;2;156;0;1751357212748;1751357212751;true
1;1;156;0;1751357212748;1751357212751;true
1;0;156;0;1751357212748;1751357212752;true
0;2;316;57183;1751357212767;1751357212768;false
1;2;157;0;1751357212769;1751357212770;true
1;1;157;0;1751357212769;1751357212771;true
1;0;157;0;1751357212769;1751357212772;true
0;2;317;57584;1751357212797;1751357212798;false
1;1;158;0;1751357212811;1751357212815;true
1;2;158;0;1751357212811;1751357212815;true
1;0;158;0;1751357212811;1751357212815;true
1;1;159;0;1751357212842;1751357212844;true
1;2;159;0;1751357212842;1751357212845;true
1;0;159;0;1751357212842;1751357212846;true
0;2;318;57506;1751357212847;1751357212848;false
0;2;319;57199;1751357212867;1751357212868;false
1;2;160;0;1751357212867;1751357212869;true
1;1;160;0;1751357212867;1751357212870;true
1;0;160;0;1751357212867;1751357212870;true
0;2;320;57547;1751357212897;1751357212898;false
1;2;161;0;1751357212909;1751357212912;true
1;1;161;0;1751357212909;1751357212913;true
1;0;161;0;1751357212909;1751357212914;true
1;1;162;0;1751357212941;1751357212944;true
1;2;162;0;1751357212941;1751357212945;true
1;0;162;0;1751357212941;1751357212946;true
0;2;321;57208;1751357212942;1751357212947;false
1;2;163;0;1751357212972;1751357212974;true
0;2;322;57483;1751357212977;1751357212978;false
1;1;163;0;1751357212972;1751357212978;true
1;0;163;0;1751357212972;1751357212979;true
1;2;164;0;1751357213011;1751357213012;true
0;2;323;57507;1751357213011;1751357213013;false
1;1;164;0;1751357213011;1751357213014;true
1;0;164;0;1751357213011;1751357213015;true
0;2;324;57033;1751357213032;1751357213033;false
1;1;165;0;1751357213032;1751357213035;true
1;2;165;0;1751357213032;1751357213035;true
1;0;165;0;1751357213032;1751357213036;true
0;2;325;57105;1751357213062;1751357213077;false
1;1;166;0;1751357213076;1751357213078;true
1;2;166;0;1751357213076;1751357213079;true
1;0;166;0;1751357213076;1751357213079;true
0;2;326;57736;1751357213108;1751357213109;false
1;1;167;0;1751357213108;1751357213110;true
1;2;167;0;1751357213108;1751357213110;true
1;0;167;0;1751357213108;1751357213112;true
1;2;168;0;1751357213139;1751357213142;true
0;2;327;57972;1751357213142;1751357213143;false
1;1;168;0;1751357213139;1751357213143;true
1;0;168;0;1751357213139;1751357213143;true
0;2;328;57442;1751357213167;1751357213169;false
1;2;169;0;1751357213167;1751357213171;true
1;0;169;0;1751357213167;1751357213171;true
1;1;169;0;1751357213167;1751357213171;true
1;2;170;0;1751357213197;1751357213200;true
1;1;170;0;1751357213197;1751357213202;true
1;0;170;0;1751357213197;1751357213202;true
0;2;329;57495;1751357213197;1751357213212;false
0;2;330;56116;1751357213232;1751357213233;false
1;1;171;0;1751357213232;1751357213234;true
1;2;171;0;1751357213232;1751357213235;true
1;0;171;0;1751357213232;1751357213235;true
0;2;331;55070;1751357213262;1751357213262;false
1;2;172;0;1751357213275;1751357213277;true
1;1;172;0;1751357213275;1751357213277;true
1;0;172;0;1751357213275;1751357213278;true
0;2;332;56332;1751357213294;1751357213295;false
1;2;173;0;1751357213306;1751357213308;true
1;1;173;0;1751357213306;1751357213309;true
1;0;173;0;1751357213306;1751357213310;true
1;2;174;0;1751357213338;1751357213341;true
1;1;174;0;1751357213338;1751357213341;true
0;2;333;56464;1751357213342;1751357213343;false
1;0;174;0;1751357213338;1751357213343;true
1;2;175;0;1751357213362;1751357213364;true
1;1;175;0;1751357213362;1751357213365;true
1;0;175;0;1751357213362;1751357213366;true
0;2;334;56689;1751357213361;1751357213377;false
0;2;335;56153;1751357213397;1751357213398;false
1;2;176;0;1751357213396;1751357213399;true
1;1;176;0;1751357213396;1751357213399;true
1;0;176;0;1751357213396;1751357213401;true
0;2;336;56096;1751357213427;1751357213443;false
1;1;177;0;1751357213442;1751357213445;true
1;2;177;0;1751357213442;1751357213445;true
1;0;177;0;1751357213442;1751357213446;true
0;2;337;56809;1751357213474;1751357213475;false
1;2;178;0;1751357213474;1751357213477;true
1;1;178;0;1751357213474;1751357213478;true
1;0;178;0;1751357213474;1751357213479;true
0;2;338;56769;1751357213492;1751357213510;false
1;1;179;0;1751357213509;1751357213511;true
1;2;179;0;1751357213509;1751357213512;true
1;0;179;0;1751357213509;1751357213513;true
1;2;180;0;1751357213527;1751357213530;true
1;1;180;0;1751357213527;1751357213531;true
1;0;180;0;1751357213527;1751357213532;true
0;2;339;56706;1751357213525;1751357213541;false
1;2;181;0;1751357213560;1751357213565;true
1;1;181;0;1751357213560;1751357213566;true
1;0;181;0;1751357213560;1751357213566;true
0;2;340;56826;1751357213562;1751357213577;false
1;0;182;0;1751357213594;1751357213598;true
1;2;182;0;1751357213594;1751357213598;true
0;2;341;56622;1751357213597;1751357213598;false
1;1;182;0;1751357213594;1751357213598;true
0;2;342;56548;1751357213627;1751357213628;false
1;2;183;0;1751357213627;1751357213629;true
1;1;183;0;1751357213627;1751357213629;true
1;0;183;0;1751357213627;1751357213630;true
1;2;184;0;1751357213660;1751357213661;true
1;1;184;0;1751357213660;1751357213663;true
1;0;184;0;1751357213660;1751357213664;true
0;2;343;56332;1751357213662;1751357213675;false
1;2;185;0;1751357213692;1751357213694;true
1;1;185;0;1751357213692;1751357213694;true
1;0;185;0;1751357213692;1751357213696;true
0;2;344;56723;1751357213692;1751357213708;false
0;2;345;57053;1751357213727;1751357213728;false
1;2;186;0;1751357213727;1751357213729;true
1;1;186;0;1751357213727;1751357213729;true
1;0;186;0;1751357213727;1751357213730;true
0;2;346;56943;1751357213757;1751357213758;false
1;1;187;0;1751357213758;1751357213759;true
1;2;187;0;1751357213758;1751357213760;true
1;0;187;0;1751357213758;1751357213761;true
0;2;347;56369;1751357213793;1751357213794;false
1;2;188;0;1751357213793;1751357213795;true
1;1;188;0;1751357213793;1751357213796;true
1;0;188;0;1751357213793;1751357213796;true
0;2;348;56748;1751357213821;1751357213837;false
1;2;189;0;1751357213836;1751357213839;true
1;1;189;0;1751357213836;1751357213840;true
1;0;189;0;1751357213836;1751357213840;true
0;2;349;57002;1751357213859;1751357213859;false
1;2;190;0;1751357213859;1751357213861;true
1;1;190;0;1751357213859;1751357213861;true
1;0;190;0;1751357213859;1751357213862;true
1;2;191;0;1751357213891;1751357213893;true
1;1;191;0;1751357213891;1751357213894;true
1;0;191;0;1751357213891;1751357213895;true
0;2;350;56662;1751357213892;1751357213908;false
1;1;192;0;1751357213924;1751357213925;true
1;2;192;0;1751357213924;1751357213927;true
0;2;351;56722;1751357213927;1751357213928;false
1;0;192;0;1751357213924;1751357213929;true
0;2;352;55900;1751357213957;1751357213957;false
1;2;193;0;1751357213956;1751357213958;true
1;1;193;0;1751357213956;1751357213960;true
1;0;193;0;1751357213956;1751357213961;true
0;2;353;56372;1751357214004;1751357214005;false
1;2;194;0;1751357214004;1751357214005;true
1;1;194;0;1751357214004;1751357214007;true
1;0;194;0;1751357214004;1751357214007;true
0;2;354;55645;1751357214019;1751357214035;false
1;2;195;0;1751357214034;1751357214037;true
1;1;195;0;1751357214034;1751357214037;true
1;0;195;0;1751357214034;1751357214038;true
1;2;196;0;1751357214056;1751357214057;true
1;1;196;0;1751357214056;1751357214060;true
1;0;196;0;1751357214056;1751357214061;true
0;2;355;56630;1751357214057;1751357214073;false
1;2;197;0;1751357214090;1751357214092;true
0;2;356;56365;1751357214092;1751357214093;false
1;0;197;0;1751357214090;1751357214095;true
1;1;197;0;1751357214090;1751357214095;true
1;2;198;0;1751357214121;1751357214123;true
1;1;198;0;1751357214121;1751357214124;true
1;0;198;0;1751357214121;1751357214126;true
0;2;357;56438;1751357214122;1751357214138;false
0;2;358;56591;1751357214169;1751357214171;false
1;2;199;0;1751357214169;1751357214172;true
1;0;199;0;1751357214169;1751357214175;true
1;1;199;0;1751357214169;1751357214175;true
0;2;359;55960;1751357214201;1751357214202;false
1;2;200;0;1751357214201;1751357214203;true
1;1;200;0;1751357214201;1751357214204;true
1;0;200;0;1751357214201;1751357214205;true
1;1;201;0;1751357214222;1751357214226;true
1;2;201;0;1751357214222;1751357214226;true
1;0;201;0;1751357214222;1751357214227;true
0;2;360;56076;1751357214222;1751357214237;false
1;2;202;0;1751357214254;1751357214257;true
1;1;202;0;1751357214254;1751357214258;true
0;2;361;56303;1751357214257;1751357214259;false
1;0;202;0;1751357214254;1751357214259;true
1;1;203;0;1751357214289;1751357214292;true
1;2;203;0;1751357214289;1751357214292;true
0;2;362;56182;1751357214292;1751357214293;false
1;0;203;0;1751357214289;1751357214294;true
1;2;204;0;1751357214321;1751357214324;true
1;0;204;0;1751357214321;1751357214326;true
1;1;204;0;1751357214321;1751357214326;true
0;2;363;56300;1751357214322;1751357214337;false
0;2;364;56312;1751357214357;1751357214358;false
1;2;205;0;1751357214355;1751357214359;true
1;1;205;0;1751357214355;1751357214359;true
1;0;205;0;1751357214355;1751357214360;true
1;1;206;0;1751357214387;1751357214390;true
1;2;206;0;1751357214387;1751357214391;true
1;0;206;0;1751357214387;1751357214392;true
0;2;365;56850;1751357214387;1751357214404;false
1;2;207;0;1751357214419;1751357214420;true
0;2;366;55757;1751357214422;1751357214423;false
1;1;207;0;1751357214419;1751357214423;true
1;0;207;0;1751357214419;1751357214424;true
1;2;208;0;1751357214452;1751357214454;true
1;1;208;0;1751357214452;1751357214455;true
1;0;208;0;1751357214452;1751357214457;true
0;2;367;56337;1751357214457;1751357214458;false
1;1;209;0;1751357214484;1751357214489;true
1;0;209;0;1751357214484;1751357214489;true
1;2;209;0;1751357214484;1751357214490;true
0;1;368;87842;1751357214488;1751357214506;false
1;2;210;0;1751357214520;1751357214522;true
1;1;210;0;1751357214520;1751357214525;true
1;0;210;0;1751357214520;1751357214525;true
0;1;369;87773;1751357214522;1751357214538;false
1;2;211;0;1751357214553;1751357214558;true
1;1;211;0;1751357214553;1751357214558;true
1;0;211;0;1751357214553;1751357214559;true
0;1;370;87125;1751357214557;1751357214567;false
1;2;212;0;1751357214586;1751357214589;true
1;1;212;0;1751357214586;1751357214589;true
1;0;212;0;1751357214586;1751357214590;true
0;1;371;87731;1751357214587;1751357214618;false
1;2;213;0;1751357214618;1751357214620;true
1;1;213;0;1751357214618;1751357214622;true
1;0;213;0;1751357214618;1751357214622;true
0;1;372;87537;1751357214622;1751357214651;false
1;2;214;0;1751357214651;1751357214654;true
1;0;214;0;1751357214651;1751357214656;true
1;1;214;0;1751357214651;1751357214657;true
0;1;373;81591;1751357214652;1751357214685;false
1;1;215;0;1751357214684;1751357214687;true
1;2;215;0;1751357214684;1751357214688;true
1;0;215;0;1751357214684;1751357214689;true
0;1;374;87916;1751357214685;1751357214715;false
1;1;216;0;1751357214715;1751357214718;true
1;2;216;0;1751357214715;1751357214719;true
1;0;216;0;1751357214715;1751357214720;true
0;1;375;87534;1751357214717;1751357214753;false
1;1;217;0;1751357214753;1751357214755;true
1;2;217;0;1751357214752;1751357214755;true
1;0;217;0;1751357214753;1751357214756;true
0;1;376;88250;1751357214757;1751357214786;false
1;2;218;0;1751357214785;1751357214788;true
1;1;218;0;1751357214785;1751357214789;true
1;0;218;0;1751357214786;1751357214790;true
0;1;377;88495;1751357214786;1751357214818;false
1;2;219;0;1751357214817;1751357214820;true
1;1;219;0;1751357214817;1751357214821;true
1;0;219;0;1751357214817;1751357214822;true
0;1;378;89182;1751357214822;1751357214853;false
1;2;220;0;1751357214851;1751357214856;true
1;1;220;0;1751357214851;1751357214857;true
1;0;220;0;1751357214852;1751357214857;true
0;1;379;87783;1751357214853;1751357214884;false
1;2;221;0;1751357214883;1751357214887;true
1;1;221;0;1751357214883;1751357214888;true
1;0;221;0;1751357214883;1751357214889;true
0;1;380;87692;1751357214884;1751357214916;false
1;2;222;0;1751357214915;1751357214918;true
1;0;222;0;1751357214915;1751357214920;true
1;1;222;0;1751357214915;1751357214921;true
0;1;381;86963;1751357214931;1751357214951;false
1;1;223;0;1751357214951;1751357214954;true
1;2;223;0;1751357214951;1751357214956;true
1;0;223;0;1751357214951;1751357214956;true
0;1;382;87512;1751357214951;1751357214968;false
1;2;224;0;1751357214983;1751357214986;true
1;1;224;0;1751357214983;1751357214987;true
1;0;224;0;1751357214983;1751357214988;true
0;1;383;86666;1751357214987;1751357214999;false
1;1;225;0;1751357215015;1751357215019;true
1;2;225;0;1751357215014;1751357215019;true
1;0;225;0;1751357215014;1751357215020;true
0;1;384;86935;1751357215017;1751357215046;false
1;2;226;0;1751357215046;1751357215049;true
1;0;226;0;1751357215046;1751357215051;true
1;1;226;0;1751357215046;1751357215051;true
0;1;385;87190;1751357215055;1751357215079;false
1;2;227;0;1751357215078;1751357215080;true
1;1;227;0;1751357215078;1751357215081;true
1;0;227;0;1751357215078;1751357215083;true
0;1;386;87255;1751357215079;1751357215101;false
1;1;228;0;1751357215116;1751357215119;true
1;2;228;0;1751357215116;1751357215119;true
1;0;228;0;1751357215116;1751357215120;true
0;1;387;87487;1751357215117;1751357215149;false
1;2;229;0;1751357215149;1751357215152;true
1;1;229;0;1751357215149;1751357215152;true
1;0;229;0;1751357215149;1751357215153;true
0;1;388;87998;1751357215149;1751357215165;false
1;2;230;0;1751357215180;1751357215182;true
1;1;230;0;1751357215180;1751357215184;true
1;0;230;0;1751357215180;1751357215186;true
0;1;389;87800;1751357215182;1751357215197;false
1;2;231;0;1751357215212;1751357215214;true
1;1;231;0;1751357215212;1751357215217;true
1;0;231;0;1751357215212;1751357215217;true
0;1;390;87855;1751357215217;1751357215218;false
1;2;232;0;1751357215243;1751357215243;true
1;1;232;0;1751357215243;1751357215246;true
1;0;232;0;1751357215243;1751357215248;true
0;1;391;88351;1751357215248;1751357215259;false
1;1;233;0;1751357215282;1751357215284;true
1;2;233;0;1751357215282;1751357215284;true
1;0;233;0;1751357215282;1751357215286;true
0;1;392;87403;1751357215287;1751357215289;false
1;2;234;0;1751357215313;1751357215316;true
1;1;234;0;1751357215313;1751357215318;true
1;0;234;0;1751357215313;1751357215318;true
0;1;393;87882;1751357215317;1751357215319;false
1;2;235;0;1751357215348;1751357215353;true
0;1;394;87430;1751357215352;1751357215353;false
1;1;235;0;1751357215348;1751357215354;true
1;0;235;0;1751357215348;1751357215354;true
1;1;236;0;1751357215381;1751357215384;true
1;2;236;0;1751357215381;1751357215384;true
1;0;236;0;1751357215381;1751357215385;true
0;1;395;88166;1751357215382;1751357215412;false
1;2;237;0;1751357215412;1751357215414;true
1;1;237;0;1751357215412;1751357215417;true
1;0;237;0;1751357215412;1751357215417;true
0;1;396;86173;1751357215417;1751357215447;false
1;2;238;0;1751357215447;1751357215449;true
1;1;238;0;1751357215447;1751357215452;true
1;0;238;0;1751357215447;1751357215452;true
0;1;397;86770;1751357215452;1751357215481;false
1;2;239;0;1751357215480;1751357215483;true
1;1;239;0;1751357215480;1751357215485;true
1;0;239;0;1751357215480;1751357215486;true
0;1;398;87542;1751357215481;1751357215511;false
1;2;240;0;1751357215511;1751357215514;true
1;0;240;0;1751357215511;1751357215515;true
1;1;240;0;1751357215511;1751357215516;true
0;1;399;89067;1751357215511;1751357215536;false
1;2;241;0;1751357215551;1751357215553;true
1;1;241;0;1751357215551;1751357215554;true
1;0;241;0;1751357215551;1751357215554;true
0;1;400;88844;1751357215551;1751357215567;false
1;2;242;0;1751357215581;1751357215584;true
1;1;242;0;1751357215581;1751357215586;true
1;0;242;0;1751357215581;1751357215586;true
0;1;401;90165;1751357215581;1751357215597;false
0;1;402;90517;1751357215617;1751357215619;false
1;2;243;0;1751357215617;1751357215619;true
1;1;243;0;1751357215617;1751357215620;true
1;0;243;0;1751357215617;1751357215621;true
1;2;244;0;1751357215646;1751357215648;true
1;1;244;0;1751357215646;1751357215650;true
1;0;244;0;1751357215646;1751357215650;true
0;1;403;89745;1751357215637;1751357215663;false
1;2;245;0;1751357215681;1751357215683;true
1;1;245;0;1751357215681;1751357215684;true
1;0;245;0;1751357215681;1751357215685;true
0;1;404;90800;1751357215682;1751357215712;false
1;2;246;0;1751357215712;1751357215714;true
1;1;246;0;1751357215712;1751357215715;true
1;0;246;0;1751357215712;1751357215716;true
0;1;405;90234;1751357215712;1751357215743;false
1;2;247;0;1751357215743;1751357215745;true
1;1;247;0;1751357215743;1751357215747;true
1;0;247;0;1751357215743;1751357215748;true
0;1;406;89510;1751357215747;1751357215776;false
1;2;248;0;1751357215775;1751357215778;true
1;0;248;0;1751357215775;1751357215780;true
1;1;248;0;1751357215775;1751357215780;true
0;1;407;89424;1751357215777;1751357215796;false
1;2;249;0;1751357215812;1751357215815;true
1;0;249;0;1751357215812;1751357215816;true
1;1;249;0;1751357215812;1751357215816;true
0;1;408;89465;1751357215817;1751357215818;false
1;2;250;0;1751357215844;1751357215846;true
1;1;250;0;1751357215844;1751357215849;true
1;0;250;0;1751357215844;1751357215850;true
0;1;409;89969;1751357215847;1751357215862;false
1;2;251;0;1751357215877;1751357215880;true
1;1;251;0;1751357215877;1751357215880;true
1;0;251;0;1751357215877;1751357215882;true
0;1;410;90506;1751357215882;1751357215883;false
1;2;252;0;1751357215910;1751357215913;true
1;1;252;0;1751357215910;1751357215914;true
1;0;252;0;1751357215910;1751357215915;true
0;1;411;90969;1751357215912;1751357215927;false
1;2;253;0;1751357215942;1751357215943;true
1;1;253;0;1751357215942;1751357215944;true
1;0;253;0;1751357215942;1751357215947;true
0;1;412;90074;1751357215947;1751357215948;false
1;2;254;0;1751357215973;1751357215976;true
1;1;254;0;1751357215973;1751357215977;true
0;1;413;89469;1751357215977;1751357215979;false
1;0;254;0;1751357215973;1751357215979;true
1;2;255;0;1751357216009;1751357216012;true
1;1;255;0;1751357216009;1751357216013;true
1;0;255;0;1751357216009;1751357216015;true
0;1;414;88917;1751357216012;1751357216025;false
1;1;256;0;1751357216041;1751357216045;true
1;2;256;0;1751357216041;1751357216045;true
1;0;256;0;1751357216042;1751357216046;true
0;1;415;88799;1751357216042;1751357216073;false
1;2;257;0;1751357216073;1751357216075;true
1;1;257;0;1751357216073;1751357216078;true
1;0;257;0;1751357216073;1751357216078;true
0;1;416;89326;1751357216074;1751357216105;false
1;2;258;0;1751357216104;1751357216106;true
1;1;258;0;1751357216104;1751357216109;true
1;0;258;0;1751357216104;1751357216110;true
0;1;417;87522;1751357216105;1751357216121;false
1;1;259;0;1751357216136;1751357216140;true
1;2;259;0;1751357216136;1751357216140;true
1;0;259;0;1751357216136;1751357216140;true
0;1;418;86728;1751357216137;1751357216160;false
1;2;260;0;1751357216176;1751357216179;true
1;1;260;0;1751357216176;1751357216181;true
1;0;260;0;1751357216176;1751357216181;true
0;1;419;87060;1751357216177;1751357216208;false
1;2;261;0;1751357216208;1751357216212;true
1;1;261;0;1751357216208;1751357216212;true
1;0;261;0;1751357216208;1751357216214;true
0;1;420;82620;1751357216212;1751357216240;false
1;2;262;0;1751357216240;1751357216243;true
1;0;262;0;1751357216240;1751357216246;true
1;1;262;0;1751357216240;1751357216246;true
0;1;421;87651;1751357216242;1751357216273;false
1;1;263;0;1751357216272;1751357216275;true
1;2;263;0;1751357216272;1751357216275;true
1;0;263;0;1751357216272;1751357216277;true
0;1;422;86708;1751357216273;1751357216305;false
1;2;264;0;1751357216304;1751357216305;true
1;1;264;0;1751357216304;1751357216308;true
1;0;264;0;1751357216304;1751357216310;true
0;1;423;86772;1751357216307;1751357216326;false
1;2;265;0;1751357216341;1751357216344;true
1;1;265;0;1751357216342;1751357216345;true
1;0;265;0;1751357216342;1751357216345;true
0;1;424;87115;1751357216326;1751357216358;false
1;2;266;0;1751357216374;1751357216377;true
1;1;266;0;1751357216374;1751357216378;true
1;0;266;0;1751357216375;1751357216379;true
0;1;425;86249;1751357216362;1751357216390;false
1;2;267;0;1751357216407;1751357216411;true
1;1;267;0;1751357216407;1751357216411;true
1;0;267;0;1751357216407;1751357216413;true
0;1;426;86400;1751357216412;1751357216424;false
1;2;268;0;1751357216439;1751357216443;true
1;1;268;0;1751357216439;1751357216444;true
1;0;268;0;1751357216439;1751357216445;true
0;1;427;86452;1751357216442;1751357216471;false
1;2;269;0;1751357216471;1751357216473;true
1;1;269;0;1751357216471;1751357216476;true
1;0;269;0;1751357216471;1751357216477;true
0;1;428;86748;1751357216477;1751357216504;false
1;2;270;0;1751357216502;1751357216505;true
1;0;270;0;1751357216502;1751357216509;true
1;1;270;0;1751357216503;1751357216509;true
0;1;429;87149;1751357216507;1751357216525;false
1;2;271;0;1751357216542;1751357216545;true
1;1;271;0;1751357216542;1751357216545;true
1;0;271;0;1751357216542;1751357216546;true
0;1;430;87788;1751357216525;1751357216557;false
1;2;272;0;1751357216573;1751357216575;true
1;1;272;0;1751357216573;1751357216576;true
1;0;272;0;1751357216573;1751357216576;true
0;1;431;86884;1751357216573;1751357216589;false
1;2;273;0;1751357216607;1751357216608;true
1;1;273;0;1751357216607;1751357216609;true
1;0;273;0;1751357216607;1751357216610;true
0;1;432;86371;1751357216592;1751357216623;false
1;2;274;0;1751357216630;1751357216632;true
1;1;274;0;1751357216630;1751357216633;true
1;0;274;0;1751357216630;1751357216634;true
0;1;433;86540;1751357216630;1751357216654;false
0;1;434;85841;1751357216673;1751357216675;false
1;2;275;0;1751357216673;1751357216675;true
1;1;275;0;1751357216673;1751357216676;true
1;0;275;0;1751357216673;1751357216677;true
0;1;435;85225;1751357216692;1751357216693;false
1;2;276;0;1751357216706;1751357216709;true
1;1;276;0;1751357216706;1751357216710;true
1;0;276;0;1751357216706;1751357216711;true
0;1;436;86436;1751357216738;1751357216739;false
1;2;277;0;1751357216738;1751357216740;true
1;1;277;0;1751357216738;1751357216742;true
1;0;277;0;1751357216738;1751357216742;true
1;1;278;0;1751357216762;1751357216767;true
1;2;278;0;1751357216762;1751357216767;true
1;0;278;0;1751357216762;1751357216768;true
0;1;437;85989;1751357216767;1751357216768;false
1;2;279;0;1751357216800;1751357216803;true
1;1;279;0;1751357216800;1751357216804;true
1;0;279;0;1751357216800;1751357216805;true
0;1;438;87105;1751357216802;1751357216816;false
1;2;280;0;1751357216832;1751357216836;true
1;0;280;0;1751357216832;1751357216838;true
1;1;280;0;1751357216832;1751357216838;true
0;1;439;87239;1751357216837;1751357216838;false
0;1;440;87722;1751357216857;1751357216872;false
1;2;281;0;1751357216871;1751357216874;true
1;1;281;0;1751357216871;1751357216875;true
1;0;281;0;1751357216871;1751357216876;true
0;1;441;87442;1751357216892;1751357216893;false
1;2;282;0;1751357216893;1751357216895;true
1;1;282;0;1751357216893;1751357216896;true
1;0;282;0;1751357216893;1751357216896;true
0;1;442;86768;1751357216922;1751357216938;false
1;1;283;0;1751357216938;1751357216940;true
1;2;283;0;1751357216938;1751357216940;true
1;0;283;0;1751357216938;1751357216941;true
0;1;443;87017;1751357216957;1751357216958;false
1;2;284;0;1751357216967;1751357216970;true
1;1;284;0;1751357216967;1751357216970;true
1;0;284;0;1751357216967;1751357216971;true
1;2;285;0;1751357217000;1751357217001;true
1;1;285;0;1751357217000;1751357217004;true
1;0;285;0;1751357217000;1751357217005;true
0;1;444;87406;1751357217002;1751357217016;false
0;1;445;86329;1751357217037;1751357217039;false
1;2;286;0;1751357217037;1751357217040;true
1;1;286;0;1751357217037;1751357217041;true
1;0;286;0;1751357217037;1751357217042;true
1;2;287;0;1751357217058;1751357217059;true
1;1;287;0;1751357217058;1751357217061;true
1;0;287;0;1751357217058;1751357217062;true
0;1;446;86775;1751357217057;1751357217069;false
1;1;288;0;1751357217099;1751357217102;true
1;2;288;0;1751357217099;1751357217103;true
1;0;288;0;1751357217099;1751357217104;true
0;1;447;86800;1751357217102;1751357217115;false
1;2;289;0;1751357217131;1751357217133;true
1;1;289;0;1751357217131;1751357217134;true
1;0;289;0;1751357217131;1751357217135;true
0;1;448;87712;1751357217132;1751357217148;false
1;2;290;0;1751357217163;1751357217167;true
1;1;290;0;1751357217163;1751357217168;true
0;1;449;88341;1751357217167;1751357217168;false
1;0;290;0;1751357217163;1751357217168;true
0;1;450;88569;1751357217203;1751357217205;false
1;2;291;0;1751357217203;1751357217205;true
1;1;291;0;1751357217203;1751357217206;true
1;0;291;0;1751357217203;1751357217208;true
0;1;451;89080;1751357217222;1751357217223;false
1;2;292;0;1751357217223;1751357217225;true
1;1;292;0;1751357217223;1751357217226;true
1;0;292;0;1751357217223;1751357217227;true
1;2;293;0;1751357217267;1751357217269;true
1;1;293;0;1751357217267;1751357217270;true
1;0;293;0;1751357217267;1751357217271;true
0;1;452;89010;1751357217252;1751357217274;false
0;1;453;87788;1751357217287;1751357217299;false
1;1;294;0;1751357217298;1751357217301;true
1;2;294;0;1751357217298;1751357217301;true
1;0;294;0;1751357217298;1751357217302;true
1;2;295;0;1751357217330;1751357217333;true
1;1;295;0;1751357217330;1751357217333;true
1;0;295;0;1751357217330;1751357217335;true
0;1;454;88443;1751357217332;1751357217362;false
1;2;296;0;1751357217362;1751357217365;true
1;1;296;0;1751357217362;1751357217367;true
1;0;296;0;1751357217362;1751357217368;true
0;1;455;88437;1751357217367;1751357217388;false
1;1;297;0;1751357217388;1751357217390;true
1;2;297;0;1751357217388;1751357217391;true
1;0;297;0;1751357217388;1751357217392;true
0;1;456;88077;1751357217388;1751357217402;false
0;1;457;88231;1751357217435;1751357217436;false
1;2;298;0;1751357217435;1751357217437;true
1;1;298;0;1751357217435;1751357217438;true
1;0;298;0;1751357217435;1751357217439;true
1;2;299;0;1751357217458;1751357217458;true
1;1;299;0;1751357217458;1751357217461;true
1;0;299;0;1751357217458;1751357217462;true
0;1;458;88347;1751357217452;1751357217476;false
0;1;459;87499;1751357217502;1751357217503;false
1;2;300;0;1751357217502;1751357217503;true
1;1;300;0;1751357217502;1751357217506;true
1;0;300;0;1751357217502;1751357217506;true
1;2;301;0;1751357217522;1751357217524;true
0;1;460;87434;1751357217522;1751357217524;false
1;1;301;0;1751357217522;1751357217525;true
1;0;301;0;1751357217522;1751357217526;true
0;1;461;87201;1751357217567;1751357217569;false
1;2;302;0;1751357217567;1751357217569;true
1;1;302;0;1751357217567;1751357217570;true
1;0;302;0;1751357217567;1751357217571;true
0;1;462;88213;1751357217601;1751357217603;false
1;2;303;0;1751357217601;1751357217604;true
1;1;303;0;1751357217601;1751357217605;true
1;0;303;0;1751357217601;1751357217605;true
0;1;463;87835;1751357217632;1751357217633;false
1;2;304;0;1751357217632;1751357217634;true
1;1;304;0;1751357217632;1751357217635;true
1;0;304;0;1751357217632;1751357217636;true
0;1;464;87837;1751357217667;1751357217668;false
1;1;305;0;1751357217667;1751357217668;true
1;2;305;0;1751357217667;1751357217668;true
1;0;305;0;1751357217667;1751357217671;true
1;2;306;0;1751357217687;1751357217688;true
1;1;306;0;1751357217687;1751357217690;true
1;0;306;0;1751357217687;1751357217691;true
0;1;465;87607;1751357217687;1751357217699;false
0;1;466;87510;1751357217717;1751357217718;false
1;2;307;0;1751357217718;1751357217719;true
1;1;307;0;1751357217718;1751357217720;true
1;0;307;0;1751357217718;1751357217721;true
0;1;467;86958;1751357217752;1751357217753;false
1;2;308;0;1751357217752;1751357217755;true
1;1;308;0;1751357217752;1751357217755;true
1;0;308;0;1751357217752;1751357217756;true
0;1;468;87188;1751357217782;1751357217798;false
1;2;309;0;1751357217797;1751357217800;true
1;1;309;0;1751357217797;1751357217801;true
1;0;309;0;1751357217797;1751357217801;true
0;1;469;88517;1751357217817;1751357217819;false
1;2;310;0;1751357217817;1751357217819;true
1;1;310;0;1751357217817;1751357217821;true
1;0;310;0;1751357217817;1751357217822;true
0;1;470;88332;1751357217847;1751357217848;false
1;2;311;0;1751357217861;1751357217862;true
1;1;311;0;1751357217861;1751357217864;true
1;0;311;0;1751357217861;1751357217865;true
0;1;471;88067;1751357217883;1751357217884;false
1;2;312;0;1751357217883;1751357217885;true
1;1;312;0;1751357217883;1751357217886;true
1;0;312;0;1751357217883;1751357217887;true
0;1;472;88304;1751357217917;1751357217918;false
1;2;313;0;1751357217917;1751357217919;true
1;1;313;0;1751357217917;1751357217919;true
1;0;313;0;1751357217917;1751357217920;true
1;1;314;0;1751357217952;1751357217953;true
0;1;473;88003;1751357217952;1751357217953;false
1;2;314;0;1751357217952;1751357217954;true
1;0;314;0;1751357217952;1751357217955;true
0;1;474;88158;1751357217982;1751357217983;false
1;2;315;0;1751357217982;1751357217984;true
1;1;315;0;1751357217982;1751357217985;true
1;0;315;0;1751357217982;1751357217986;true
0;1;475;87688;1751357218017;1751357218019;false
1;2;316;0;1751357218017;1751357218019;true
1;1;316;0;1751357218017;1751357218021;true
1;0;316;0;1751357218017;1751357218021;true
0;1;476;87445;1751357218047;1751357218062;false
1;1;317;0;1751357218060;1751357218064;true
1;0;317;0;1751357218060;1751357218066;true
1;2;317;0;1751357218060;1751357218066;true
0;1;477;87449;1751357218082;1751357218083;false
1;2;318;0;1751357218081;1751357218084;true
1;1;318;0;1751357218081;1751357218085;true
1;0;318;0;1751357218081;1751357218086;true
0;1;478;87186;1751357218117;1751357218118;false
1;1;319;0;1751357218117;1751357218119;true
1;2;319;0;1751357218117;1751357218119;true
1;0;319;0;1751357218117;1751357218120;true
1;2;320;0;1751357218147;1751357218150;true
1;1;320;0;1751357218147;1751357218151;true
1;0;320;0;1751357218147;1751357218152;true
0;1;479;87268;1751357218147;1751357218161;false
0;1;480;87590;1751357218192;1751357218194;false
1;2;321;0;1751357218192;1751357218195;true
1;1;321;0;1751357218192;1751357218196;true
1;0;321;0;1751357218192;1751357218197;true
0;1;481;87877;1751357218212;1751357218214;false
1;2;322;0;1751357218213;1751357218215;true
1;1;322;0;1751357218213;1751357218217;true
1;0;322;0;1751357218213;1751357218218;true
1;2;323;0;1751357218246;1751357218248;true
1;1;323;0;1751357218246;1751357218250;true
1;0;323;0;1751357218246;1751357218252;true
0;1;482;88524;1751357218252;1751357218253;false
1;1;324;0;1751357218279;1751357218282;true
1;2;324;0;1751357218279;1751357218284;true
1;0;324;0;1751357218279;1751357218285;true
0;1;483;87474;1751357218282;1751357218296;false
0;1;484;87375;1751357218327;1751357218328;false
1;2;325;0;1751357218327;1751357218329;true
1;1;325;0;1751357218327;1751357218331;true
1;0;325;0;1751357218327;1751357218332;true
1;2;326;0;1751357218347;1751357218349;true
1;1;326;0;1751357218347;1751357218352;true
1;0;326;0;1751357218347;1751357218352;true
0;1;485;88348;1751357218347;1751357218359;false
1;2;327;0;1751357218378;1751357218381;true
1;1;327;0;1751357218378;1751357218381;true
1;0;327;0;1751357218378;1751357218383;true
0;1;486;87828;1751357218377;1751357218390;false
1;2;328;0;1751357218422;1751357218424;true
1;1;328;0;1751357218422;1751357218424;true
1;0;328;0;1751357218423;1751357218426;true
0;1;487;88058;1751357218407;1751357218429;false
1;1;329;0;1751357218445;1751357218448;true
1;2;329;0;1751357218445;1751357218449;true
1;0;329;0;1751357218445;1751357218451;true
0;1;488;88532;1751357218447;1751357218463;false
1;2;330;0;1751357218477;1751357218480;true
1;1;330;0;1751357218477;1751357218481;true
1;0;330;0;1751357218477;1751357218483;true
0;1;489;88227;1751357218482;1751357218483;false
1;2;331;0;1751357218512;1751357218516;true
1;1;331;0;1751357218512;1751357218517;true
0;1;490;88389;1751357218517;1751357218518;false
1;0;331;0;1751357218512;1751357218518;true
1;2;332;0;1751357218546;1751357218549;true
1;0;332;0;1751357218546;1751357218552;true
1;1;332;0;1751357218546;1751357218552;true
0;1;491;88700;1751357218552;1751357218553;false
1;2;333;0;1751357218576;1751357218578;true
1;1;333;0;1751357218576;1751357218580;true
1;0;333;0;1751357218576;1751357218581;true
0;1;492;88266;1751357218577;1751357218592;false
0;1;493;87964;1751357218607;1751357218623;false
1;2;334;0;1751357218622;1751357218624;true
1;1;334;0;1751357218622;1751357218625;true
1;0;334;0;1751357218622;1751357218626;true
1;2;335;0;1751357218644;1751357218645;true
0;1;494;87784;1751357218644;1751357218645;false
1;1;335;0;1751357218644;1751357218647;true
1;0;335;0;1751357218644;1751357218648;true
1;2;336;0;1751357218675;1751357218677;true
1;1;336;0;1751357218675;1751357218679;true
1;0;336;0;1751357218675;1751357218680;true
0;1;495;87881;1751357218677;1751357218692;false
1;1;337;0;1751357218708;1751357218713;true
1;2;337;0;1751357218708;1751357218713;true
0;1;496;87919;1751357218712;1751357218713;false
1;0;337;0;1751357218708;1751357218714;true
0;1;497;87852;1751357218742;1751357218743;false
1;1;338;0;1751357218742;1751357218745;true
1;2;338;0;1751357218742;1751357218745;true
1;0;338;0;1751357218742;1751357218746;true
1;2;339;0;1751357218776;1751357218779;true
1;1;339;0;1751357218776;1751357218781;true
1;0;339;0;1751357218776;1751357218781;true
0;1;498;88120;1751357218777;1751357218793;false
1;1;340;0;1751357218807;1751357218813;true
1;2;340;0;1751357218807;1751357218813;true
1;0;340;0;1751357218807;1751357218813;true
0;1;499;87961;1751357218812;1751357218813;false
1;1;341;0;1751357218841;1751357218844;true
1;2;341;0;1751357218841;1751357218844;true
1;0;341;0;1751357218841;1751357218847;true
0;1;500;87759;1751357218847;1751357218849;false
1;2;342;0;1751357218873;1751357218877;true
1;1;342;0;1751357218873;1751357218877;true
0;1;501;88492;1751357218877;1751357218879;false
1;0;342;0;1751357218873;1751357218879;true
1;2;343;0;1751357218909;1751357218912;true
1;1;343;0;1751357218909;1751357218913;true
1;0;343;0;1751357218909;1751357218914;true
0;1;502;88520;1751357218912;1751357218927;false
1;2;344;0;1751357218941;1751357218944;true
1;1;344;0;1751357218941;1751357218946;true
1;0;344;0;1751357218941;1751357218947;true
0;1;503;88692;1751357218947;1751357218947;false
0;1;504;89068;1751357218977;1751357218978;false
1;1;345;0;1751357218973;1751357218979;true
1;2;345;0;1751357218973;1751357218979;true
1;0;345;0;1751357218973;1751357218979;true
1;2;346;0;1751357219007;1751357219010;true
1;1;346;0;1751357219007;1751357219012;true
1;0;346;0;1751357219007;1751357219013;true
0;1;505;88546;1751357219012;1751357219013;false
0;1;506;89249;1751357219042;1751357219043;false
1;2;347;0;1751357219039;1751357219044;true
1;1;347;0;1751357219039;1751357219044;true
1;0;347;0;1751357219039;1751357219045;true
1;2;348;0;1751357219073;1751357219075;true
1;1;348;0;1751357219073;1751357219077;true
1;0;348;0;1751357219073;1751357219079;true
0;1;507;88341;1751357219077;1751357219090;false
1;1;349;0;1751357219105;1751357219107;true
1;2;349;0;1751357219105;1751357219108;true
1;0;349;0;1751357219105;1751357219109;true
0;1;508;87244;1751357219107;1751357219125;false
1;2;350;0;1751357219140;1751357219146;true
1;1;350;0;1751357219140;1751357219146;true
1;0;350;0;1751357219140;1751357219146;true
0;1;509;87845;1751357219142;1751357219157;false
1;2;351;0;1751357219172;1751357219174;true
1;1;351;0;1751357219172;1751357219175;true
1;0;351;0;1751357219172;1751357219177;true
0;1;510;87410;1751357219177;1751357219178;false
1;2;352;0;1751357219204;1751357219205;true
1;1;352;0;1751357219204;1751357219207;true
1;0;352;0;1751357219204;1751357219210;true
0;1;511;85851;1751357219207;1751357219221;false
1;2;353;0;1751357219237;1751357219238;true
1;1;353;0;1751357219237;1751357219240;true
1;0;353;0;1751357219237;1751357219242;true
0;1;512;85552;1751357219237;1751357219252;false
0;1;513;84611;1751357219282;1751357219284;false
1;2;354;0;1751357219282;1751357219285;true
1;1;354;0;1751357219282;1751357219286;true
1;0;354;0;1751357219282;1751357219287;true
1;2;355;0;1751357219306;1751357219308;true
1;1;355;0;1751357219306;1751357219311;true
1;0;355;0;1751357219306;1751357219312;true
0;1;514;83381;1751357219307;1751357219323;false
1;2;356;0;1751357219339;1751357219342;true
1;1;356;0;1751357219339;1751357219343;true
1;0;356;0;1751357219339;1751357219345;true
0;1;515;83613;1751357219342;1751357219356;false
1;1;357;0;1751357219371;1751357219373;true
1;2;357;0;1751357219371;1751357219373;true
1;0;357;0;1751357219371;1751357219375;true
0;1;516;82053;1751357219380;1751357219381;false
1;2;358;0;1751357219403;1751357219406;true
1;1;358;0;1751357219403;1751357219407;true
1;0;358;0;1751357219403;1751357219409;true
0;1;517;82494;1751357219407;1751357219419;false
1;1;359;0;1751357219434;1751357219437;true
0;1;518;82109;1751357219437;1751357219438;false
1;2;359;0;1751357219434;1751357219438;true
1;0;359;0;1751357219434;1751357219439;true
1;2;360;0;1751357219472;1751357219475;true
1;1;360;0;1751357219472;1751357219477;true
1;0;360;0;1751357219472;1751357219478;true
0;1;519;81445;1751357219477;1751357219478;false
1;1;361;0;1751357219506;1751357219510;true
1;2;361;0;1751357219506;1751357219511;true
1;0;361;0;1751357219506;1751357219512;true
0;1;520;81072;1751357219507;1751357219522;false
1;2;362;0;1751357219537;1751357219539;true
1;1;362;0;1751357219537;1751357219540;true
1;0;362;0;1751357219537;1751357219542;true
0;1;521;80449;1751357219542;1751357219543;false
1;2;363;0;1751357219570;1751357219572;true
1;1;363;0;1751357219570;1751357219574;true
1;0;363;0;1751357219570;1751357219575;true
0;1;522;80714;1751357219572;1751357219586;false
1;2;364;0;1751357219604;1751357219606;true
1;1;364;0;1751357219604;1751357219609;true
1;0;364;0;1751357219604;1751357219610;true
0;1;523;80396;1751357219607;1751357219620;false
1;1;365;0;1751357219636;1751357219640;true
1;2;365;0;1751357219636;1751357219640;true
1;0;365;0;1751357219636;1751357219641;true
0;1;524;79795;1751357219637;1751357219653;false
1;2;366;0;1751357219670;1751357219673;true
1;1;366;0;1751357219670;1751357219673;true
1;0;366;0;1751357219670;1751357219675;true
0;1;525;79482;1751357219672;1751357219688;false
1;1;367;0;1751357219703;1751357219705;true
1;2;367;0;1751357219703;1751357219708;true
0;1;526;80013;1751357219707;1751357219709;false
1;0;367;0;1751357219703;1751357219709;true
1;2;368;0;1751357219734;1751357219738;true
0;1;527;79585;1751357219737;1751357219739;false
1;1;368;0;1751357219734;1751357219740;true
1;0;368;0;1751357219734;1751357219740;true
1;1;369;0;1751357219766;1751357219769;true
1;2;369;0;1751357219766;1751357219769;true
1;0;369;0;1751357219766;1751357219771;true
0;1;528;79419;1751357219767;1751357219783;false
1;2;370;0;1751357219798;1751357219801;true
1;1;370;0;1751357219798;1751357219802;true
0;1;529;78861;1751357219802;1751357219803;false
1;0;370;0;1751357219798;1751357219803;true
1;2;371;0;1751357219837;1751357219839;true
1;1;371;0;1751357219837;1751357219842;true
1;0;371;0;1751357219837;1751357219842;true
0;1;530;79652;1751357219853;1751357219854;false
1;2;372;0;1751357219869;1751357219870;true
0;1;531;78838;1751357219869;1751357219870;false
1;1;372;0;1751357219869;1751357219872;true
1;0;372;0;1751357219869;1751357219872;true
1;2;373;0;1751357219900;1751357219905;true
1;0;373;0;1751357219900;1751357219905;true
1;1;373;0;1751357219900;1751357219905;true
0;1;532;79181;1751357219902;1751357219916;false
1;2;374;0;1751357219932;1751357219933;true
1;1;374;0;1751357219932;1751357219936;true
1;0;374;0;1751357219932;1751357219937;true
0;1;533;79757;1751357219937;1751357219938;false
1;2;375;0;1751357219962;1751357219964;true
1;1;375;0;1751357219962;1751357219967;true
1;0;375;0;1751357219962;1751357219967;true
0;1;534;80024;1751357219967;1751357219967;false
1;1;376;0;1751357220001;1751357220004;true
1;2;376;0;1751357220001;1751357220005;true
1;0;376;0;1751357220001;1751357220007;true
0;1;535;79357;1751357220017;1751357220018;false
1;1;377;0;1751357220032;1751357220035;true
1;2;377;0;1751357220032;1751357220036;true
1;0;377;0;1751357220032;1751357220038;true
0;1;536;79401;1751357220037;1751357220038;false
1;2;378;0;1751357220065;1751357220067;true
1;0;378;0;1751357220065;1751357220071;true
1;1;378;0;1751357220065;1751357220071;true
0;1;537;79066;1751357220067;1751357220081;false
1;1;379;0;1751357220096;1751357220099;true
1;2;379;0;1751357220096;1751357220100;true
1;0;379;0;1751357220096;1751357220101;true
0;1;538;79583;1751357220097;1751357220116;false
1;1;380;0;1751357220133;1751357220135;true
1;2;380;0;1751357220133;1751357220136;true
1;0;380;0;1751357220133;1751357220138;true
0;1;539;79019;1751357220137;1751357220139;false
1;1;381;0;1751357220164;1751357220167;true
1;2;381;0;1751357220164;1751357220168;true
0;1;540;78749;1751357220167;1751357220168;false
1;0;381;0;1751357220164;1751357220169;true
1;1;382;0;1751357220200;1751357220205;true
1;2;382;0;1751357220200;1751357220206;true
1;0;382;0;1751357220200;1751357220206;true
0;1;541;79115;1751357220202;1751357220218;false
1;1;383;0;1751357220233;1751357220236;true
1;2;383;0;1751357220233;1751357220237;true
0;1;542;79037;1751357220237;1751357220238;false
1;0;383;0;1751357220233;1751357220238;true
1;2;384;0;1751357220264;1751357220269;true
1;1;384;0;1751357220264;1751357220269;true
1;0;384;0;1751357220264;1751357220270;true
0;1;543;78880;1751357220267;1751357220281;false
1;2;385;0;1751357220296;1751357220298;true
1;1;385;0;1751357220296;1751357220301;true
1;0;385;0;1751357220296;1751357220301;true
0;1;544;77792;1751357220297;1751357220312;false
1;2;386;0;1751357220327;1751357220329;true
1;1;386;0;1751357220327;1751357220331;true
1;0;386;0;1751357220327;1751357220332;true
0;1;545;77169;1751357220332;1751357220333;false
1;1;387;0;1751357220365;1751357220369;true
1;2;387;0;1751357220365;1751357220370;true
1;0;387;0;1751357220365;1751357220371;true
0;1;546;76888;1751357220367;1751357220381;false
1;2;388;0;1751357220398;1751357220401;true
1;1;388;0;1751357220398;1751357220402;true
0;1;547;77141;1751357220402;1751357220403;false
1;0;388;0;1751357220398;1751357220403;true
1;1;389;0;1751357220430;1751357220433;true
0;1;548;77677;1751357220432;1751357220433;false
1;2;389;0;1751357220430;1751357220433;true
1;0;389;0;1751357220430;1751357220435;true
1;2;390;0;1751357220460;1751357220464;true
1;1;390;0;1751357220461;1751357220465;true
1;0;390;0;1751357220460;1751357220466;true
0;1;549;77291;1751357220462;1751357220477;false
1;2;391;0;1751357220492;1751357220495;true
1;1;391;0;1751357220492;1751357220497;true
1;0;391;0;1751357220492;1751357220498;true
0;2;550;49209;1751357220497;1751357220498;false
0;1;550;77412;1751357220497;1751357220498;false
1;2;392;0;1751357220524;1751357220528;true
1;1;392;0;1751357220524;1751357220528;true
0;1;551;77774;1751357220527;1751357220528;false
0;2;551;49731;1751357220527;1751357220528;false
1;0;392;0;1751357220524;1751357220529;true
0;2;552;49581;1751357220552;1751357220553;false
0;1;552;76846;1751357220552;1751357220553;false
1;2;393;0;1751357220566;1751357220566;true
1;1;393;0;1751357220566;1751357220569;true
1;0;393;0;1751357220566;1751357220570;true
1;2;394;0;1751357220596;1751357220599;true
1;1;394;0;1751357220596;1751357220600;true
1;0;394;0;1751357220596;1751357220601;true
0;1;553;77241;1751357220597;1751357220616;false
0;2;553;49567;1751357220597;1751357220617;false
0;2;554;49721;1751357220617;1751357220626;false
1;2;395;0;1751357220626;1751357220628;true
1;1;395;0;1751357220626;1751357220629;true
1;0;395;0;1751357220626;1751357220629;true
0;1;554;77665;1751357220616;1751357220632;false
1;2;396;0;1751357220663;1751357220664;true
0;2;555;50039;1751357220667;1751357220668;false
1;1;396;0;1751357220663;1751357220668;true
1;0;396;0;1751357220663;1751357220669;true
0;1;555;77185;1751357220667;1751357220679;false
1;2;397;0;1751357220697;1751357220699;true
1;0;397;0;1751357220697;1751357220703;true
0;2;556;50133;1751357220702;1751357220703;false
1;1;397;0;1751357220697;1751357220703;true
0;1;556;78184;1751357220702;1751357220704;false
0;2;557;49838;1751357220732;1751357220733;false
1;2;398;0;1751357220730;1751357220733;true
1;1;398;0;1751357220730;1751357220734;true
1;0;398;0;1751357220730;1751357220735;true
0;1;557;78578;1751357220732;1751357220747;false
1;1;399;0;1751357220762;1751357220763;true
1;2;399;0;1751357220762;1751357220765;true
1;0;399;0;1751357220762;1751357220767;true
0;2;558;49837;1751357220767;1751357220767;false
0;1;558;78302;1751357220767;1751357220767;false
1;1;400;0;1751357220793;1751357220795;true
1;2;400;0;1751357220793;1751357220796;true
1;0;400;0;1751357220793;1751357220798;true
0;2;559;50068;1751357220798;1751357220798;false
0;1;559;79461;1751357220798;1751357220798;false
0;1;560;78627;1751357220817;1751357220818;false
0;2;560;50492;1751357220817;1751357220831;false
1;1;401;0;1751357220831;1751357220835;true
1;2;401;0;1751357220831;1751357220835;true
1;0;401;0;1751357220831;1751357220836;true
0;1;561;79124;1751357220852;1751357220853;false
0;2;561;50514;1751357220852;1751357220853;false
1;2;402;0;1751357220853;1751357220856;true
1;1;402;0;1751357220853;1751357220857;true
1;0;402;0;1751357220853;1751357220857;true
0;2;562;50588;1751357220882;1751357220897;false
0;1;562;79589;1751357220882;1751357220899;false
1;2;403;0;1751357220897;1751357220899;true
1;1;403;0;1751357220897;1751357220900;true
1;0;403;0;1751357220897;1751357220901;true
0;2;563;50526;1751357220917;1751357220918;false
0;1;563;79179;1751357220917;1751357220918;false
1;1;404;0;1751357220930;1751357220933;true
1;2;404;0;1751357220930;1751357220936;true
1;0;404;0;1751357220930;1751357220936;true
0;2;564;49712;1751357220947;1751357220962;false
0;1;564;78206;1751357220947;1751357220962;false
1;1;405;0;1751357220961;1751357220964;true
1;2;405;0;1751357220961;1751357220964;true
1;0;405;0;1751357220961;1751357220965;true
1;2;406;0;1751357220992;1751357220994;true
1;1;406;0;1751357220992;1751357220996;true
0;2;565;50709;1751357220997;1751357220998;false
1;0;406;0;1751357220992;1751357220998;true
0;1;565;78770;1751357220997;1751357220999;false
1;2;407;0;1751357221024;1751357221028;true
1;1;407;0;1751357221024;1751357221029;true
0;2;566;50329;1751357221027;1751357221029;false
0;1;566;79072;1751357221027;1751357221029;false
1;0;407;0;1751357221024;1751357221030;true
0;1;567;78284;1751357221047;1751357221063;false
1;1;408;0;1751357221061;1751357221065;true
1;2;408;0;1751357221061;1751357221066;true
1;0;408;0;1751357221061;1751357221066;true
0;2;567;49817;1751357221047;1751357221078;false
0;2;568;50198;1751357221095;1751357221096;false
1;2;409;0;1751357221095;1751357221098;true
1;1;409;0;1751357221095;1751357221099;true
1;0;409;0;1751357221095;1751357221100;true
0;1;568;79439;1751357221095;1751357221111;false
0;2;569;49749;1751357221111;1751357221129;false
1;2;410;0;1751357221126;1751357221130;true
1;1;410;0;1751357221127;1751357221130;true
1;0;410;0;1751357221127;1751357221131;true
0;1;569;78492;1751357221127;1751357221143;false
1;2;411;0;1751357221158;1751357221160;true
1;1;411;0;1751357221158;1751357221162;true
1;0;411;0;1751357221158;1751357221163;true
0;2;570;49989;1751357221159;1751357221174;false
0;1;570;73550;1751357221162;1751357221174;false
0;1;571;78904;1751357221193;1751357221196;false
0;2;571;50664;1751357221193;1751357221196;false
1;2;412;0;1751357221193;1751357221196;true
1;1;412;0;1751357221193;1751357221197;true
1;0;412;0;1751357221193;1751357221198;true
0;2;572;50160;1751357221212;1751357221213;false
0;1;572;78644;1751357221212;1751357221229;false
1;1;413;0;1751357221227;1751357221230;true
1;2;413;0;1751357221227;1751357221230;true
1;0;413;0;1751357221227;1751357221231;true
0;2;573;50502;1751357221247;1751357221248;false
0;1;573;79138;1751357221247;1751357221249;false
1;2;414;0;1751357221258;1751357221260;true
1;1;414;0;1751357221258;1751357221262;true
1;0;414;0;1751357221258;1751357221262;true
0;2;574;50334;1751357221277;1751357221291;false
0;1;574;78405;1751357221277;1751357221292;false
1;2;415;0;1751357221291;1751357221293;true
1;1;415;0;1751357221291;1751357221295;true
1;0;415;0;1751357221291;1751357221295;true
1;2;416;0;1751357221322;1751357221325;true
1;1;416;0;1751357221322;1751357221326;true
1;0;416;0;1751357221322;1751357221327;true
0;2;575;50409;1751357221327;1751357221327;false
0;1;575;78370;1751357221327;1751357221328;false
1;2;417;0;1751357221354;1751357221358;true
0;2;576;50270;1751357221357;1751357221359;false
1;1;417;0;1751357221354;1751357221359;true
0;1;576;78584;1751357221357;1751357221359;false
1;0;417;0;1751357221354;1751357221360;true
1;1;418;0;1751357221385;1751357221388;true
1;2;418;0;1751357221385;1751357221389;true
1;0;418;0;1751357221385;1751357221390;true
0;1;577;78244;1751357221387;1751357221394;false
0;2;577;49807;1751357221387;1751357221410;false
0;2;578;49661;1751357221410;1751357221411;false
0;1;578;77470;1751357221411;1751357221426;false
1;2;419;0;1751357221425;1751357221428;true
1;1;419;0;1751357221425;1751357221429;true
1;0;419;0;1751357221425;1751357221429;true
0;1;579;77678;1751357221458;1751357221459;false
0;2;579;49696;1751357221458;1751357221460;false
1;2;420;0;1751357221458;1751357221461;true
1;1;420;0;1751357221458;1751357221462;true
1;0;420;0;1751357221458;1751357221462;true
0;2;580;50041;1751357221477;1751357221478;false
0;1;580;78174;1751357221477;1751357221490;false
1;1;421;0;1751357221490;1751357221492;true
1;2;421;0;1751357221490;1751357221493;true
1;0;421;0;1751357221490;1751357221494;true
1;1;422;0;1751357221513;1751357221515;true
1;2;422;0;1751357221513;1751357221516;true
1;0;422;0;1751357221513;1751357221518;true
0;2;581;49965;1751357221512;1751357221527;false
0;1;581;77683;1751357221512;1751357221527;false
0;2;582;49645;1751357221558;1751357221559;false
0;1;582;78517;1751357221558;1751357221560;false
1;2;423;0;1751357221558;1751357221560;true
1;1;423;0;1751357221558;1751357221562;true
1;0;423;0;1751357221558;1751357221562;true
0;2;583;49714;1751357221577;1751357221578;false
0;1;583;77895;1751357221577;1751357221578;false
1;1;424;0;1751357221588;1751357221590;true
1;2;424;0;1751357221588;1751357221592;true
1;0;424;0;1751357221588;1751357221593;true
0;2;584;50291;1751357221623;1751357221625;false
1;2;425;0;1751357221623;1751357221625;true
0;1;584;78227;1751357221623;1751357221626;false
1;1;425;0;1751357221623;1751357221628;true
1;0;425;0;1751357221623;1751357221629;true
1;1;426;0;1751357221653;1751357221658;true
0;1;585;78265;1751357221657;1751357221659;false
0;2;585;49945;1751357221657;1751357221659;false
1;2;426;0;1751357221653;1751357221659;true
1;0;426;0;1751357221653;1751357221659;true
1;1;427;0;1751357221685;1751357221689;true
0;1;586;77840;1751357221687;1751357221689;false
0;2;586;49825;1751357221687;1751357221689;false
1;2;427;0;1751357221685;1751357221689;true
1;0;427;0;1751357221685;1751357221690;true
0;2;587;49684;1751357221723;1751357221724;false
0;1;587;77278;1751357221723;1751357221725;false
1;2;428;0;1751357221723;1751357221726;true
1;1;428;0;1751357221723;1751357221726;true
1;0;428;0;1751357221723;1751357221727;true
0;2;588;49471;1751357221742;1751357221743;false
0;1;588;76969;1751357221742;1751357221744;false
1;2;429;0;1751357221744;1751357221746;true
1;1;429;0;1751357221744;1751357221746;true
1;0;429;0;1751357221744;1751357221747;true
0;2;589;49716;1751357221780;1751357221782;false
0;1;589;77812;1751357221781;1751357221783;false
1;2;430;0;1751357221780;1751357221784;true
1;1;430;0;1751357221780;1751357221785;true
1;0;430;0;1751357221781;1751357221786;true
0;2;590;49906;1751357221807;1751357221807;false
0;1;590;77597;1751357221807;1751357221822;false
1;2;431;0;1751357221821;1751357221823;true
1;1;431;0;1751357221821;1751357221824;true
1;0;431;0;1751357221821;1751357221826;true
0;2;591;49665;1751357221852;1751357221854;false
0;1;591;77578;1751357221852;1751357221854;false
1;2;432;0;1751357221852;1751357221854;true
1;1;432;0;1751357221852;1751357221856;true
1;0;432;0;1751357221852;1751357221856;true
1;1;433;0;1751357221883;1751357221888;true
1;2;433;0;1751357221883;1751357221888;true
0;1;592;77226;1751357221887;1751357221888;false
1;0;433;0;1751357221883;1751357221889;true
0;2;592;49603;1751357221887;1751357221889;false
1;0;434;0;1751357221915;1751357221921;true
1;2;434;0;1751357221915;1751357221921;true
1;1;434;0;1751357221915;1751357221921;true
0;1;593;78116;1751357221917;1751357221931;false
0;2;593;49773;1751357221917;1751357221932;false
1;2;435;0;1751357221942;1751357221944;true
1;1;435;0;1751357221942;1751357221946;true
1;0;435;0;1751357221942;1751357221946;true
0;2;594;49838;1751357221942;1751357221956;false
0;1;594;78618;1751357221942;1751357221957;false
0;2;595;50391;1751357221985;1751357221986;false
1;2;436;0;1751357221985;1751357221987;true
0;1;595;78397;1751357221985;1751357221987;false
1;1;436;0;1751357221985;1751357221988;true
1;0;436;0;1751357221985;1751357221990;true
0;2;596;49763;1751357222007;1751357222008;false
0;1;596;78451;1751357222007;1751357222008;false
1;2;437;0;1751357222008;1751357222010;true
1;1;437;0;1751357222008;1751357222010;true
1;0;437;0;1751357222008;1751357222011;true
0;2;597;49991;1751357222037;1751357222038;false
0;1;597;77744;1751357222037;1751357222052;false
1;1;438;0;1751357222051;1751357222054;true
1;2;438;0;1751357222051;1751357222055;true
1;0;438;0;1751357222052;1751357222056;true
0;1;598;78087;1751357222082;1751357222084;false
0;2;598;49694;1751357222082;1751357222084;false
1;2;439;0;1751357222082;1751357222084;true
1;1;439;0;1751357222082;1751357222086;true
1;0;439;0;1751357222082;1751357222087;true
1;2;440;0;1751357222107;1751357222109;true
1;1;440;0;1751357222107;1751357222111;true
1;0;440;0;1751357222107;1751357222111;true
0;2;599;49785;1751357222107;1751357222123;false
0;1;599;77655;1751357222107;1751357222123;false
0;2;600;49889;1751357222152;1751357222154;false
0;1;600;78001;1751357222152;1751357222154;false
1;2;441;0;1751357222152;1751357222156;true
1;1;441;0;1751357222152;1751357222156;true
1;0;441;0;1751357222152;1751357222157;true
0;2;601;49190;1751357222172;1751357222174;false
0;1;601;76592;1751357222172;1751357222175;false
1;2;442;0;1751357222173;1751357222175;true
1;1;442;0;1751357222173;1751357222179;true
1;0;442;0;1751357222173;1751357222179;true
0;2;602;49152;1751357222207;1751357222209;false
1;2;443;0;1751357222207;1751357222209;true
0;1;602;77385;1751357222208;1751357222209;false
1;1;443;0;1751357222207;1751357222211;true
1;0;443;0;1751357222207;1751357222212;true
0;2;603;48859;1751357222253;1751357222254;false
0;1;603;76608;1751357222253;1751357222255;false
1;2;444;0;1751357222253;1751357222255;true
1;1;444;0;1751357222253;1751357222257;true
1;0;444;0;1751357222253;1751357222258;true
0;2;604;49905;1751357222272;1751357222273;false
0;1;604;78010;1751357222272;1751357222274;false
1;2;445;0;1751357222272;1751357222274;true
1;1;445;0;1751357222272;1751357222275;true
1;0;445;0;1751357222272;1751357222276;true
0;2;605;49250;1751357222307;1751357222308;false
1;2;446;0;1751357222307;1751357222310;true
0;1;605;77396;1751357222307;1751357222310;false
1;1;446;0;1751357222307;1751357222311;true
1;0;446;0;1751357222307;1751357222312;true
0;2;606;48909;1751357222337;1751357222338;false
1;2;447;0;1751357222338;1751357222340;true
0;1;606;72250;1751357222337;1751357222342;false
1;1;447;0;1751357222338;1751357222342;true
1;0;447;0;1751357222338;1751357222342;true
0;2;607;49386;1751357222367;1751357222383;false
0;1;607;76970;1751357222367;1751357222383;false
1;2;448;0;1751357222382;1751357222384;true
1;1;448;0;1751357222382;1751357222385;true
1;0;448;0;1751357222382;1751357222386;true
0;1;608;76556;1751357222412;1751357222414;false
0;2;608;49019;1751357222412;1751357222414;false
1;1;449;0;1751357222412;1751357222416;true
1;2;449;0;1751357222412;1751357222416;true
1;0;449;0;1751357222412;1751357222417;true
1;1;450;0;1751357222437;1751357222440;true
1;2;450;0;1751357222437;1751357222441;true
1;0;450;0;1751357222437;1751357222442;true
0;2;609;48947;1751357222442;1751357222442;false
0;1;609;76784;1751357222442;1751357222444;false
1;1;451;0;1751357222472;1751357222474;true
1;2;451;0;1751357222472;1751357222475;true
1;0;451;0;1751357222472;1751357222476;true
1;2;452;0;1751357222511;1751357222514;true
1;1;452;0;1751357222511;1751357222516;true
1;0;452;0;1751357222511;1751357222517;true
0;0;611;163933;1751357222517;1751357222519;false
1;2;453;0;1751357222537;1751357222540;true
1;1;453;0;1751357222537;1751357222541;true
1;0;453;0;1751357222537;1751357222542;true
0;0;612;164175;1751357222537;1751357222570;false
1;2;454;0;1751357222569;1751357222572;true
1;1;454;0;1751357222569;1751357222573;true
1;0;454;0;1751357222569;1751357222575;true
0;0;613;163891;1751357222570;1751357222602;false
1;2;455;0;1751357222602;1751357222608;true
1;1;455;0;1751357222602;1751357222608;true
1;0;455;0;1751357222602;1751357222608;true
0;0;614;164383;1751357222608;1751357222634;false
1;1;456;0;1751357222637;1751357222640;true
1;2;456;0;1751357222637;1751357222640;true
1;0;456;0;1751357222637;1751357222641;true
0;0;615;164439;1751357222634;1751357222652;false
1;1;457;0;1751357222668;1751357222672;true
1;2;457;0;1751357222668;1751357222673;true
1;0;457;0;1751357222668;1751357222674;true
0;0;616;166040;1751357222672;1751357222684;false
1;2;458;0;1751357222702;1751357222704;true
1;1;458;0;1751357222702;1751357222705;true
1;0;458;0;1751357222702;1751357222706;true
0;0;617;165471;1751357222702;1751357222732;false
1;2;459;0;1751357222746;1751357222749;true
1;1;459;0;1751357222746;1751357222750;true
1;0;459;0;1751357222746;1751357222750;true
0;0;618;164629;1751357222732;1751357222767;false
1;1;460;0;1751357222782;1751357222785;true
1;2;460;0;1751357222782;1751357222786;true
1;0;460;0;1751357222782;1751357222786;true
0;0;619;163888;1751357222782;1751357222798;false
1;2;461;0;1751357222804;1751357222806;true
1;1;461;0;1751357222804;1751357222807;true
1;0;461;0;1751357222804;1751357222809;true
0;0;620;164450;1751357222798;1751357222829;false
1;1;462;0;1751357222833;1751357222835;true
1;2;462;0;1751357222833;1751357222836;true
1;0;462;0;1751357222833;1751357222837;true
0;0;621;165409;1751357222829;1751357222864;false
1;2;463;0;1751357222867;1751357222870;true
1;1;463;0;1751357222867;1751357222871;true
1;0;463;0;1751357222867;1751357222872;true
0;0;622;163727;1751357222867;1751357222896;false
0;0;623;162859;1751357222896;1751357222913;false
1;2;464;0;1751357222911;1751357222914;true
1;1;464;0;1751357222911;1751357222915;true
1;0;464;0;1751357222911;1751357222915;true
1;2;465;0;1751357222943;1751357222945;true
0;0;624;163175;1751357222943;1751357222945;false
1;0;465;0;1751357222943;1751357222947;true
1;1;465;0;1751357222943;1751357222947;true
0;0;625;163927;1751357222962;1751357222967;false
1;2;466;0;1751357222967;1751357222969;true
1;1;466;0;1751357222967;1751357222970;true
1;0;466;0;1751357222967;1751357222971;true
1;2;467;0;1751357222998;1751357223000;true
1;1;467;0;1751357222998;1751357223002;true
1;0;467;0;1751357222998;1751357223003;true
0;0;626;163256;1751357223002;1751357223004;false
1;2;468;0;1751357223032;1751357223033;true
1;1;468;0;1751357223032;1751357223034;true
1;0;468;0;1751357223032;1751357223037;true
0;0;627;163910;1751357223037;1751357223039;false
0;0;628;164520;1751357223078;1751357223081;false
1;2;469;0;1751357223078;1751357223081;true
1;1;469;0;1751357223078;1751357223081;true
1;0;469;0;1751357223078;1751357223082;true
1;2;470;0;1751357223097;1751357223101;true
1;1;470;0;1751357223097;1751357223101;true
1;0;470;0;1751357223097;1751357223102;true
0;0;629;164925;1751357223097;1751357223111;false
1;2;471;0;1751357223132;1751357223135;true
1;1;471;0;1751357223132;1751357223136;true
1;0;471;0;1751357223132;1751357223137;true
0;0;630;166480;1751357223127;1751357223150;false
1;2;472;0;1751357223164;1751357223168;true
1;1;472;0;1751357223164;1751357223169;true
1;0;472;0;1751357223164;1751357223169;true
0;0;631;154595;1751357223167;1751357223181;false
1;2;473;0;1751357223197;1751357223201;true
1;0;473;0;1751357223197;1751357223202;true
1;1;473;0;1751357223197;1751357223203;true
0;0;632;166386;1751357223202;1751357223213;false
1;1;474;0;1751357223232;1751357223235;true
1;2;474;0;1751357223232;1751357223235;true
1;0;474;0;1751357223232;1751357223236;true
0;0;633;166588;1751357223232;1751357223245;false
1;2;475;0;1751357223275;1751357223277;true
1;1;475;0;1751357223275;1751357223279;true
1;0;475;0;1751357223275;1751357223280;true
0;0;634;166409;1751357223262;1751357223298;false
1;2;476;0;1751357223297;1751357223299;true
1;1;476;0;1751357223297;1751357223301;true
1;0;476;0;1751357223297;1751357223302;true
0;0;635;167739;1751357223298;1751357223330;false
1;1;477;0;1751357223329;1751357223332;true
1;2;477;0;1751357223329;1751357223332;true
1;0;477;0;1751357223329;1751357223335;true
0;0;636;166232;1751357223330;1751357223362;false
1;2;478;0;1751357223361;1751357223364;true
1;1;478;0;1751357223361;1751357223366;true
1;0;478;0;1751357223361;1751357223367;true
0;0;637;165855;1751357223362;1751357223395;false
1;2;479;0;1751357223395;1751357223400;true
1;0;479;0;1751357223395;1751357223400;true
1;1;479;0;1751357223395;1751357223400;true
0;0;638;165073;1751357223397;1751357223427;false
1;2;480;0;1751357223427;1751357223431;true
1;1;480;0;1751357223427;1751357223431;true
1;0;480;0;1751357223427;1751357223433;true
0;0;639;165416;1751357223432;1751357223459;false
1;1;481;0;1751357223462;1751357223464;true
1;2;481;0;1751357223462;1751357223465;true
1;0;481;0;1751357223462;1751357223466;true
0;0;640;163568;1751357223459;1751357223482;false
1;2;482;0;1751357223494;1751357223496;true
1;1;482;0;1751357223494;1751357223497;true
1;0;482;0;1751357223494;1751357223499;true
0;0;641;163656;1751357223497;1751357223510;false
1;2;483;0;1751357223533;1751357223536;true
1;1;483;0;1751357223533;1751357223538;true
1;0;483;0;1751357223533;1751357223539;true
0;0;642;163105;1751357223537;1751357223548;false
1;2;484;0;1751357223563;1751357223566;true
1;1;484;0;1751357223563;1751357223568;true
1;0;484;0;1751357223563;1751357223569;true
0;0;643;163848;1751357223567;1751357223579;false
1;2;485;0;1751357223595;1751357223598;true
1;1;485;0;1751357223595;1751357223598;true
1;0;485;0;1751357223595;1751357223600;true
0;0;644;164719;1751357223597;1751357223614;false
1;2;486;0;1751357223628;1751357223630;true
1;1;486;0;1751357223628;1751357223631;true
1;0;486;0;1751357223628;1751357223634;true
0;0;645;152842;1751357223632;1751357223635;false
1;1;487;0;1751357223660;1751357223664;true
1;2;487;0;1751357223660;1751357223664;true
1;0;487;0;1751357223660;1751357223666;true
0;0;646;164383;1751357223662;1751357223680;false
1;1;488;0;1751357223694;1751357223698;true
1;2;488;0;1751357223694;1751357223700;true
1;0;488;0;1751357223694;1751357223701;true
0;0;647;163419;1751357223697;1751357223711;false
1;2;489;0;1751357223726;1751357223729;true
1;1;489;0;1751357223727;1751357223731;true
1;0;489;0;1751357223727;1751357223732;true
0;0;648;164146;1751357223732;1751357223734;false
1;2;490;0;1751357223758;1751357223760;true
1;1;490;0;1751357223758;1751357223761;true
1;0;490;0;1751357223758;1751357223762;true
0;0;649;164815;1751357223762;1751357223764;false
1;2;491;0;1751357223792;1751357223794;true
0;0;650;165174;1751357223792;1751357223795;false
1;1;491;0;1751357223792;1751357223796;true
1;0;491;0;1751357223792;1751357223796;true
1;1;492;0;1751357223827;1751357223830;true
1;2;492;0;1751357223827;1751357223830;true
1;0;492;0;1751357223827;1751357223830;true
0;0;651;164555;1751357223842;1751357223845;false
1;2;493;0;1751357223861;1751357223863;true
1;1;493;0;1751357223861;1751357223864;true
1;0;493;0;1751357223861;1751357223865;true
0;0;652;164183;1751357223863;1751357223893;false
1;2;494;0;1751357223893;1751357223896;true
1;1;494;0;1751357223893;1751357223897;true
1;0;494;0;1751357223893;1751357223898;true
0;0;653;165958;1751357223893;1751357223925;false
1;2;495;0;1751357223925;1751357223926;true
1;1;495;0;1751357223925;1751357223929;true
1;0;495;0;1751357223925;1751357223929;true
0;0;654;166738;1751357223928;1751357223957;false
1;2;496;0;1751357223957;1751357223964;true
1;1;496;0;1751357223957;1751357223964;true
1;0;496;0;1751357223957;1751357223964;true
0;0;655;165259;1751357223964;1751357223990;false
1;1;497;0;1751357223988;1751357223991;true
1;2;497;0;1751357223988;1751357223991;true
1;0;497;0;1751357223988;1751357223993;true
0;0;656;165376;1751357223990;1751357224010;false
1;2;498;0;1751357224026;1751357224027;true
1;1;498;0;1751357224026;1751357224029;true
1;0;498;0;1751357224026;1751357224031;true
0;0;657;165691;1751357224027;1751357224060;false
1;2;499;0;1751357224058;1751357224062;true
1;1;499;0;1751357224059;1751357224063;true
1;0;499;0;1751357224059;1751357224064;true
0;0;658;165381;1751357224060;1751357224091;false
1;2;500;0;1751357224090;1751357224092;true
1;1;500;0;1751357224090;1751357224095;true
1;0;500;0;1751357224090;1751357224096;true
0;0;659;164417;1751357224092;1751357224113;false
1;2;501;0;1751357224126;1751357224130;true
1;1;501;0;1751357224126;1751357224131;true
1;0;501;0;1751357224126;1751357224132;true
0;0;660;164880;1751357224127;1751357224159;false
1;1;502;0;1751357224158;1751357224162;true
1;2;502;0;1751357224158;1751357224163;true
1;0;502;0;1751357224158;1751357224164;true
0;0;661;165228;1751357224162;1751357224192;false
1;2;503;0;1751357224191;1751357224195;true
1;1;503;0;1751357224191;1751357224197;true
1;0;503;0;1751357224191;1751357224197;true
0;0;662;165161;1751357224197;1751357224223;false
1;2;504;0;1751357224222;1751357224226;true
1;1;504;0;1751357224222;1751357224226;true
1;0;504;0;1751357224222;1751357224228;true
0;0;663;165748;1751357224228;1751357224256;false
1;2;505;0;1751357224256;1751357224260;true
1;1;505;0;1751357224256;1751357224262;true
1;0;505;0;1751357224256;1751357224262;true
0;0;664;166074;1751357224259;1751357224288;false
1;2;506;0;1751357224288;1751357224291;true
1;1;506;0;1751357224288;1751357224291;true
1;0;506;0;1751357224288;1751357224294;true
0;0;665;165434;1751357224288;1751357224304;false
1;2;507;0;1751357224320;1751357224321;true
1;1;507;0;1751357224320;1751357224322;true
1;0;507;0;1751357224320;1751357224325;true
0;0;666;166773;1751357224322;1751357224337;false
1;2;508;0;1751357224357;1751357224360;true
1;1;508;0;1751357224357;1751357224360;true
1;0;508;0;1751357224357;1751357224361;true
0;0;667;166160;1751357224373;1751357224376;false
1;2;509;0;1751357224390;1751357224393;true
1;1;509;0;1751357224390;1751357224393;true
0;0;668;154871;1751357224393;1751357224395;false
1;0;509;0;1751357224390;1751357224395;true
1;2;510;0;1751357224421;1751357224421;true
1;1;510;0;1751357224421;1751357224424;true
1;0;510;0;1751357224421;1751357224426;true
0;0;669;166750;1751357224424;1751357224438;false
1;2;511;0;1751357224452;1751357224453;true
1;1;511;0;1751357224452;1751357224458;true
1;0;511;0;1751357224452;1751357224458;true
0;0;670;165992;1751357224457;1751357224459;false
1;2;512;0;1751357224484;1751357224486;true
1;1;512;0;1751357224484;1751357224488;true
1;0;512;0;1751357224484;1751357224490;true
0;0;671;166097;1751357224487;1751357224490;false
1;2;513;0;1751357224523;1751357224527;true
1;1;513;0;1751357224523;1751357224528;true
0;0;672;166073;1751357224527;1751357224530;false
1;0;513;0;1751357224523;1751357224530;true
1;2;514;0;1751357224556;1751357224558;true
1;1;514;0;1751357224556;1751357224559;true
1;0;514;0;1751357224556;1751357224561;true
0;0;673;166213;1751357224547;1751357224573;false
1;2;515;0;1751357224587;1751357224589;true
1;1;515;0;1751357224587;1751357224591;true
1;0;515;0;1751357224587;1751357224592;true
0;0;674;165419;1751357224592;1751357224594;false
1;2;516;0;1751357224623;1751357224625;true
1;1;516;0;1751357224623;1751357224627;true
1;0;516;0;1751357224623;1751357224628;true
0;0;675;166384;1751357224627;1751357224629;false
1;2;517;0;1751357224654;1751357224657;true
0;0;676;165368;1751357224654;1751357224658;false
1;1;517;0;1751357224654;1751357224658;true
1;0;517;0;1751357224654;1751357224659;true
1;1;518;0;1751357224686;1751357224688;true
1;2;518;0;1751357224686;1751357224690;true
1;0;518;0;1751357224686;1751357224691;true
0;0;677;164382;1751357224687;1751357224722;false
1;2;519;0;1751357224721;1751357224723;true
1;1;519;0;1751357224721;1751357224726;true
1;0;519;0;1751357224721;1751357224726;true
0;0;678;164735;1751357224737;1751357224751;false
1;2;520;0;1751357224750;1751357224753;true
1;1;520;0;1751357224750;1751357224753;true
1;0;520;0;1751357224750;1751357224755;true
0;0;679;163643;1751357224751;1751357224771;false
1;2;521;0;1751357224786;1751357224789;true
1;1;521;0;1751357224786;1751357224789;true
1;0;521;0;1751357224786;1751357224790;true
0;0;680;162505;1751357224801;1751357224803;false
1;1;522;0;1751357224817;1751357224820;true
1;2;522;0;1751357224817;1751357224820;true
1;0;522;0;1751357224818;1751357224822;true
0;0;681;164434;1751357224822;1751357224823;false
1;1;523;0;1751357224849;1751357224852;true
1;2;523;0;1751357224849;1751357224853;true
1;0;523;0;1751357224849;1751357224854;true
0;0;682;163415;1751357224852;1751357224855;false
1;2;524;0;1751357224886;1751357224889;true
1;1;524;0;1751357224886;1751357224890;true
1;0;524;0;1751357224886;1751357224890;true
0;0;683;164707;1751357224901;1751357224903;false
1;2;525;0;1751357224920;1751357224924;true
1;1;525;0;1751357224920;1751357224924;true
1;0;525;0;1751357224920;1751357224925;true
0;0;684;164804;1751357224922;1751357224938;false
1;2;526;0;1751357224953;1751357224957;true
1;1;526;0;1751357224953;1751357224958;true
1;0;526;0;1751357224953;1751357224958;true
0;0;685;163920;1751357224957;1751357224959;false
1;2;527;0;1751357224984;1751357224989;true
1;0;527;0;1751357224984;1751357224989;true
1;1;527;0;1751357224984;1751357224989;true
0;0;686;164338;1751357224987;1751357225017;false
1;2;528;0;1751357225016;1751357225018;true
1;1;528;0;1751357225016;1751357225021;true
1;0;528;0;1751357225016;1751357225021;true
0;0;687;165054;1751357225017;1751357225034;false
1;2;529;0;1751357225047;1751357225049;true
1;1;529;0;1751357225047;1751357225051;true
1;0;529;0;1751357225047;1751357225052;true
0;0;688;165291;1751357225052;1751357225055;false
1;2;530;0;1751357225086;1751357225090;true
1;0;530;0;1751357225086;1751357225091;true
1;1;530;0;1751357225086;1751357225092;true
0;0;689;165724;1751357225101;1751357225104;false
1;2;531;0;1751357225117;1751357225120;true
1;1;531;0;1751357225117;1751357225122;true
1;0;531;0;1751357225117;1751357225122;true
0;0;690;165400;1751357225122;1751357225124;false
1;2;532;0;1751357225150;1751357225151;true
1;1;532;0;1751357225150;1751357225153;true
1;0;532;0;1751357225150;1751357225155;true
0;0;691;166293;1751357225153;1751357225156;false
1;0;533;0;1751357225181;1751357225185;true
1;1;533;0;1751357225181;1751357225185;true
1;2;533;0;1751357225181;1751357225185;true
0;0;692;165122;1751357225182;1751357225213;false
1;1;534;0;1751357225213;1751357225216;true
1;2;534;0;1751357225213;1751357225217;true
1;0;534;0;1751357225213;1751357225218;true
0;0;693;165605;1751357225217;1751357225236;false
1;2;535;0;1751357225251;1751357225252;true
1;1;535;0;1751357225251;1751357225254;true
1;0;535;0;1751357225251;1751357225255;true
0;0;694;163375;1751357225236;1751357225267;false
1;1;536;0;1751357225284;1751357225286;true
1;2;536;0;1751357225284;1751357225289;true
1;0;536;0;1751357225284;1751357225289;true
0;0;695;163643;1751357225287;1751357225317;false
1;2;537;0;1751357225316;1751357225318;true
1;0;537;0;1751357225316;1751357225321;true
1;1;537;0;1751357225316;1751357225321;true
0;0;696;161997;1751357225317;1751357225347;false
1;2;538;0;1751357225347;1751357225351;true
1;1;538;0;1751357225347;1751357225351;true
1;0;538;0;1751357225347;1751357225352;true
0;0;697;163123;1751357225347;1751357225381;false
1;2;539;0;1751357225379;1751357225383;true
1;1;539;0;1751357225379;1751357225383;true
1;0;539;0;1751357225379;1751357225385;true
0;0;698;163115;1751357225383;1751357225411;false
1;1;540;0;1751357225411;1751357225414;true
1;2;540;0;1751357225411;1751357225415;true
1;0;540;0;1751357225411;1751357225415;true
0;0;699;163495;1751357225411;1751357225434;false
0;0;700;164048;1751357225434;1751357225451;false
1;2;541;0;1751357225450;1751357225451;true
1;1;541;0;1751357225450;1751357225454;true
1;0;541;0;1751357225450;1751357225455;true
1;2;542;0;1751357225473;1751357225475;true
0;0;701;164335;1751357225473;1751357225476;false
1;1;542;0;1751357225473;1751357225476;true
1;0;542;0;1751357225473;1751357225476;true
0;0;702;163582;1751357225502;1751357225517;false
1;2;543;0;1751357225515;1751357225518;true
1;1;543;0;1751357225515;1751357225519;true
1;0;543;0;1751357225515;1751357225520;true
0;0;703;162597;1751357225537;1751357225539;false
1;2;544;0;1751357225539;1751357225540;true
1;1;544;0;1751357225539;1751357225541;true
1;0;544;0;1751357225539;1751357225542;true
1;2;545;0;1751357225581;1751357225584;true
1;1;545;0;1751357225581;1751357225585;true
1;0;545;0;1751357225581;1751357225585;true
0;0;704;164725;1751357225582;1751357225597;false
1;2;546;0;1751357225611;1751357225612;true
1;1;546;0;1751357225611;1751357225614;true
1;0;546;0;1751357225611;1751357225615;true
0;0;705;164723;1751357225632;1751357225635;false
0;0;706;153102;1751357225635;1751357225651;false
1;2;547;0;1751357225648;1751357225651;true
1;1;547;0;1751357225648;1751357225652;true
1;0;547;0;1751357225648;1751357225652;true
0;0;707;165161;1751357225667;1751357225680;false
1;2;548;0;1751357225679;1751357225681;true
1;1;548;0;1751357225679;1751357225682;true
1;0;548;0;1751357225679;1751357225684;true
1;2;549;0;1751357225710;1751357225713;true
1;1;549;0;1751357225710;1751357225714;true
1;0;549;0;1751357225710;1751357225716;true
0;0;708;165841;1751357225712;1751357225729;false
1;2;550;0;1751357225743;1751357225744;true
1;1;550;0;1751357225743;1751357225746;true
1;0;550;0;1751357225743;1751357225747;true
0;0;709;166575;1751357225747;1751357225749;false
1;1;551;0;1751357225781;1751357225784;true
1;2;551;0;1751357225781;1751357225784;true
1;0;551;0;1751357225781;1751357225785;true
0;0;710;165215;1751357225767;1751357225799;false
0;0;711;165693;1751357225799;1751357225816;false
1;2;552;0;1751357225814;1751357225818;true
1;1;552;0;1751357225814;1751357225818;true
1;0;552;0;1751357225814;1751357225819;true
1;2;553;0;1751357225846;1751357225849;true
1;1;553;0;1751357225846;1751357225850;true
1;0;553;0;1751357225846;1751357225850;true
0;0;712;165415;1751357225832;1751357225862;false
1;1;554;0;1751357225879;1751357225881;true
1;2;554;0;1751357225878;1751357225882;true
0;0;713;166021;1751357225878;1751357225882;false
1;0;554;0;1751357225878;1751357225883;true
1;2;555;0;1751357225909;1751357225912;true
1;1;555;0;1751357225909;1751357225915;true
1;0;555;0;1751357225909;1751357225915;true
0;0;714;165209;1751357225912;1751357225925;false
1;2;556;0;1751357225947;1751357225949;true
1;1;556;0;1751357225947;1751357225949;true
1;0;556;0;1751357225947;1751357225950;true
0;0;715;164670;1751357225932;1751357225963;false
1;2;557;0;1751357225979;1751357225981;true
0;0;716;163787;1751357225963;1751357225982;false
1;0;557;0;1751357225979;1751357225985;true
1;1;557;0;1751357225979;1751357225985;true
1;2;558;0;1751357226011;1751357226013;true
1;1;558;0;1751357226011;1751357226015;true
1;0;558;0;1751357226011;1751357226016;true
0;0;717;164888;1751357225997;1751357226028;false
1;2;559;0;1751357226043;1751357226045;true
1;1;559;0;1751357226043;1751357226046;true
1;0;559;0;1751357226043;1751357226046;true
0;0;718;163717;1751357226043;1751357226058;false
1;2;560;0;1751357226075;1751357226077;true
1;1;560;0;1751357226075;1751357226078;true
1;0;560;0;1751357226075;1751357226080;true
0;0;719;163191;1751357226077;1751357226092;false
1;1;561;0;1751357226106;1751357226109;true
1;2;561;0;1751357226105;1751357226110;true
1;0;561;0;1751357226106;1751357226110;true
0;0;720;164200;1751357226107;1751357226130;false
0;0;721;163946;1751357226130;1751357226147;false
1;1;562;0;1751357226144;1751357226148;true
1;2;562;0;1751357226144;1751357226149;true
1;0;562;0;1751357226144;1751357226149;true
1;2;563;0;1751357226178;1751357226180;true
1;1;563;0;1751357226178;1751357226181;true
0;0;722;164149;1751357226178;1751357226181;false
1;0;563;0;1751357226178;1751357226182;true
1;2;564;0;1751357226209;1751357226212;true
0;0;723;163787;1751357226197;1751357226212;false
1;0;564;0;1751357226209;1751357226214;true
1;1;564;0;1751357226209;1751357226214;true
1;2;565;0;1751357226241;1751357226243;true
1;1;565;0;1751357226241;1751357226246;true
1;0;565;0;1751357226241;1751357226246;true
0;0;724;164341;1751357226227;1751357226257;false
1;2;566;0;1751357226272;1751357226274;true
1;1;566;0;1751357226272;1751357226275;true
1;0;566;0;1751357226272;1751357226277;true
0;0;725;164841;1751357226277;1751357226279;false
1;2;567;0;1751357226299;1751357226301;true
1;1;567;0;1751357226299;1751357226302;true
1;0;567;0;1751357226299;1751357226303;true
0;0;726;164359;1751357226297;1751357226312;false
1;2;568;0;1751357226344;1751357226347;true
1;1;568;0;1751357226344;1751357226347;true
0;0;727;165449;1751357226344;1751357226347;false
1;0;568;0;1751357226344;1751357226348;true
0;0;728;163992;1751357226363;1751357226379;false
1;2;569;0;1751357226376;1751357226380;true
1;1;569;0;1751357226376;1751357226380;true
1;0;569;0;1751357226376;1751357226380;true
1;2;570;0;1751357226408;1751357226410;true
0;0;729;165440;1751357226408;1751357226410;false
1;1;570;0;1751357226408;1751357226411;true
1;0;570;0;1751357226408;1751357226412;true
0;0;730;165655;1751357226427;1751357226429;false
1;2;571;0;1751357226439;1751357226441;true
1;1;571;0;1751357226439;1751357226442;true
1;0;571;0;1751357226439;1751357226443;true
1;2;572;0;1751357226477;1751357226479;true
0;0;731;164518;1751357226462;1751357226480;false
1;1;572;0;1751357226477;1751357226480;true
1;0;572;0;1751357226477;1751357226481;true
0;2;732;49465;1751357226502;1751357226503;false
1;2;573;0;1751357226502;1751357226504;true
0;0;732;166367;1751357226502;1751357226506;false
1;1;573;0;1751357226502;1751357226506;true
1;0;573;0;1751357226502;1751357226507;true
1;1;574;0;1751357226536;1751357226539;true
1;2;574;0;1751357226536;1751357226540;true
1;0;574;0;1751357226536;1751357226540;true
0;2;733;49505;1751357226537;1751357226545;false
0;0;733;165409;1751357226537;1751357226563;false
1;2;575;0;1751357226562;1751357226563;true
1;1;575;0;1751357226562;1751357226566;true
1;0;575;0;1751357226562;1751357226566;true
0;2;734;49334;1751357226562;1751357226578;false
0;0;734;165009;1751357226563;1751357226594;false
1;2;576;0;1751357226596;1751357226599;true
1;1;576;0;1751357226596;1751357226600;true
1;0;576;0;1751357226596;1751357226600;true
0;2;735;49348;1751357226594;1751357226610;false
0;0;735;165143;1751357226594;1751357226626;false
0;2;736;48943;1751357226626;1751357226627;false
1;2;577;0;1751357226641;1751357226643;true
0;0;736;164531;1751357226627;1751357226644;false
1;1;577;0;1751357226641;1751357226644;true
1;0;577;0;1751357226641;1751357226645;true
0;2;737;48946;1751357226662;1751357226663;false
1;2;578;0;1751357226662;1751357226664;true
1;1;578;0;1751357226662;1751357226665;true
1;0;578;0;1751357226662;1751357226665;true
0;0;737;164490;1751357226662;1751357226670;false
0;2;738;48856;1751357226697;1751357226698;false
1;2;579;0;1751357226696;1751357226699;true
1;1;579;0;1751357226696;1751357226699;true
0;0;738;163365;1751357226697;1751357226700;false
1;0;579;0;1751357226696;1751357226700;true
0;2;739;49552;1751357226727;1751357226728;false
1;2;580;0;1751357226727;1751357226730;true
0;0;739;164534;1751357226727;1751357226730;false
1;1;580;0;1751357226727;1751357226730;true
1;0;580;0;1751357226727;1751357226731;true
0;2;740;49273;1751357226757;1751357226758;false
0;0;740;164776;1751357226757;1751357226772;false
1;1;581;0;1751357226771;1751357226774;true
1;2;581;0;1751357226771;1751357226775;true
1;0;581;0;1751357226771;1751357226775;true
0;2;741;49484;1751357226803;1751357226804;false
1;2;582;0;1751357226803;1751357226805;true
0;0;741;165456;1751357226803;1751357226806;false
1;1;582;0;1751357226803;1751357226806;true
1;0;582;0;1751357226803;1751357226807;true
0;2;742;48764;1751357226822;1751357226823;false
0;0;742;163085;1751357226822;1751357226834;false
1;2;583;0;1751357226833;1751357226835;true
1;1;583;0;1751357226833;1751357226837;true
1;0;583;0;1751357226833;1751357226837;true
1;2;584;0;1751357226873;1751357226875;true
0;2;743;49748;1751357226873;1751357226875;false
1;1;584;0;1751357226873;1751357226876;true
0;0;743;164721;1751357226873;1751357226877;false
1;0;584;0;1751357226873;1751357226877;true
0;2;744;49743;1751357226892;1751357226893;false
1;2;585;0;1751357226892;1751357226894;true
1;1;585;0;1751357226892;1751357226895;true
1;0;585;0;1751357226892;1751357226896;true
0;0;744;165422;1751357226892;1751357226904;false
0;2;745;50267;1751357226922;1751357226923;false
1;2;586;0;1751357226936;1751357226938;true
0;0;745;166844;1751357226922;1751357226939;false
1;1;586;0;1751357226936;1751357226940;true
1;0;586;0;1751357226936;1751357226940;true
0;2;746;49535;1751357226952;1751357226968;false
1;2;587;0;1751357226967;1751357226968;true
1;1;587;0;1751357226967;1751357226970;true
1;0;587;0;1751357226967;1751357226971;true
0;0;746;165476;1751357226952;1751357226984;false
1;2;588;0;1751357226999;1751357227000;true
1;1;588;0;1751357226999;1751357227001;true
1;0;588;0;1751357226999;1751357227002;true
0;2;747;49877;1751357227002;1751357227003;false
0;0;747;165737;1751357227002;1751357227008;false
0;2;748;49281;1751357227027;1751357227027;false
1;2;589;0;1751357227027;1751357227027;true
1;1;589;0;1751357227027;1751357227030;true
1;0;589;0;1751357227027;1751357227030;true
0;0;748;165379;1751357227027;1751357227040;false
0;2;749;49509;1751357227057;1751357227058;false
1;2;590;0;1751357227057;1751357227059;true
1;1;590;0;1751357227057;1751357227060;true
1;0;590;0;1751357227057;1751357227060;true
0;0;749;165909;1751357227057;1751357227073;false
0;2;750;49366;1751357227102;1751357227104;false
1;2;591;0;1751357227102;1751357227105;true
0;0;750;165303;1751357227102;1751357227105;false
1;1;591;0;1751357227102;1751357227105;true
1;0;591;0;1751357227102;1751357227105;true
0;2;751;48987;1751357227133;1751357227134;false
1;2;592;0;1751357227133;1751357227134;true
0;0;751;163938;1751357227133;1751357227136;false
1;1;592;0;1751357227133;1751357227136;true
1;0;592;0;1751357227133;1751357227136;true
0;2;752;49285;1751357227152;1751357227153;false
0;0;752;164944;1751357227152;1751357227157;false
1;2;593;0;1751357227157;1751357227158;true
1;1;593;0;1751357227157;1751357227159;true
1;0;593;0;1751357227157;1751357227160;true
0;2;753;48903;1751357227203;1751357227203;false
1;2;594;0;1751357227203;1751357227207;true
0;0;753;164954;1751357227203;1751357227207;false
1;1;594;0;1751357227203;1751357227207;true
1;0;594;0;1751357227203;1751357227208;true
1;2;595;0;1751357227237;1751357227238;true
0;2;754;49050;1751357227237;1751357227238;false
1;1;595;0;1751357227237;1751357227241;true
0;0;754;164548;1751357227237;1751357227241;false
1;0;595;0;1751357227237;1751357227242;true
0;2;755;49288;1751357227257;1751357227258;false
1;2;596;0;1751357227257;1751357227259;true
1;1;596;0;1751357227257;1751357227260;true
1;0;596;0;1751357227257;1751357227261;true
0;0;755;164630;1751357227257;1751357227268;false
0;2;756;49253;1751357227287;1751357227288;false
1;2;597;0;1751357227288;1751357227290;true
1;1;597;0;1751357227288;1751357227291;true
1;0;597;0;1751357227288;1751357227292;true
0;0;756;163950;1751357227287;1751357227292;false
0;2;757;49202;1751357227317;1751357227318;false
0;0;757;164643;1751357227317;1751357227333;false
1;2;598;0;1751357227332;1751357227334;true
1;1;598;0;1751357227332;1751357227335;true
1;0;598;0;1751357227332;1751357227336;true
0;2;758;49394;1751357227356;1751357227357;false
1;2;599;0;1751357227355;1751357227357;true
0;0;758;165614;1751357227356;1751357227358;false
1;1;599;0;1751357227356;1751357227358;true
1;0;599;0;1751357227355;1751357227360;true
0;2;759;48857;1751357227392;1751357227393;false
0;0;759;164506;1751357227392;1751357227395;false
1;2;600;0;1751357227392;1751357227395;true
1;1;600;0;1751357227392;1751357227396;true
1;0;600;0;1751357227392;1751357227396;true
0;2;760;49397;1751357227422;1751357227424;false
1;2;601;0;1751357227422;1751357227424;true
0;0;760;165723;1751357227422;1751357227425;false
1;1;601;0;1751357227422;1751357227425;true
1;0;601;0;1751357227422;1751357227426;true
1;1;602;0;1751357227455;1751357227457;true
1;2;602;0;1751357227455;1751357227458;true
0;2;761;48998;1751357227457;1751357227459;false
1;0;602;0;1751357227455;1751357227460;true
0;0;761;163931;1751357227457;1751357227473;false
1;2;603;0;1751357227487;1751357227489;true
1;0;603;0;1751357227487;1751357227491;true
1;1;603;0;1751357227487;1751357227492;true
0;1;762;76807;1751357227492;1751357227494;false
0;0;762;164241;1751357227492;1751357227503;false
1;2;604;0;1751357227533;1751357227536;true
0;1;763;77181;1751357227533;1751357227536;false
0;0;763;164796;1751357227533;1751357227537;false
1;1;604;0;1751357227533;1751357227537;true
1;0;604;0;1751357227533;1751357227538;true
1;1;605;0;1751357227554;1751357227557;true
1;2;605;0;1751357227554;1751357227557;true
1;0;605;0;1751357227554;1751357227558;true
0;1;764;76933;1751357227557;1751357227559;false
0;0;764;163960;1751357227557;1751357227559;false
1;2;606;0;1751357227586;1751357227588;true
1;1;606;0;1751357227586;1751357227591;true
1;0;606;0;1751357227586;1751357227591;true
0;0;765;163943;1751357227587;1751357227604;false
0;1;765;76362;1751357227588;1751357227619;false
1;2;607;0;1751357227618;1751357227621;true
1;0;607;0;1751357227618;1751357227623;true
1;1;607;0;1751357227618;1751357227623;true
0;1;766;77634;1751357227619;1751357227638;false
0;0;766;164214;1751357227619;1751357227653;false
1;2;608;0;1751357227653;1751357227655;true
1;1;608;0;1751357227653;1751357227657;true
1;0;608;0;1751357227653;1751357227658;true
0;1;767;76798;1751357227657;1751357227670;false
0;0;767;164625;1751357227657;1751357227686;false
1;2;609;0;1751357227684;1751357227688;true
1;1;609;0;1751357227684;1751357227688;true
1;0;609;0;1751357227684;1751357227689;true
0;0;768;164927;1751357227686;1751357227701;false
0;1;768;76917;1751357227686;1751357227716;false
1;2;610;0;1751357227717;1751357227720;true
1;1;610;0;1751357227717;1751357227721;true
1;0;610;0;1751357227717;1751357227721;true
0;1;769;76801;1751357227716;1751357227732;false
0;0;769;164592;1751357227716;1751357227752;false
1;2;611;0;1751357227751;1751357227753;true
1;1;611;0;1751357227751;1751357227756;true
1;0;611;0;1751357227751;1751357227757;true
0;1;770;77575;1751357227757;1751357227769;false
1;2;612;0;1751357227783;1751357227784;true
0;0;770;166198;1751357227757;1751357227785;false
1;1;612;0;1751357227783;1751357227786;true
1;0;612;0;1751357227783;1751357227787;true
0;1;771;77233;1751357227784;1751357227799;false
0;0;771;163965;1751357227785;1751357227814;false
1;2;613;0;1751357227817;1751357227819;true
1;1;613;0;1751357227817;1751357227820;true
1;0;613;0;1751357227817;1751357227821;true
0;1;772;76742;1751357227814;1751357227846;false
0;0;772;163821;1751357227817;1751357227847;false
0;1;773;76818;1751357227847;1751357227860;false
0;0;773;163725;1751357227847;1751357227863;false
1;2;614;0;1751357227860;1751357227863;true
1;1;614;0;1751357227860;1751357227864;true
1;0;614;0;1751357227860;1751357227865;true
1;1;615;0;1751357227884;1751357227887;true
1;2;615;0;1751357227884;1751357227888;true
1;0;615;0;1751357227884;1751357227889;true
0;1;774;76545;1751357227887;1751357227889;false
0;0;774;164318;1751357227887;1751357227891;false
1;2;616;0;1751357227915;1751357227917;true
1;1;616;0;1751357227915;1751357227918;true
0;1;775;77332;1751357227917;1751357227919;false
1;0;616;0;1751357227915;1751357227920;true
0;0;775;165076;1751357227917;1751357227934;false
1;2;617;0;1751357227948;1751357227950;true
1;1;617;0;1751357227948;1751357227951;true
1;0;617;0;1751357227948;1751357227952;true
0;1;776;76880;1751357227952;1751357227955;false
0;0;776;164482;1751357227952;1751357227965;false
1;2;618;0;1751357227982;1751357227985;true
1;1;618;0;1751357227982;1751357227985;true
1;0;618;0;1751357227982;1751357227986;true
0;1;777;76348;1751357227982;1751357227996;false
0;0;777;152864;1751357227982;1751357227996;false
1;2;619;0;1751357228027;1751357228029;true
1;1;619;0;1751357228027;1751357228030;true
1;0;619;0;1751357228027;1751357228031;true
0;1;778;76754;1751357228012;1751357228042;false
0;0;778;163948;1751357228012;1751357228048;false
0;1;779;77369;1751357228048;1751357228050;false
1;2;620;0;1751357228048;1751357228051;true
1;1;620;0;1751357228048;1751357228053;true
1;0;620;0;1751357228048;1751357228053;true
0;0;779;165243;1751357228048;1751357228058;false
1;2;621;0;1751357228083;1751357228085;true
1;1;621;0;1751357228083;1751357228087;true
1;0;621;0;1751357228083;1751357228088;true
0;0;780;163937;1751357228087;1751357228090;false
0;1;780;76932;1751357228087;1751357228090;false
1;2;622;0;1751357228115;1751357228116;true
1;1;622;0;1751357228115;1751357228119;true
0;1;781;76473;1751357228117;1751357228119;false
1;0;622;0;1751357228115;1751357228120;true
0;0;781;163897;1751357228117;1751357228121;false
1;2;623;0;1751357228147;1751357228149;true
1;1;623;0;1751357228147;1751357228151;true
1;0;623;0;1751357228147;1751357228151;true
0;1;782;77937;1751357228163;1751357228164;false
0;0;782;166285;1751357228163;1751357228166;false
0;1;783;77836;1751357228193;1751357228195;false
1;2;624;0;1751357228193;1751357228196;true
0;0;783;166182;1751357228193;1751357228197;false
1;1;624;0;1751357228193;1751357228197;true
1;0;624;0;1751357228193;1751357228197;true
1;2;625;0;1751357228212;1751357228215;true
0;1;784;77245;1751357228212;1751357228215;false
1;1;625;0;1751357228212;1751357228215;true
1;0;625;0;1751357228212;1751357228216;true
0;0;784;165769;1751357228212;1751357228233;false
1;2;626;0;1751357228248;1751357228250;true
1;1;626;0;1751357228248;1751357228252;true
1;0;626;0;1751357228248;1751357228253;true
0;1;785;76318;1751357228252;1751357228253;false
0;0;785;163155;1751357228252;1751357228263;false
1;2;627;0;1751357228281;1751357228283;true
1;1;627;0;1751357228281;1751357228286;true
1;0;627;0;1751357228281;1751357228286;true
0;1;786;76975;1751357228282;1751357228313;false
0;0;786;164071;1751357228297;1751357228315;false
1;2;628;0;1751357228312;1751357228317;true
1;1;628;0;1751357228313;1751357228317;true
1;0;628;0;1751357228312;1751357228318;true
0;1;787;77417;1751357228314;1751357228329;false
0;0;787;164463;1751357228315;1751357228329;false
1;2;629;0;1751357228344;1751357228348;true
1;1;629;0;1751357228344;1751357228348;true
0;1;788;76204;1751357228347;1751357228350;false
1;0;629;0;1751357228344;1751357228350;true
0;0;788;162652;1751357228347;1751357228360;false
1;2;630;0;1751357228377;1751357228380;true
1;1;630;0;1751357228377;1751357228380;true
1;0;630;0;1751357228377;1751357228381;true
0;1;789;76588;1751357228377;1751357228394;false
0;0;789;163272;1751357228377;1751357228399;false
1;1;631;0;1751357228414;1751357228416;true
1;2;631;0;1751357228414;1751357228417;true
1;0;631;0;1751357228414;1751357228418;true
0;1;790;76877;1751357228417;1751357228419;false
0;0;790;164443;1751357228417;1751357228432;false
1;2;632;0;1751357228447;1751357228450;true
1;1;632;0;1751357228447;1751357228451;true
1;0;632;0;1751357228447;1751357228452;true
0;1;791;76862;1751357228452;1751357228452;false
0;0;791;163734;1751357228452;1751357228452;false
1;2;633;0;1751357228478;1751357228481;true
1;0;633;0;1751357228478;1751357228483;true
1;1;633;0;1751357228478;1751357228483;true
0;1;792;76481;1751357228482;1751357228484;false
0;0;792;164299;1751357228482;1751357228485;false
1;2;634;0;1751357228515;1751357228518;true
1;1;634;0;1751357228515;1751357228519;true
0;1;793;75995;1751357228517;1751357228519;false
1;0;634;0;1751357228515;1751357228520;true
0;0;793;163563;1751357228517;1751357228520;false
1;2;635;0;1751357228547;1751357228549;true
1;1;635;0;1751357228547;1751357228550;true
1;0;635;0;1751357228547;1751357228552;true
0;0;794;164625;1751357228552;1751357228555;false
0;1;794;76870;1751357228552;1751357228555;false
1;2;636;0;1751357228579;1751357228581;true
1;1;636;0;1751357228579;1751357228582;true
1;0;636;0;1751357228579;1751357228584;true
0;1;795;76801;1751357228582;1751357228584;false
0;0;795;164426;1751357228582;1751357228586;false
1;1;637;0;1751357228613;1751357228617;true
1;2;637;0;1751357228613;1751357228617;true
1;0;637;0;1751357228613;1751357228619;true
0;1;796;77195;1751357228617;1751357228619;false
0;0;796;164210;1751357228617;1751357228620;false
1;1;638;0;1751357228641;1751357228643;true
1;2;638;0;1751357228641;1751357228644;true
1;0;638;0;1751357228641;1751357228646;true
0;1;797;76485;1751357228642;1751357228662;false
0;0;797;164960;1751357228642;1751357228663;false
1;2;639;0;1751357228675;1751357228678;true
1;1;639;0;1751357228675;1751357228681;true
1;0;639;0;1751357228675;1751357228681;true
0;1;798;77073;1751357228677;1751357228692;false
1;2;640;0;1751357228707;1751357228708;true
0;0;798;164092;1751357228677;1751357228709;false
1;1;640;0;1751357228707;1751357228711;true
1;0;640;0;1751357228707;1751357228711;true
0;1;799;72550;1751357228708;1751357228724;false
0;0;799;153293;1751357228709;1751357228725;false
1;2;641;0;1751357228746;1751357228748;true
0;1;800;77950;1751357228747;1751357228749;false
1;1;641;0;1751357228746;1751357228750;true
1;0;641;0;1751357228746;1751357228750;true
0;0;800;166109;1751357228747;1751357228763;false
1;2;642;0;1751357228776;1751357228778;true
1;1;642;0;1751357228776;1751357228780;true
1;0;642;0;1751357228776;1751357228781;true
0;1;801;76931;1751357228792;1751357228795;false
0;0;801;165533;1751357228792;1751357228795;false
1;2;643;0;1751357228813;1751357228814;true
1;1;643;0;1751357228814;1751357228817;true
1;0;643;0;1751357228813;1751357228818;true
0;1;802;77443;1751357228817;1751357228819;false
0;0;802;165220;1751357228817;1751357228820;false
1;2;644;0;1751357228845;1751357228849;true
1;1;644;0;1751357228845;1751357228850;true
0;1;803;77177;1751357228847;1751357228850;false
1;0;644;0;1751357228845;1751357228850;true
0;0;803;164434;1751357228847;1751357228851;false
1;2;645;0;1751357228876;1751357228878;true
1;1;645;0;1751357228876;1751357228879;true
1;0;645;0;1751357228876;1751357228880;true
0;1;804;76932;1751357228877;1751357228894;false
0;0;804;164976;1751357228877;1751357228912;false
1;1;646;0;1751357228911;1751357228915;true
1;2;646;0;1751357228911;1751357228916;true
1;0;646;0;1751357228911;1751357228916;true
0;1;805;72639;1751357228912;1751357228929;false
0;0;805;154745;1751357228912;1751357228930;false
1;1;647;0;1751357228944;1751357228947;true
1;2;647;0;1751357228944;1751357228948;true
0;1;806;77369;1751357228947;1751357228949;false
1;0;647;0;1751357228944;1751357228949;true
0;0;806;164983;1751357228947;1751357228961;false
1;2;648;0;1751357228977;1751357228979;true
1;1;648;0;1751357228977;1751357228980;true
1;0;648;0;1751357228977;1751357228982;true
0;1;807;77149;1751357228982;1751357228983;false
0;0;807;165313;1751357228982;1751357228984;false
1;1;649;0;1751357229007;1751357229011;true
1;2;649;0;1751357229007;1751357229012;true
1;0;649;0;1751357229007;1751357229013;true
0;0;808;163070;1751357229012;1751357229014;false
0;1;808;76417;1751357229012;1751357229014;false
1;2;650;0;1751357229039;1751357229042;true
0;1;809;76736;1751357229042;1751357229044;false
1;1;650;0;1751357229039;1751357229044;true
1;0;650;0;1751357229039;1751357229044;true
0;0;809;164356;1751357229042;1751357229044;false
1;2;651;0;1751357229071;1751357229072;true
1;1;651;0;1751357229071;1751357229074;true
1;0;651;0;1751357229071;1751357229075;true
0;1;810;76316;1751357229072;1751357229088;false
0;0;810;162609;1751357229072;1751357229088;false
0;1;811;77129;1751357229111;1751357229113;false
1;2;652;0;1751357229111;1751357229113;true
0;0;811;163778;1751357229111;1751357229114;false
1;1;652;0;1751357229111;1751357229116;true
1;0;652;0;1751357229111;1751357229116;true
1;2;653;0;1751357229142;1751357229146;true
1;1;653;0;1751357229142;1751357229147;true
1;0;653;0;1751357229142;1751357229148;true
0;1;812;76620;1751357229147;1751357229149;false
0;0;812;163157;1751357229147;1751357229149;false
1;2;654;0;1751357229174;1751357229176;true
1;1;654;0;1751357229175;1751357229178;true
0;1;813;71832;1751357229177;1751357229179;false
1;0;654;0;1751357229174;1751357229179;true
0;0;813;151287;1751357229177;1751357229180;false
1;2;655;0;1751357229206;1751357229209;true
1;1;655;0;1751357229206;1751357229209;true
1;0;655;0;1751357229206;1751357229210;true
0;1;814;76336;1751357229207;1751357229238;false
0;0;814;164471;1751357229207;1751357229239;false
1;2;656;0;1751357229238;1751357229241;true
1;1;656;0;1751357229238;1751357229242;true
1;0;656;0;1751357229238;1751357229242;true
0;1;815;76285;1751357229239;1751357229249;false
0;0;815;162478;1751357229239;1751357229260;false
1;1;657;0;1751357229275;1751357229278;true
1;2;657;0;1751357229275;1751357229279;true
0;1;816;76364;1751357229278;1751357229280;false
1;0;657;0;1751357229275;1751357229280;true
0;0;816;163446;1751357229277;1751357229291;false
1;2;658;0;1751357229306;1751357229308;true
1;1;658;0;1751357229306;1751357229308;true
1;0;658;0;1751357229306;1751357229310;true
0;1;817;76532;1751357229324;1751357229326;false
0;0;817;162474;1751357229324;1751357229328;false
1;2;659;0;1751357229339;1751357229342;true
1;1;659;0;1751357229339;1751357229344;true
0;1;818;76669;1751357229342;1751357229345;false
1;0;659;0;1751357229339;1751357229345;true
0;0;818;163430;1751357229342;1751357229356;false
1;2;660;0;1751357229371;1751357229374;true
1;1;660;0;1751357229371;1751357229375;true
1;0;660;0;1751357229371;1751357229376;true
0;1;819;72395;1751357229372;1751357229388;false
0;0;819;153924;1751357229372;1751357229403;false
1;1;661;0;1751357229402;1751357229405;true
1;2;661;0;1751357229402;1751357229406;true
1;0;661;0;1751357229402;1751357229407;true
0;1;820;77487;1751357229407;1751357229419;false
0;0;820;165506;1751357229407;1751357229434;false
1;1;662;0;1751357229433;1751357229436;true
1;2;662;0;1751357229433;1751357229436;true
0;1;821;76859;1751357229434;1751357229437;false
1;0;662;0;1751357229433;1751357229437;true
0;0;821;164416;1751357229434;1751357229451;false
0;1;822;76732;1751357229462;1751357229464;false
0;0;822;165002;1751357229462;1751357229475;false
1;2;663;0;1751357229474;1751357229477;true
1;1;663;0;1751357229474;1751357229478;true
1;0;663;0;1751357229474;1751357229479;true
1;2;664;0;1751357229508;1751357229510;true
1;1;664;0;1751357229508;1751357229513;true
1;0;664;0;1751357229508;1751357229513;true
0;2;823;49605;1751357229512;1751357229514;false
0;1;823;76931;1751357229512;1751357229515;false
0;0;823;165876;1751357229512;1751357229516;false
0;2;824;49016;1751357229532;1751357229533;false
0;1;824;76804;1751357229532;1751357229535;false
1;1;665;0;1751357229532;1751357229535;true
1;2;665;0;1751357229532;1751357229535;true
1;0;665;0;1751357229532;1751357229536;true
0;0;824;164542;1751357229532;1751357229547;false
0;2;825;48618;1751357229578;1751357229579;false
0;1;825;76628;1751357229578;1751357229581;false
1;2;666;0;1751357229578;1751357229581;true
1;1;666;0;1751357229578;1751357229581;true
1;0;666;0;1751357229578;1751357229582;true
0;0;825;163361;1751357229578;1751357229582;false
0;2;826;49366;1751357229597;1751357229599;false
1;2;667;0;1751357229598;1751357229601;true
1;1;667;0;1751357229598;1751357229601;true
0;0;826;165047;1751357229597;1751357229602;false
1;0;667;0;1751357229598;1751357229602;true
0;1;826;76995;1751357229597;1751357229602;false
0;2;827;48888;1751357229627;1751357229629;false
0;1;827;76814;1751357229627;1751357229629;false
0;0;827;164346;1751357229627;1751357229630;false
1;2;668;0;1751357229640;1751357229641;true
1;1;668;0;1751357229640;1751357229642;true
1;0;668;0;1751357229640;1751357229643;true
1;2;669;0;1751357229672;1751357229676;true
1;1;669;0;1751357229672;1751357229676;true
1;0;669;0;1751357229672;1751357229678;true
0;2;828;49196;1751357229677;1751357229679;false
0;1;828;77646;1751357229677;1751357229679;false
0;0;828;164166;1751357229677;1751357229680;false
1;2;670;0;1751357229704;1751357229706;true
0;2;829;49470;1751357229707;1751357229708;false
1;1;670;0;1751357229704;1751357229708;true
1;0;670;0;1751357229704;1751357229709;true
0;1;829;77965;1751357229707;1751357229709;false
0;0;829;165773;1751357229707;1751357229711;false
1;1;671;0;1751357229735;1751357229737;true
1;2;671;0;1751357229735;1751357229739;true
0;1;830;77166;1751357229737;1751357229739;false
0;2;830;49230;1751357229737;1751357229739;false
1;0;671;0;1751357229735;1751357229739;true
0;0;830;164748;1751357229737;1751357229741;false
1;1;672;0;1751357229767;1751357229769;true
1;2;672;0;1751357229767;1751357229771;true
1;0;672;0;1751357229767;1751357229772;true
0;2;831;49371;1751357229772;1751357229774;false
0;1;831;76644;1751357229772;1751357229774;false
0;0;831;163756;1751357229772;1751357229775;false
0;1;832;77069;1751357229792;1751357229794;false
0;0;832;164811;1751357229792;1751357229806;false
0;2;832;49408;1751357229792;1751357229806;false
1;1;673;0;1751357229805;1751357229809;true
1;0;673;0;1751357229806;1751357229810;true
1;2;673;0;1751357229805;1751357229810;true
0;2;833;49405;1751357229838;1751357229840;false
0;1;833;77266;1751357229838;1751357229841;false
1;2;674;0;1751357229838;1751357229842;true
1;1;674;0;1751357229838;1751357229842;true
0;0;833;165056;1751357229839;1751357229843;false
1;0;674;0;1751357229838;1751357229843;true
1;2;675;0;1751357229870;1751357229873;true
0;2;834;49124;1751357229872;1751357229874;false
0;1;834;77543;1751357229872;1751357229874;false
1;1;675;0;1751357229870;1751357229875;true
1;0;675;0;1751357229870;1751357229875;true
0;0;834;166213;1751357229872;1751357229876;false
1;2;676;0;1751357229902;1751357229904;true
1;1;676;0;1751357229902;1751357229905;true
1;0;676;0;1751357229902;1751357229907;true
0;2;835;49172;1751357229918;1751357229920;false
0;1;835;77179;1751357229918;1751357229921;false
0;0;835;164996;1751357229918;1751357229921;false
1;2;677;0;1751357229934;1751357229938;true
1;1;677;0;1751357229934;1751357229938;true
0;2;836;49645;1751357229937;1751357229939;false
0;1;836;76891;1751357229937;1751357229940;false
1;0;677;0;1751357229934;1751357229940;true
0;0;836;164888;1751357229937;1751357229950;false
0;2;837;49509;1751357229957;1751357229972;false
0;1;837;76792;1751357229957;1751357229973;false
1;2;678;0;1751357229971;1751357229974;true
1;1;678;0;1751357229971;1751357229975;true
1;0;678;0;1751357229971;1751357229975;true
0;0;837;165446;1751357229957;1751357229987;false
0;2;838;46054;1751357230004;1751357230005;false
1;2;679;0;1751357230004;1751357230005;true
0;1;838;72346;1751357230004;1751357230006;false
1;1;679;0;1751357230004;1751357230006;true
1;0;679;0;1751357230004;1751357230008;true
0;0;838;153162;1751357230004;1751357230020;false
0;2;839;49396;1751357230022;1751357230037;false
1;2;680;0;1751357230036;1751357230038;true
1;1;680;0;1751357230036;1751357230040;true
1;0;680;0;1751357230036;1751357230040;true
0;1;839;77039;1751357230022;1751357230052;false
0;0;839;164557;1751357230022;1751357230053;false
1;2;681;0;1751357230067;1751357230069;true
1;1;681;0;1751357230067;1751357230070;true
1;0;681;0;1751357230067;1751357230071;true
0;2;840;49561;1751357230072;1751357230073;false
0;1;840;77227;1751357230072;1751357230073;false
0;0;840;165231;1751357230072;1751357230083;false
1;2;682;0;1751357230098;1751357230100;true
1;1;682;0;1751357230098;1751357230102;true
1;0;682;0;1751357230098;1751357230104;true
0;1;841;77337;1751357230102;1751357230104;false
0;2;841;49070;1751357230102;1751357230105;false
0;0;841;165047;1751357230102;1751357230115;false
1;2;683;0;1751357230130;1751357230132;true
1;1;683;0;1751357230130;1751357230133;true
0;2;842;49139;1751357230132;1751357230134;false
0;1;842;77190;1751357230132;1751357230134;false
1;0;683;0;1751357230130;1751357230134;true
0;0;842;165247;1751357230132;1751357230139;false
0;2;843;49438;1751357230157;1751357230158;false
0;1;843;77613;1751357230157;1751357230159;false
1;2;684;0;1751357230159;1751357230161;true
1;1;684;0;1751357230159;1751357230161;true
0;0;843;165255;1751357230157;1751357230162;false
1;0;684;0;1751357230159;1751357230162;true
0;2;844;49321;1751357230202;1751357230203;false
1;2;685;0;1751357230201;1751357230204;true
1;1;685;0;1751357230201;1751357230205;true
0;1;844;76967;1751357230202;1751357230205;false
1;0;685;0;1751357230201;1751357230206;true
0;0;844;164924;1751357230202;1751357230206;false
0;2;845;49217;1751357230222;1751357230223;false
0;1;845;77283;1751357230222;1751357230224;false
0;0;845;164541;1751357230222;1751357230233;false
1;2;686;0;1751357230233;1751357230234;true
1;1;686;0;1751357230233;1751357230236;true
1;0;686;0;1751357230233;1751357230237;true
0;2;846;49058;1751357230267;1751357230268;false
1;2;687;0;1751357230265;1751357230268;true
1;1;687;0;1751357230265;1751357230269;true
0;1;846;77561;1751357230267;1751357230269;false
1;0;687;0;1751357230265;1751357230270;true
0;0;846;165055;1751357230267;1751357230270;false
0;2;847;48831;1751357230297;1751357230298;false
1;2;688;0;1751357230296;1751357230299;true
1;1;688;0;1751357230296;1751357230301;true
1;0;688;0;1751357230296;1751357230301;true
0;0;847;163040;1751357230297;1751357230313;false
0;1;847;76563;1751357230297;1751357230313;false
0;2;848;48859;1751357230322;1751357230336;false
0;1;848;76083;1751357230322;1751357230336;false
0;0;848;162860;1751357230322;1751357230339;false
1;1;689;0;1751357230335;1751357230339;true
1;2;689;0;1751357230335;1751357230339;true
1;0;689;0;1751357230335;1751357230340;true
0;1;849;76293;1751357230352;1751357230356;false
0;2;849;48663;1751357230352;1751357230357;false
0;0;849;163594;1751357230353;1751357230358;false
1;2;690;0;1751357230357;1751357230358;true
1;1;690;0;1751357230357;1751357230360;true
1;0;690;0;1751357230357;1751357230360;true
1;2;691;0;1751357230399;1751357230399;true
1;1;691;0;1751357230399;1751357230402;true
0;1;850;76508;1751357230402;1751357230403;false
1;0;691;0;1751357230399;1751357230403;true
0;2;850;48956;1751357230402;1751357230404;false
0;0;850;163014;1751357230403;1751357230406;false
0;2;851;48732;1751357230432;1751357230434;false
1;2;692;0;1751357230431;1751357230434;true
1;1;692;0;1751357230431;1751357230435;true
0;1;851;76164;1751357230432;1751357230435;false
1;0;692;0;1751357230431;1751357230436;true
0;0;851;162240;1751357230432;1751357230437;false
1;1;693;0;1751357230463;1751357230465;true
1;2;693;0;1751357230463;1751357230467;true
1;0;693;0;1751357230463;1751357230467;true
0;1;852;75957;1751357230467;1751357230468;false
0;2;852;48823;1751357230467;1751357230468;false
0;0;852;162545;1751357230467;1751357230471;false
0;2;853;48481;1751357230504;1751357230506;false
0;1;853;75554;1751357230504;1751357230507;false
1;2;694;0;1751357230504;1751357230507;true
0;0;853;161957;1751357230504;1751357230508;false
1;1;694;0;1751357230504;1751357230508;true
1;0;694;0;1751357230504;1751357230509;true
0;1;854;75544;1751357230522;1751357230523;false
0;2;854;49061;1751357230522;1751357230524;false
1;1;695;0;1751357230522;1751357230524;true
1;2;695;0;1751357230522;1751357230524;true
1;0;695;0;1751357230522;1751357230526;true
0;0;854;162634;1751357230522;1751357230536;false
0;2;855;49021;1751357230552;1751357230569;false
0;1;855;76121;1751357230552;1751357230570;false
1;1;696;0;1751357230568;1751357230571;true
1;2;696;0;1751357230568;1751357230572;true
0;0;855;162998;1751357230552;1751357230572;false
1;0;696;0;1751357230568;1751357230572;true
0;1;856;76819;1751357230587;1751357230588;false
0;2;856;49252;1751357230587;1751357230588;false
1;2;697;0;1751357230588;1751357230589;true
1;1;697;0;1751357230588;1751357230591;true
1;0;697;0;1751357230588;1751357230592;true
0;0;856;163768;1751357230587;1751357230592;false
0;2;857;48702;1751357230617;1751357230618;false
0;1;857;76255;1751357230617;1751357230620;false
0;0;857;163846;1751357230617;1751357230621;false
1;2;698;0;1751357230621;1751357230623;true
1;1;698;0;1751357230621;1751357230624;true
1;0;698;0;1751357230621;1751357230624;true
0;2;858;49333;1751357230652;1751357230654;false
0;1;858;77333;1751357230652;1751357230655;false
0;0;858;164559;1751357230652;1751357230656;false
1;2;699;0;1751357230654;1751357230656;true
1;1;699;0;1751357230654;1751357230657;true
1;0;699;0;1751357230654;1751357230658;true
0;2;859;49633;1751357230682;1751357230697;false
1;2;700;0;1751357230695;1751357230698;true
1;1;700;0;1751357230695;1751357230699;true
1;0;700;0;1751357230695;1751357230700;true
0;1;859;77139;1751357230682;1751357230717;false
0;0;859;165812;1751357230682;1751357230718;false
0;2;860;49368;1751357230718;1751357230722;false
0;1;860;76870;1751357230718;1751357230722;false
1;2;701;0;1751357230720;1751357230723;true
1;1;701;0;1751357230720;1751357230723;true
1;0;701;0;1751357230720;1751357230724;true
0;0;860;164518;1751357230718;1751357230734;false
0;2;861;49286;1751357230752;1751357230754;false
0;1;861;77634;1751357230752;1751357230755;false
1;2;702;0;1751357230753;1751357230755;true
1;1;702;0;1751357230753;1751357230757;true
0;0;861;165868;1751357230752;1751357230757;false
1;0;702;0;1751357230753;1751357230758;true
0;2;862;50248;1751357230787;1751357230790;false
1;2;703;0;1751357230787;1751357230790;true
1;1;703;0;1751357230787;1751357230790;true
1;0;703;0;1751357230787;1751357230792;true
0;1;862;78559;1751357230787;1751357230792;false
0;0;862;167868;1751357230787;1751357230792;false
0;1;863;77914;1751357230817;1751357230818;false
0;2;863;49687;1751357230817;1751357230832;false
0;0;863;166276;1751357230817;1751357230832;false
1;2;704;0;1751357230830;1751357230833;true
1;1;704;0;1751357230830;1751357230833;true
1;0;704;0;1751357230830;1751357230835;true
0;2;864;50325;1751357230847;1751357230848;false
0;1;864;78132;1751357230847;1751357230863;false
1;2;705;0;1751357230861;1751357230864;true
1;1;705;0;1751357230861;1751357230864;true
0;0;864;167693;1751357230847;1751357230864;false
1;0;705;0;1751357230861;1751357230865;true
1;2;706;0;1751357230894;1751357230896;true
0;2;865;49551;1751357230894;1751357230896;false
0;1;865;77483;1751357230894;1751357230896;false
1;1;706;0;1751357230894;1751357230898;true
1;0;706;0;1751357230894;1751357230899;true
0;0;865;165706;1751357230894;1751357230899;false
0;2;866;49503;1751357230917;1751357230918;false
0;1;866;77374;1751357230917;1751357230919;false
0;0;866;165818;1751357230917;1751357230920;false
1;2;707;0;1751357230918;1751357230921;true
1;1;707;0;1751357230918;1751357230921;true
1;0;707;0;1751357230918;1751357230922;true
0;2;867;49315;1751357230947;1751357230948;false
0;1;867;77422;1751357230947;1751357230949;false
0;0;867;166452;1751357230947;1751357230950;false
1;2;708;0;1751357230960;1751357230963;true
1;1;708;0;1751357230960;1751357230964;true
1;0;708;0;1751357230960;1751357230965;true
1;2;709;0;1751357230991;1751357230994;true
1;1;709;0;1751357230992;1751357230995;true
1;0;709;0;1751357230992;1751357230997;true
0;2;868;49529;1751357230997;1751357230998;false
0;1;868;76789;1751357230997;1751357230999;false
0;0;868;165550;1751357230997;1751357231000;false
1;2;710;0;1751357231017;1751357231019;true
0;2;869;49637;1751357231017;1751357231019;false
1;1;710;0;1751357231017;1751357231020;true
0;1;869;77766;1751357231017;1751357231020;false
1;0;710;0;1751357231017;1751357231022;true
0;0;869;166280;1751357231017;1751357231022;false
0;1;870;78477;1751357231047;1751357231049;false
0;2;870;49969;1751357231047;1751357231049;false
0;0;870;167111;1751357231047;1751357231051;false
1;2;711;0;1751357231050;1751357231051;true
1;1;711;0;1751357231050;1751357231052;true
1;0;711;0;1751357231050;1751357231053;true
0;2;871;49911;1751357231082;1751357231083;false
0;1;871;78234;1751357231082;1751357231085;false
1;1;712;0;1751357231083;1751357231085;true
1;2;712;0;1751357231083;1751357231086;true
0;0;871;166901;1751357231082;1751357231086;false
1;0;712;0;1751357231083;1751357231087;true
0;1;872;77249;1751357231112;1751357231113;false
0;2;872;49541;1751357231112;1751357231113;false
0;0;872;166383;1751357231112;1751357231115;false
1;1;713;0;1751357231126;1751357231128;true
1;2;713;0;1751357231126;1751357231129;true
1;0;713;0;1751357231126;1751357231130;true
1;2;714;0;1751357231157;1751357231159;true
1;1;714;0;1751357231157;1751357231160;true
1;0;714;0;1751357231157;1751357231161;true
0;2;873;50104;1751357231172;1751357231175;false
0;1;873;77795;1751357231172;1751357231175;false
0;0;873;166552;1751357231173;1751357231177;false
0;1;874;78560;1751357231177;1751357231196;false
0;2;874;49784;1751357231177;1751357231196;false
0;0;874;167761;1751357231177;1751357231197;false
1;1;715;0;1751357231196;1751357231198;true
1;2;715;0;1751357231196;1751357231198;true
1;0;715;0;1751357231196;1751357231201;true
0;2;875;50600;1751357231227;1751357231230;false
1;2;716;0;1751357231227;1751357231230;true
0;1;875;78507;1751357231227;1751357231230;false
0;0;875;169112;1751357231227;1751357231231;false
1;1;716;0;1751357231227;1751357231231;true
1;0;716;0;1751357231227;1751357231232;true
0;2;876;51497;1751357231247;1751357231248;false
1;2;717;0;1751357231248;1751357231250;true
0;1;876;80484;1751357231247;1751357231250;false
1;1;717;0;1751357231248;1751357231251;true
0;0;876;171770;1751357231247;1751357231252;false
1;0;717;0;1751357231248;1751357231252;true
0;2;877;52443;1751357231282;1751357231284;false
1;2;718;0;1751357231282;1751357231285;true
0;1;877;82195;1751357231282;1751357231285;false
1;1;718;0;1751357231282;1751357231286;true
0;0;877;164216;1751357231282;1751357231286;false
1;0;718;0;1751357231282;1751357231287;true
0;2;878;52694;1751357231312;1751357231314;false
0;1;878;82536;1751357231312;1751357231316;false
0;0;878;177155;1751357231312;1751357231316;false
1;2;719;0;1751357231314;1751357231316;true
1;0;719;0;1751357231314;1751357231318;true
1;1;719;0;1751357231314;1751357231318;true
0;0;879;178775;1751357231342;1751357231357;false
0;2;879;53731;1751357231342;1751357231358;false
0;1;879;83449;1751357231342;1751357231359;false
1;1;720;0;1751357231357;1751357231361;true
1;2;720;0;1751357231357;1751357231361;true
1;0;720;0;1751357231357;1751357231362;true
0;2;880;54153;1751357231382;1751357231383;false
1;2;721;0;1751357231382;1751357231384;true
0;1;880;84219;1751357231382;1751357231384;false
1;1;721;0;1751357231382;1751357231385;true
1;0;721;0;1751357231382;1751357231387;true
0;0;880;180203;1751357231382;1751357231387;false
0;1;881;85296;1751357231412;1751357231414;false
0;2;881;53938;1751357231412;1751357231415;false
1;2;722;0;1751357231413;1751357231415;true
1;1;722;0;1751357231413;1751357231416;true
0;0;881;181708;1751357231412;1751357231417;false
1;0;722;0;1751357231413;1751357231417;true
0;2;882;53849;1751357231447;1751357231448;false
1;2;723;0;1751357231447;1751357231449;true
0;1;882;84189;1751357231447;1751357231449;false
1;1;723;0;1751357231447;1751357231450;true
1;0;723;0;1751357231447;1751357231451;true
0;0;882;180907;1751357231447;1751357231452;false
1;1;724;0;1751357231482;1751357231484;true
1;2;724;0;1751357231482;1751357231485;true
1;0;724;0;1751357231482;1751357231486;true
0;2;883;54053;1751357231477;1751357231492;false
0;1;883;84738;1751357231477;1751357231507;false
0;0;883;180444;1751357231477;1751357231507;false
0;1;884;84731;1751357231508;1751357231523;false
0;2;884;54177;1751357231507;1751357231523;false
1;2;725;0;1751357231521;1751357231523;true
0;0;884;181800;1751357231508;1751357231524;false
1;1;725;0;1751357231521;1751357231524;true
1;0;725;0;1751357231521;1751357231525;true
1;2;726;0;1751357231545;1751357231548;true
0;2;885;54389;1751357231547;1751357231549;false
1;1;726;0;1751357231545;1751357231550;true
1;0;726;0;1751357231545;1751357231550;true
0;1;885;79402;1751357231547;1751357231550;false
0;0;885;169603;1751357231547;1751357231551;false
1;2;727;0;1751357231578;1751357231579;true
1;1;727;0;1751357231578;1751357231582;true
1;0;727;0;1751357231578;1751357231583;true
0;2;886;54243;1751357231577;1751357231593;false
0;1;886;84192;1751357231577;1751357231593;false
0;0;886;180753;1751357231577;1751357231610;false
0;1;887;83972;1751357231610;1751357231612;false
1;2;728;0;1751357231611;1751357231613;true
1;1;728;0;1751357231611;1751357231614;true
1;0;728;0;1751357231611;1751357231615;true
0;2;887;54050;1751357231610;1751357231617;false
0;0;887;180349;1751357231611;1751357231629;false
0;2;888;53775;1751357231647;1751357231649;false
1;2;729;0;1751357231647;1751357231649;true
1;1;729;0;1751357231647;1751357231650;true
1;0;729;0;1751357231647;1751357231652;true
0;1;888;85128;1751357231647;1751357231652;false
0;0;888;180589;1751357231647;1751357231652;false
0;2;889;53455;1751357231677;1751357231679;false
0;1;889;83740;1751357231677;1751357231680;false
1;2;730;0;1751357231677;1751357231680;true
1;1;730;0;1751357231677;1751357231681;true
1;0;730;0;1751357231677;1751357231682;true
0;0;889;179090;1751357231677;1751357231682;false
0;1;890;84498;1751357231707;1751357231709;false
0;2;890;54044;1751357231707;1751357231722;false
1;2;731;0;1751357231722;1751357231724;true
0;0;890;168891;1751357231707;1751357231724;false
1;1;731;0;1751357231722;1751357231726;true
1;0;731;0;1751357231722;1751357231727;true
1;2;732;0;1751357231744;1751357231745;true
0;2;891;54348;1751357231744;1751357231745;false
0;1;891;84555;1751357231744;1751357231747;false
1;1;732;0;1751357231744;1751357231748;true
1;0;732;0;1751357231744;1751357231749;true
0;0;891;181438;1751357231744;1751357231749;false
1;2;733;0;1751357231777;1751357231779;true
1;1;733;0;1751357231777;1751357231780;true
1;0;733;0;1751357231777;1751357231781;true
0;2;892;53913;1751357231777;1751357231791;false
0;1;892;84572;1751357231777;1751357231792;false
0;0;892;180265;1751357231777;1751357231794;false
0;2;893;50285;1751357231823;1751357231824;false
1;2;734;0;1751357231823;1751357231825;true
0;1;893;79378;1751357231823;1751357231825;false
1;1;734;0;1751357231823;1751357231827;true
0;0;893;167651;1751357231823;1751357231827;false
1;0;734;0;1751357231823;1751357231828;true
1;2;735;0;1751357231842;1751357231844;true
0;2;894;53471;1751357231842;1751357231845;false
0;1;894;83369;1751357231842;1751357231845;false
1;1;735;0;1751357231842;1751357231846;true
1;0;735;0;1751357231842;1751357231846;true
0;0;894;179307;1751357231842;1751357231856;false
0;2;895;49236;1751357231873;1751357231874;false
0;1;895;78160;1751357231873;1751357231875;false
1;2;736;0;1751357231875;1751357231876;true
0;0;895;164988;1751357231873;1751357231877;false
1;1;736;0;1751357231875;1751357231878;true
1;0;736;0;1751357231875;1751357231879;true
1;2;737;0;1751357231909;1751357231912;true
1;1;737;0;1751357231909;1751357231912;true
1;0;737;0;1751357231909;1751357231914;true
0;1;896;82688;1751357231912;1751357231914;false
0;2;896;53161;1751357231912;1751357231915;false
0;0;896;176544;1751357231912;1751357231917;false
1;2;738;0;1751357231941;1751357231943;true
0;2;897;53118;1751357231942;1751357231944;false
0;1;897;83039;1751357231942;1751357231944;false
1;1;738;0;1751357231941;1751357231944;true
1;0;738;0;1751357231941;1751357231946;true
0;0;897;177328;1751357231942;1751357231947;false
0;2;898;53397;1751357231988;1751357231990;false
0;1;898;83147;1751357231989;1751357231991;false
1;2;739;0;1751357231987;1751357231991;true
0;0;898;177559;1751357231989;1751357231992;false
1;1;739;0;1751357231988;1751357231993;true
1;0;739;0;1751357231988;1751357231993;true
0;2;899;53066;1751357232007;1751357232009;false
1;2;740;0;1751357232007;1751357232010;true
0;1;899;83451;1751357232007;1751357232010;false
1;1;740;0;1751357232007;1751357232010;true
1;0;740;0;1751357232007;1751357232011;true
0;0;899;177404;1751357232007;1751357232019;false
0;2;900;53091;1751357232037;1751357232040;false
0;1;900;83111;1751357232037;1751357232042;false
0;0;900;177107;1751357232037;1751357232042;false
1;2;741;0;1751357232040;1751357232042;true
1;1;741;0;1751357232040;1751357232043;true
1;0;741;0;1751357232040;1751357232044;true
1;2;742;0;1751357232077;1751357232079;true
0;2;901;52642;1751357232077;1751357232079;false
0;1;901;82119;1751357232077;1751357232080;false
1;1;742;0;1751357232077;1751357232080;true
1;0;742;0;1751357232077;1751357232081;true
0;0;901;176445;1751357232077;1751357232081;false
1;2;743;0;1751357232107;1751357232111;true
1;1;743;0;1751357232107;1751357232113;true
1;0;743;0;1751357232107;1751357232113;true
0;1;902;81997;1751357232112;1751357232114;false
0;2;902;53276;1751357232112;1751357232115;false
0;0;902;176451;1751357232112;1751357232115;false
1;2;744;0;1751357232142;1751357232144;true
1;1;744;0;1751357232142;1751357232149;true
1;0;744;0;1751357232142;1751357232149;true
0;2;903;52796;1751357232149;1751357232149;false
0;1;903;83034;1751357232149;1751357232150;false
0;0;903;177712;1751357232149;1751357232151;false
1;2;745;0;1751357232173;1751357232176;true
1;1;745;0;1751357232173;1751357232176;true
0;2;904;53176;1751357232177;1751357232178;false
1;0;745;0;1751357232173;1751357232178;true
0;1;904;82561;1751357232177;1751357232179;false
0;0;904;177427;1751357232177;1751357232182;false
1;2;746;0;1751357232205;1751357232206;true
1;1;746;0;1751357232205;1751357232209;true
0;2;905;53318;1751357232207;1751357232209;false
0;1;905;83333;1751357232207;1751357232210;false
1;0;746;0;1751357232205;1751357232210;true
0;0;905;178309;1751357232207;1751357232212;false
0;2;906;52996;1751357232253;1751357232255;false
0;1;906;82686;1751357232253;1751357232256;false
1;1;747;0;1751357232253;1751357232256;true
1;2;747;0;1751357232253;1751357232256;true
0;0;906;177411;1751357232253;1751357232257;false
1;0;747;0;1751357232253;1751357232258;true
0;2;907;53239;1751357232274;1751357232276;false
1;2;748;0;1751357232274;1751357232277;true
0;1;907;83212;1751357232274;1751357232277;false
1;1;748;0;1751357232274;1751357232278;true
0;0;907;178501;1751357232274;1751357232279;false
1;0;748;0;1751357232274;1751357232279;true
1;1;749;0;1751357232306;1751357232308;true
1;0;749;0;1751357232306;1751357232310;true
1;2;749;0;1751357232306;1751357232311;true
0;2;908;52849;1751357232307;1751357232321;false
0;1;908;83001;1751357232307;1751357232328;false
0;0;908;177944;1751357232307;1751357232328;false
0;1;909;81857;1751357232353;1751357232354;false
1;2;750;0;1751357232353;1751357232354;true
0;2;909;52416;1751357232353;1751357232355;false
1;1;750;0;1751357232353;1751357232355;true
1;0;750;0;1751357232353;1751357232357;true
0;0;909;175453;1751357232353;1751357232358;false
1;2;751;0;1751357232373;1751357232374;true
0;2;910;52024;1751357232373;1751357232375;false
0;1;910;81587;1751357232373;1751357232375;false
1;1;751;0;1751357232373;1751357232376;true
0;0;910;175299;1751357232373;1751357232377;false
1;0;751;0;1751357232373;1751357232377;true
0;1;911;80796;1751357232402;1751357232404;false
0;2;911;51624;1751357232402;1751357232404;false
1;2;752;0;1751357232403;1751357232406;true
0;0;911;172176;1751357232402;1751357232406;false
1;1;752;0;1751357232403;1751357232406;true
1;0;752;0;1751357232403;1751357232407;true
1;1;753;0;1751357232438;1751357232441;true
1;2;753;0;1751357232438;1751357232441;true
1;0;753;0;1751357232438;1751357232444;true
0;2;912;51889;1751357232442;1751357232445;false
0;1;912;80515;1751357232442;1751357232445;false
0;0;912;172370;1751357232443;1751357232446;false
1;1;754;0;1751357232471;1751357232473;true
1;2;754;0;1751357232470;1751357232473;true
0;2;913;51063;1751357232472;1751357232474;false
0;1;913;80519;1751357232473;1751357232475;false
1;0;754;0;1751357232470;1751357232475;true
0;0;913;171573;1751357232472;1751357232476;false
0;2;914;51685;1751357232507;1751357232508;false
1;2;755;0;1751357232506;1751357232509;true
1;1;755;0;1751357232506;1751357232509;true
1;0;755;0;1751357232506;1751357232510;true
0;1;914;80405;1751357232507;1751357232523;false
0;0;914;172747;1751357232508;1751357232523;false
1;2;756;0;1751357232539;1751357232541;true
1;1;756;0;1751357232539;1751357232543;true
0;2;915;51565;1751357232542;1751357232543;false
1;0;756;0;1751357232539;1751357232544;true
0;1;915;81293;1751357232542;1751357232555;false
0;0;915;173062;1751357232542;1751357232555;false
1;2;757;0;1751357232570;1751357232573;true
1;1;757;0;1751357232570;1751357232573;true
0;2;916;52040;1751357232572;1751357232574;false
1;0;757;0;1751357232570;1751357232574;true
0;1;916;81501;1751357232573;1751357232575;false
0;0;916;174427;1751357232572;1751357232587;false
1;2;758;0;1751357232601;1751357232604;true
0;2;917;52326;1751357232602;1751357232605;false
1;1;758;0;1751357232601;1751357232606;true
1;0;758;0;1751357232601;1751357232607;true
0;1;917;82122;1751357232602;1751357232607;false
0;0;917;175668;1751357232602;1751357232616;false
1;2;759;0;1751357232636;1751357232638;true
0;2;918;52078;1751357232638;1751357232638;false
1;1;759;0;1751357232636;1751357232638;true
0;1;918;81263;1751357232638;1751357232638;false
1;0;759;0;1751357232636;1751357232638;true
0;0;918;174269;1751357232638;1751357232642;false
1;2;760;0;1751357232668;1751357232669;true
1;1;760;0;1751357232668;1751357232672;true
1;0;760;0;1751357232668;1751357232672;true
0;2;919;52218;1751357232672;1751357232674;false
0;1;919;81753;1751357232672;1751357232675;false
0;0;919;173993;1751357232672;1751357232676;false
1;2;761;0;1751357232700;1751357232704;true
1;1;761;0;1751357232700;1751357232704;true
0;2;920;51493;1751357232702;1751357232705;false
1;0;761;0;1751357232700;1751357232705;true
0;1;920;80732;1751357232702;1751357232705;false
0;0;920;172921;1751357232702;1751357232705;false
0;2;921;50798;1751357232748;1751357232749;false
1;2;762;0;1751357232748;1751357232750;true
0;1;921;80407;1751357232748;1751357232750;false
1;1;762;0;1751357232748;1751357232751;true
0;0;921;171167;1751357232748;1751357232751;false
1;0;762;0;1751357232748;1751357232753;true
0;2;922;52136;1751357232768;1751357232768;false
1;2;763;0;1751357232768;1751357232768;true
1;1;763;0;1751357232768;1751357232771;true
0;1;922;81343;1751357232768;1751357232771;false
1;0;763;0;1751357232768;1751357232772;true
0;0;922;173599;1751357232768;1751357232772;false
1;2;764;0;1751357232802;1751357232804;true
1;1;764;0;1751357232802;1751357232807;true
1;0;764;0;1751357232802;1751357232807;true
0;1;923;81741;1751357232807;1751357232808;false
0;0;923;174449;1751357232807;1751357232809;false
0;2;923;52180;1751357232807;1751357232809;false
1;2;765;0;1751357232832;1751357232833;true
1;1;765;0;1751357232832;1751357232836;true
1;0;765;0;1751357232832;1751357232837;true
0;2;924;52734;1751357232837;1751357232838;false
0;1;924;82701;1751357232837;1751357232838;false
0;0;924;176243;1751357232837;1751357232840;false
1;2;766;0;1751357232868;1751357232873;true
1;0;766;0;1751357232869;1751357232873;true
0;2;925;53482;1751357232873;1751357232873;false
1;1;766;0;1751357232869;1751357232873;true
0;1;925;83622;1751357232873;1751357232873;false
0;0;925;179074;1751357232873;1751357232877;false
1;2;767;0;1751357232899;1751357232899;true
1;1;767;0;1751357232899;1751357232902;true
0;2;926;53601;1751357232902;1751357232902;false
1;0;767;0;1751357232899;1751357232905;true
0;0;926;179724;1751357232902;1751357232905;false
0;1;926;84418;1751357232902;1751357232905;false
0;2;927;53384;1751357232933;1751357232934;false
1;2;768;0;1751357232933;1751357232936;true
1;1;768;0;1751357232933;1751357232936;true
0;1;927;83791;1751357232933;1751357232936;false
1;0;768;0;1751357232933;1751357232937;true
0;0;927;179082;1751357232933;1751357232937;false
1;2;769;0;1751357232968;1751357232969;true
1;1;769;0;1751357232968;1751357232971;true
1;0;769;0;1751357232968;1751357232972;true
0;2;928;53361;1751357232972;1751357232974;false
0;1;928;83569;1751357232972;1751357232975;false
0;0;928;179382;1751357232972;1751357232977;false
1;2;770;0;1751357233001;1751357233004;true
0;1;929;83680;1751357233002;1751357233005;false
0;2;929;53249;1751357233002;1751357233005;false
1;0;770;0;1751357233001;1751357233006;true
1;1;770;0;1751357233001;1751357233006;true
0;0;929;179374;1751357233002;1751357233006;false
1;2;771;0;1751357233032;1751357233033;true
1;0;771;0;1751357233032;1751357233037;true
1;1;771;0;1751357233032;1751357233037;true
0;2;930;53835;1751357233037;1751357233038;false
0;1;930;84554;1751357233037;1751357233040;false
0;0;930;181303;1751357233037;1751357233040;false
1;2;772;0;1751357233063;1751357233067;true
1;1;772;0;1751357233063;1751357233068;true
1;0;772;0;1751357233063;1751357233068;true
0;2;931;54906;1751357233067;1751357233069;false
0;1;931;85452;1751357233067;1751357233070;false
0;0;931;182929;1751357233067;1751357233070;false
0;2;932;54541;1751357233097;1751357233098;false
1;1;773;0;1751357233096;1751357233099;true
1;2;773;0;1751357233096;1751357233100;true
1;0;773;0;1751357233096;1751357233101;true
0;0;932;182816;1751357233097;1751357233101;false
0;1;932;85201;1751357233097;1751357233101;false
1;2;774;0;1751357233135;1751357233137;true
1;1;774;0;1751357233135;1751357233139;true
1;0;774;0;1751357233135;1751357233140;true
0;2;933;55277;1751357233127;1751357233151;false
0;1;933;86122;1751357233127;1751357233151;false
0;0;933;185193;1751357233127;1751357233152;false
1;2;775;0;1751357233167;1751357233169;true
1;1;775;0;1751357233167;1751357233170;true
1;0;775;0;1751357233167;1751357233172;true
0;2;934;53949;1751357233172;1751357233174;false
0;0;934;180886;1751357233172;1751357233175;false
0;1;934;84633;1751357233172;1751357233183;false
1;2;776;0;1751357233198;1751357233201;true
1;1;776;0;1751357233198;1751357233203;true
1;0;776;0;1751357233198;1751357233204;true
0;2;935;55186;1751357233202;1751357233205;false
0;1;935;86091;1751357233202;1751357233215;false
0;0;935;184514;1751357233202;1751357233216;false
1;2;777;0;1751357233230;1751357233233;true
1;1;777;0;1751357233230;1751357233234;true
1;0;777;0;1751357233230;1751357233235;true
0;0;936;183808;1751357233232;1751357233246;false
0;2;936;54538;1751357233232;1751357233246;false
0;1;936;86004;1751357233232;1751357233247;false
1;1;778;0;1751357233262;1751357233265;true
1;2;778;0;1751357233262;1751357233266;true
1;0;778;0;1751357233262;1751357233267;true
0;2;937;54927;1751357233267;1751357233269;false
0;1;937;86106;1751357233268;1751357233279;false
0;0;937;183748;1751357233267;1751357233279;false
1;2;779;0;1751357233299;1751357233301;true
1;1;779;0;1751357233300;1751357233303;true
0;2;938;54479;1751357233302;1751357233304;false
1;0;779;0;1751357233300;1751357233304;true
0;1;938;85109;1751357233302;1751357233305;false
0;0;938;182571;1751357233302;1751357233307;false
1;2;780;0;1751357233332;1751357233334;true
1;1;780;0;1751357233332;1751357233336;true
1;0;780;0;1751357233332;1751357233336;true
0;2;939;54082;1751357233337;1751357233337;false
0;1;939;84928;1751357233337;1751357233339;false
0;0;939;182518;1751357233337;1751357233339;false
1;2;781;0;1751357233363;1751357233367;true
1;0;781;0;1751357233363;1751357233368;true
1;1;781;0;1751357233363;1751357233369;true
0;2;940;55166;1751357233367;1751357233370;false
0;0;940;183909;1751357233367;1751357233371;false
0;1;940;85424;1751357233367;1751357233371;false
1;1;782;0;1751357233396;1751357233399;true
1;2;782;0;1751357233396;1751357233399;true
1;0;782;0;1751357233396;1751357233401;true
0;2;941;53947;1751357233397;1751357233414;false
0;1;941;85220;1751357233397;1751357233429;false
0;0;941;182255;1751357233397;1751357233430;false
1;1;783;0;1751357233428;1751357233431;true
1;2;783;0;1751357233428;1751357233431;true
1;0;783;0;1751357233428;1751357233433;true
0;2;942;54626;1751357233430;1751357233444;false
0;1;942;85142;1751357233431;1751357233445;false
0;0;942;182474;1751357233430;1751357233445;false
1;2;784;0;1751357233459;1751357233462;true
1;1;784;0;1751357233459;1751357233463;true
1;0;784;0;1751357233459;1751357233464;true
0;0;943;183377;1751357233462;1751357233467;false
0;1;943;85909;1751357233462;1751357233467;false
0;2;943;54817;1751357233462;1751357233467;false
0;2;944;54176;1751357233492;1751357233493;false
1;2;785;0;1751357233492;1751357233494;true
0;1;944;84789;1751357233493;1751357233495;false
1;1;785;0;1751357233492;1751357233496;true
1;0;785;0;1751357233492;1751357233496;true
0;0;944;181774;1751357233492;1751357233497;false
1;1;786;0;1751357233538;1751357233540;true
1;2;786;0;1751357233538;1751357233540;true
0;1;945;85127;1751357233538;1751357233540;false
0;2;945;54204;1751357233538;1751357233541;false
1;0;786;0;1751357233538;1751357233541;true
0;0;945;182149;1751357233538;1751357233542;false
1;2;787;0;1751357233566;1751357233568;true
0;2;946;53951;1751357233566;1751357233570;false
0;1;946;84383;1751357233566;1751357233570;false
1;1;787;0;1751357233566;1751357233570;true
0;0;946;181187;1751357233566;1751357233571;false
1;0;787;0;1751357233566;1751357233571;true
1;2;788;0;1751357233597;1751357233599;true
0;2;947;54747;1751357233597;1751357233599;false
1;1;788;0;1751357233597;1751357233599;true
0;1;947;85719;1751357233597;1751357233601;false
1;0;788;0;1751357233597;1751357233601;true
0;0;947;184161;1751357233598;1751357233602;false
1;1;789;0;1751357233631;1751357233635;true
1;0;789;0;1751357233631;1751357233636;true
1;2;789;0;1751357233631;1751357233636;true
0;2;948;53855;1751357233637;1751357233639;false
0;0;948;182051;1751357233637;1751357233640;false
0;1;948;84898;1751357233637;1751357233640;false
1;2;790;0;1751357233665;1751357233668;true
0;2;949;54894;1751357233667;1751357233669;false
1;1;790;0;1751357233665;1751357233670;true
1;0;790;0;1751357233665;1751357233670;true
0;1;949;85580;1751357233667;1751357233670;false
0;0;949;183797;1751357233667;1751357233672;false
1;2;791;0;1751357233697;1751357233698;true
1;1;791;0;1751357233697;1751357233699;true
1;0;791;0;1751357233697;1751357233701;true
0;2;950;54755;1751357233697;1751357233712;false
0;1;950;85830;1751357233702;1751357233713;false
0;0;950;183520;1751357233702;1751357233730;false
1;2;792;0;1751357233727;1751357233730;true
1;1;792;0;1751357233727;1751357233731;true
1;0;792;0;1751357233727;1751357233733;true
0;2;951;54609;1751357233730;1751357233733;false
0;1;951;85472;1751357233730;1751357233745;false
0;0;951;183127;1751357233730;1751357233745;false
1;2;793;0;1751357233759;1751357233762;true
1;1;793;0;1751357233759;1751357233762;true
0;2;952;54461;1751357233762;1751357233764;false
1;0;793;0;1751357233759;1751357233764;true
0;1;952;85175;1751357233762;1751357233764;false
0;0;952;183296;1751357233762;1751357233776;false
0;2;953;54527;1751357233792;1751357233793;false
1;2;794;0;1751357233791;1751357233793;true
1;1;794;0;1751357233791;1751357233802;true
0;1;953;84674;1751357233792;1751357233803;false
1;0;794;0;1751357233791;1751357233803;true
0;0;953;182964;1751357233792;1751357233804;false
1;2;795;0;1751357233829;1751357233831;true
1;1;795;0;1751357233829;1751357233833;true
1;0;795;0;1751357233829;1751357233834;true
0;2;954;54754;1751357233832;1751357233835;false
0;1;954;85791;1751357233832;1751357233835;false
0;0;954;182939;1751357233832;1751357233836;false
1;1;796;0;1751357233862;1751357233866;true
1;2;796;0;1751357233862;1751357233867;true
1;0;796;0;1751357233862;1751357233868;true
0;1;955;85760;1751357233867;1751357233869;false
0;2;955;55234;1751357233867;1751357233869;false
0;0;955;184858;1751357233867;1751357233870;false
1;2;797;0;1751357233894;1751357233897;true
1;1;797;0;1751357233894;1751357233898;true
1;0;797;0;1751357233894;1751357233899;true
0;1;956;85400;1751357233897;1751357233900;false
0;2;956;54311;1751357233897;1751357233901;false
0;0;956;183123;1751357233897;1751357233901;false
0;2;957;54668;1751357233932;1751357233933;false
1;2;798;0;1751357233929;1751357233933;true
1;1;798;0;1751357233929;1751357233933;true
1;0;798;0;1751357233929;1751357233934;true
0;1;957;85604;1751357233932;1751357233934;false
0;0;957;171745;1751357233932;1751357233936;false
1;2;799;0;1751357233960;1751357233962;true
1;1;799;0;1751357233960;1751357233964;true
0;2;958;55223;1751357233962;1751357233964;false
1;0;799;0;1751357233960;1751357233965;true
0;1;958;86632;1751357233962;1751357233966;false
0;0;958;185905;1751357233962;1751357233966;false
1;2;800;0;1751357233996;1751357233998;true
1;1;800;0;1751357233996;1751357233999;true
0;1;959;85886;1751357233997;1751357233999;false
0;2;959;54537;1751357233997;1751357234000;false
1;0;800;0;1751357233996;1751357234001;true
0;0;959;183721;1751357233997;1751357234002;false
1;2;801;0;1751357234027;1751357234030;true
1;1;801;0;1751357234027;1751357234030;true
1;0;801;0;1751357234027;1751357234032;true
0;1;960;86351;1751357234032;1751357234033;false
0;2;960;54971;1751357234032;1751357234033;false
0;0;960;184304;1751357234032;1751357234035;false
1;2;802;0;1751357234061;1751357234064;true
1;1;802;0;1751357234061;1751357234066;true
1;0;802;0;1751357234061;1751357234066;true
0;2;961;54214;1751357234079;1751357234080;false
0;1;961;85461;1751357234079;1751357234082;false
0;0;961;182927;1751357234079;1751357234083;false
0;1;962;85365;1751357234083;1751357234085;false
0;2;962;54878;1751357234083;1751357234085;false
0;0;962;183340;1751357234084;1751357234087;false
1;2;803;0;1751357234087;1751357234091;true
1;1;803;0;1751357234087;1751357234091;true
1;0;803;0;1751357234087;1751357234091;true
1;2;804;0;1751357234127;1751357234131;true
1;1;804;0;1751357234127;1751357234131;true
1;0;804;0;1751357234127;1751357234132;true
0;1;963;85329;1751357234132;1751357234132;false
0;2;963;54125;1751357234132;1751357234132;false
0;0;963;181842;1751357234132;1751357234135;false
1;2;805;0;1751357234160;1751357234162;true
1;1;805;0;1751357234160;1751357234163;true
0;2;964;53503;1751357234162;1751357234164;false
1;0;805;0;1751357234160;1751357234165;true
0;1;964;83625;1751357234162;1751357234176;false
0;0;964;180078;1751357234162;1751357234177;false
1;2;806;0;1751357234194;1751357234197;true
0;2;965;54408;1751357234197;1751357234198;false
1;1;806;0;1751357234194;1751357234199;true
0;1;965;84195;1751357234197;1751357234199;false
1;0;806;0;1751357234194;1751357234200;true
0;0;965;181154;1751357234197;1751357234210;false
1;2;807;0;1751357234226;1751357234228;true
0;2;966;55364;1751357234228;1751357234229;false
1;1;807;0;1751357234226;1751357234229;true
0;1;966;86899;1751357234228;1751357234229;false
1;0;807;0;1751357234226;1751357234229;true
0;0;966;186287;1751357234228;1751357234244;false
1;1;808;0;1751357234258;1751357234261;true
1;2;808;0;1751357234258;1751357234261;true
1;0;808;0;1751357234258;1751357234263;true
0;2;967;56390;1751357234262;1751357234265;false
0;1;967;88314;1751357234262;1751357234267;false
0;0;967;188768;1751357234262;1751357234273;false
1;2;809;0;1751357234291;1751357234293;true
0;2;968;56419;1751357234292;1751357234294;false
1;0;809;0;1751357234291;1751357234295;true
1;1;809;0;1751357234291;1751357234295;true
0;1;968;88576;1751357234292;1751357234307;false
0;0;968;189122;1751357234292;1751357234307;false
1;2;810;0;1751357234322;1751357234327;true
1;1;810;0;1751357234322;1751357234327;true
1;0;810;0;1751357234322;1751357234328;true
0;2;969;56454;1751357234327;1751357234328;false
0;1;969;88368;1751357234327;1751357234329;false
0;0;969;189413;1751357234327;1751357234340;false
0;2;970;56200;1751357234347;1751357234361;false
0;1;970;87954;1751357234347;1751357234362;false
1;2;811;0;1751357234360;1751357234362;true
1;1;811;0;1751357234360;1751357234363;true
1;0;811;0;1751357234360;1751357234364;true
0;0;970;187977;1751357234347;1751357234376;false
1;2;812;0;1751357234393;1751357234395;true
1;1;812;0;1751357234393;1751357234396;true
1;0;812;0;1751357234393;1751357234397;true
0;1;971;88264;1751357234393;1751357234397;false
0;2;971;56684;1751357234393;1751357234397;false
0;0;971;189557;1751357234393;1751357234408;false
1;2;813;0;1751357234423;1751357234426;true
1;1;813;0;1751357234423;1751357234427;true
1;0;813;0;1751357234423;1751357234428;true
0;1;972;88264;1751357234427;1751357234429;false
0;2;972;56392;1751357234427;1751357234429;false
0;0;972;189691;1751357234427;1751357234442;false
1;1;814;0;1751357234459;1751357234461;true
1;2;814;0;1751357234459;1751357234462;true
1;0;814;0;1751357234459;1751357234463;true
0;2;973;56268;1751357234462;1751357234464;false
0;1;973;88235;1751357234462;1751357234465;false
0;0;973;188442;1751357234462;1751357234467;false
1;1;815;0;1751357234491;1751357234493;true
1;2;815;0;1751357234491;1751357234493;true
0;0;974;189322;1751357234477;1751357234495;false
0;1;974;88687;1751357234477;1751357234495;false
1;0;815;0;1751357234491;1751357234495;true
1;2;816;0;1751357234522;1751357234526;true
1;1;816;0;1751357234522;1751357234526;true
1;0;816;0;1751357234522;1751357234527;true
0;1;975;88839;1751357234527;1751357234529;false
0;0;975;190510;1751357234527;1751357234529;false
0;1;976;88798;1751357234558;1751357234560;false
1;2;817;0;1751357234558;1751357234561;true
1;1;817;0;1751357234558;1751357234562;true
0;0;976;190328;1751357234558;1751357234563;false
1;0;817;0;1751357234558;1751357234563;true
1;2;818;0;1751357234582;1751357234584;true
0;1;977;89760;1751357234582;1751357234585;false
1;1;818;0;1751357234582;1751357234585;true
1;0;818;0;1751357234582;1751357234586;true
0;0;977;190338;1751357234582;1751357234586;false
0;1;978;89593;1751357234612;1751357234613;false
0;0;978;191366;1751357234613;1751357234615;false
1;2;819;0;1751357234614;1751357234616;true
1;1;819;0;1751357234614;1751357234617;true
1;0;819;0;1751357234614;1751357234617;true
1;2;820;0;1751357234655;1751357234659;true
0;1;979;88592;1751357234657;1751357234659;false
1;1;820;0;1751357234655;1751357234659;true
1;0;820;0;1751357234655;1751357234660;true
0;0;979;190269;1751357234657;1751357234672;false
1;1;821;0;1751357234687;1751357234689;true
1;2;821;0;1751357234687;1751357234690;true
1;0;821;0;1751357234687;1751357234692;true
0;1;980;83992;1751357234692;1751357234693;false
0;0;980;177441;1751357234692;1751357234694;false
1;2;822;0;1751357234722;1751357234725;true
0;1;981;87908;1751357234722;1751357234725;false
1;1;822;0;1751357234722;1751357234725;true
1;0;822;0;1751357234722;1751357234726;true
0;0;981;187984;1751357234707;1751357234738;false
1;2;823;0;1751357234756;1751357234759;true
1;1;823;0;1751357234756;1751357234760;true
1;0;823;0;1751357234756;1751357234761;true
0;1;982;88367;1751357234757;1751357234762;false
0;0;982;189483;1751357234757;1751357234773;false
1;1;824;0;1751357234787;1751357234789;true
1;2;824;0;1751357234787;1751357234790;true
1;0;824;0;1751357234787;1751357234791;true
0;1;983;87325;1751357234802;1751357234805;false
0;0;983;186871;1751357234802;1751357234806;false
1;1;825;0;1751357234818;1751357234821;true
1;2;825;0;1751357234818;1751357234822;true
1;0;825;0;1751357234818;1751357234823;true
0;1;984;87896;1751357234822;1751357234823;false
0;0;984;187480;1751357234822;1751357234834;false
1;2;826;0;1751357234850;1751357234851;true
1;1;826;0;1751357234850;1751357234854;true
0;1;985;87531;1751357234852;1751357234854;false
1;0;826;0;1751357234850;1751357234855;true
0;0;985;187135;1751357234852;1751357234857;false
0;1;986;87712;1751357234877;1751357234878;false
1;2;827;0;1751357234878;1751357234880;true
0;0;986;188649;1751357234877;1751357234880;false
1;1;827;0;1751357234878;1751357234880;true
1;0;827;0;1751357234878;1751357234881;true
1;2;828;0;1751357234911;1751357234912;true
1;0;828;0;1751357234911;1751357234914;true
1;1;828;0;1751357234911;1751357234915;true
0;1;987;88191;1751357234908;1751357234920;false
0;0;987;188374;1751357234908;1751357234921;false
1;2;829;0;1751357234955;1751357234958;true
0;1;988;87316;1751357234955;1751357234958;false
0;0;988;187846;1751357234955;1751357234960;false
1;1;829;0;1751357234955;1751357234960;true
1;0;829;0;1751357234955;1751357234960;true
0;1;989;88329;1751357234972;1751357234989;false
1;2;830;0;1751357234987;1751357234990;true
1;1;830;0;1751357234987;1751357234991;true
1;0;830;0;1751357234987;1751357234991;true
0;0;989;189416;1751357234972;1751357234992;false
0;1;990;88262;1751357235007;1751357235009;false
0;0;990;188843;1751357235007;1751357235019;false
1;2;831;0;1751357235018;1751357235020;true
1;0;831;0;1751357235018;1751357235022;true
1;1;831;0;1751357235018;1751357235022;true
0;1;991;87549;1751357235050;1751357235052;false
1;2;832;0;1751357235050;1751357235053;true
1;1;832;0;1751357235050;1751357235054;true
0;0;991;188480;1751357235050;1751357235054;false
1;0;832;0;1751357235050;1751357235055;true
1;2;833;0;1751357235077;1751357235079;true
0;1;992;87467;1751357235077;1751357235080;false
1;1;833;0;1751357235077;1751357235080;true
1;0;833;0;1751357235077;1751357235081;true
0;0;992;187695;1751357235077;1751357235082;false
1;2;834;0;1751357235118;1751357235120;true
0;1;993;86490;1751357235118;1751357235121;false
1;1;834;0;1751357235118;1751357235122;true
1;0;834;0;1751357235118;1751357235122;true
0;0;993;185918;1751357235118;1751357235123;false
1;2;835;0;1751357235150;1751357235151;true
0;1;994;86599;1751357235137;1751357235152;false
1;1;835;0;1751357235150;1751357235153;true
0;0;994;185180;1751357235137;1751357235154;false
1;0;835;0;1751357235150;1751357235155;true
1;1;836;0;1751357235182;1751357235185;true
1;2;836;0;1751357235182;1751357235186;true
1;0;836;0;1751357235182;1751357235187;true
0;1;995;86878;1751357235187;1751357235188;false
0;0;995;185358;1751357235187;1751357235190;false
0;1;996;86660;1751357235207;1751357235222;false
0;0;996;185212;1751357235207;1751357235224;false
1;1;837;0;1751357235221;1751357235224;true
1;2;837;0;1751357235221;1751357235224;true
1;0;837;0;1751357235221;1751357235225;true
0;1;997;85837;1751357235254;1751357235256;false
1;2;838;0;1751357235254;1751357235257;true
1;1;838;0;1751357235254;1751357235258;true
1;0;838;0;1751357235254;1751357235259;true
0;0;997;184224;1751357235254;1751357235259;false
0;1;998;85866;1751357235272;1751357235274;false
1;2;839;0;1751357235274;1751357235276;true
1;1;839;0;1751357235274;1751357235276;true
0;0;998;184999;1751357235272;1751357235277;false
1;0;839;0;1751357235274;1751357235277;true
0;1;999;86236;1751357235302;1751357235319;false
1;2;840;0;1751357235317;1751357235320;true
1;1;840;0;1751357235317;1751357235320;true
1;0;840;0;1751357235317;1751357235321;true
0;0;999;185838;1751357235317;1751357235333;false
0;1;1000;86482;1751357235337;1751357235350;false
1;2;841;0;1751357235348;1751357235351;true
1;1;841;0;1751357235348;1751357235352;true
0;0;1000;184317;1751357235337;1751357235352;false
1;0;841;0;1751357235348;1751357235352;true
1;2;842;0;1751357235373;1751357235374;true
1;1;842;0;1751357235373;1751357235375;true
1;0;842;0;1751357235373;1751357235376;true
0;1;1001;86658;1751357235367;1751357235395;false
0;0;1001;172427;1751357235372;1751357235395;false
1;2;843;0;1751357235407;1751357235408;true
1;0;843;0;1751357235407;1751357235410;true
1;1;843;0;1751357235407;1751357235410;true
0;0;1002;183528;1751357235407;1751357235419;false
0;1;1002;85975;1751357235407;1751357235420;false
1;1;844;0;1751357235439;1751357235443;true
1;2;844;0;1751357235439;1751357235443;true
1;0;844;0;1751357235439;1751357235444;true
0;0;1003;185131;1751357235437;1751357235450;false
0;1;1003;86301;1751357235437;1751357235451;false
0;1;1004;85374;1751357235472;1751357235474;false
1;2;845;0;1751357235472;1751357235474;true
1;1;845;0;1751357235472;1751357235476;true
1;0;845;0;1751357235472;1751357235476;true
0;0;1004;182541;1751357235472;1751357235483;false
0;2;1005;54859;1751357235502;1751357235503;false
0;1;1005;86028;1751357235502;1751357235505;false
0;0;1005;184431;1751357235502;1751357235507;false
1;2;846;0;1751357235505;1751357235507;true
1;1;846;0;1751357235505;1751357235508;true
1;0;846;0;1751357235505;1751357235509;true
0;2;1006;54875;1751357235542;1751357235544;false
1;2;847;0;1751357235542;1751357235545;true
1;1;847;0;1751357235542;1751357235545;true
0;1;1006;86412;1751357235542;1751357235546;false
1;0;847;0;1751357235542;1751357235546;true
0;0;1006;184013;1751357235542;1751357235547;false
1;2;848;0;1751357235573;1751357235577;true
1;0;848;0;1751357235573;1751357235578;true
1;1;848;0;1751357235573;1751357235578;true
0;1;1007;86246;1751357235577;1751357235579;false
0;2;1007;54934;1751357235577;1751357235581;false
0;0;1007;184400;1751357235577;1751357235581;false
1;2;849;0;1751357235605;1751357235606;true
1;1;849;0;1751357235605;1751357235608;true
0;1;1008;85060;1751357235607;1751357235610;false
0;2;1008;54383;1751357235607;1751357235610;false
1;0;849;0;1751357235605;1751357235610;true
0;0;1008;182408;1751357235607;1751357235612;false
1;2;850;0;1751357235637;1751357235638;true
0;2;1009;53746;1751357235637;1751357235638;false
1;1;850;0;1751357235637;1751357235639;true
0;1;1009;84148;1751357235637;1751357235640;false
1;0;850;0;1751357235637;1751357235641;true
0;0;1009;179640;1751357235637;1751357235642;false
0;1;1010;84193;1751357235667;1751357235669;false
0;2;1010;53772;1751357235668;1751357235670;false
1;2;851;0;1751357235670;1751357235672;true
0;0;1010;180703;1751357235667;1751357235673;false
1;1;851;0;1751357235670;1751357235674;true
1;0;851;0;1751357235670;1751357235674;true
0;1;1011;83461;1751357235712;1751357235715;false
1;2;852;0;1751357235712;1751357235715;true
0;2;1011;53390;1751357235712;1751357235716;false
1;1;852;0;1751357235712;1751357235716;true
1;0;852;0;1751357235712;1751357235717;true
0;0;1011;179169;1751357235713;1751357235717;false
0;2;1012;53333;1751357235732;1751357235733;false
0;1;1012;84188;1751357235732;1751357235735;false
0;0;1012;180077;1751357235732;1751357235736;false
1;2;853;0;1751357235736;1751357235737;true
1;1;853;0;1751357235736;1751357235739;true
1;0;853;0;1751357235736;1751357235739;true
0;2;1013;53655;1751357235783;1751357235785;false
1;2;854;0;1751357235783;1751357235785;true
0;1;1013;84144;1751357235783;1751357235785;false
1;1;854;0;1751357235783;1751357235787;true
1;0;854;0;1751357235783;1751357235788;true
0;0;1013;180085;1751357235784;1751357235789;false
0;2;1014;54496;1751357235802;1751357235803;false
1;2;855;0;1751357235802;1751357235804;true
0;1;1014;84892;1751357235802;1751357235805;false
1;1;855;0;1751357235802;1751357235806;true
1;0;855;0;1751357235802;1751357235807;true
0;0;1014;182633;1751357235803;1751357235807;false
0;2;1015;54343;1751357235832;1751357235848;false
1;2;856;0;1751357235847;1751357235850;true
0;1;1015;85113;1751357235847;1751357235850;false
1;1;856;0;1751357235847;1751357235851;true
1;0;856;0;1751357235847;1751357235851;true
0;0;1015;182041;1751357235847;1751357235864;false
0;2;1016;54426;1751357235864;1751357235866;false
0;1;1016;84893;1751357235864;1751357235867;false
0;0;1016;181620;1751357235864;1751357235881;false
1;2;857;0;1751357235879;1751357235881;true
1;0;857;0;1751357235879;1751357235882;true
1;1;857;0;1751357235879;1751357235884;true
0;2;1017;53876;1751357235897;1751357235899;false
0;1;1017;84297;1751357235897;1751357235899;false
0;0;1017;180115;1751357235897;1751357235912;false
1;2;858;0;1751357235911;1751357235912;true
1;1;858;0;1751357235911;1751357235914;true
1;0;858;0;1751357235911;1751357235915;true
0;2;1018;53249;1751357235937;1751357235939;false
1;2;859;0;1751357235937;1751357235939;true
0;1;1018;84061;1751357235937;1751357235939;false
1;1;859;0;1751357235937;1751357235941;true
0;0;1018;179624;1751357235938;1751357235941;false
1;0;859;0;1751357235937;1751357235942;true
1;2;860;0;1751357235967;1751357235968;true
1;1;860;0;1751357235967;1751357235969;true
0;2;1019;53300;1751357235967;1751357235970;false
0;1;1019;83762;1751357235967;1751357235971;false
1;0;860;0;1751357235967;1751357235971;true
0;0;1019;178957;1751357235967;1751357235972;false
1;2;861;0;1751357236002;1751357236004;true
0;2;1020;53806;1751357236002;1751357236005;false
0;1;1020;84289;1751357236002;1751357236005;false
1;1;861;0;1751357236002;1751357236006;true
1;0;861;0;1751357236002;1751357236007;true
0;0;1020;180226;1751357236002;1751357236007;false
0;2;1021;54377;1751357236047;1751357236050;false
0;1;1021;85066;1751357236047;1751357236051;false
1;2;862;0;1751357236047;1751357236051;true
1;1;862;0;1751357236047;1751357236052;true
1;0;862;0;1751357236047;1751357236052;true
0;0;1021;182865;1751357236048;1751357236053;false
0;2;1022;54088;1751357236067;1751357236069;false
0;1;1022;84703;1751357236067;1751357236070;false
1;2;863;0;1751357236067;1751357236070;true
0;0;1022;181638;1751357236067;1751357236071;false
1;1;863;0;1751357236067;1751357236072;true
1;0;863;0;1751357236067;1751357236072;true
0;2;1023;54272;1751357236102;1751357236104;false
1;2;864;0;1751357236102;1751357236104;true
0;1;1023;84766;1751357236102;1751357236105;false
1;1;864;0;1751357236102;1751357236106;true
1;0;864;0;1751357236102;1751357236107;true
0;0;1023;181522;1751357236102;1751357236107;false
0;1;1024;84563;1751357236132;1751357236134;false
1;2;865;0;1751357236132;1751357236134;true
0;2;1024;54408;1751357236132;1751357236134;false
1;1;865;0;1751357236132;1751357236136;true
0;0;1024;181345;1751357236132;1751357236136;false
1;0;865;0;1751357236132;1751357236136;true
1;2;866;0;1751357236178;1751357236180;true
0;2;1025;53633;1751357236178;1751357236181;false
1;1;866;0;1751357236178;1751357236181;true
0;1;1025;84141;1751357236178;1751357236182;false
1;0;866;0;1751357236178;1751357236182;true
0;0;1025;180299;1751357236178;1751357236184;false
0;2;1026;54563;1751357236197;1751357236198;false
0;1;1026;84589;1751357236197;1751357236200;false
0;0;1026;181551;1751357236197;1751357236201;false
1;2;867;0;1751357236198;1751357236201;true
1;1;867;0;1751357236198;1751357236201;true
1;0;867;0;1751357236198;1751357236202;true
0;2;1027;53543;1751357236227;1751357236228;false
0;1;1027;84698;1751357236227;1751357236230;false
0;0;1027;181068;1751357236227;1751357236232;false
1;2;868;0;1751357236232;1751357236232;true
1;1;868;0;1751357236232;1751357236235;true
1;0;868;0;1751357236232;1751357236236;true
1;1;869;0;1751357236265;1751357236268;true
1;2;869;0;1751357236265;1751357236268;true
0;2;1028;53444;1751357236267;1751357236269;false
1;0;869;0;1751357236265;1751357236270;true
0;1;1028;83673;1751357236267;1751357236270;false
0;0;1028;179723;1751357236267;1751357236271;false
1;2;870;0;1751357236297;1751357236299;true
1;1;870;0;1751357236297;1751357236302;true
1;0;870;0;1751357236297;1751357236303;true
0;2;1029;54509;1751357236297;1751357236314;false
0;1;1029;85450;1751357236302;1751357236315;false
0;0;1029;182987;1751357236297;1751357236322;false
1;2;871;0;1751357236332;1751357236335;true
1;1;871;0;1751357236332;1751357236336;true
1;0;871;0;1751357236332;1751357236337;true
0;1;1030;84677;1751357236332;1751357236344;false
0;2;1030;54307;1751357236332;1751357236344;false
0;0;1030;181778;1751357236332;1751357236345;false
0;1;1031;84543;1751357236362;1751357236365;false
1;2;872;0;1751357236363;1751357236365;true
0;2;1031;53821;1751357236362;1751357236365;false
1;1;872;0;1751357236363;1751357236366;true
0;0;1031;181268;1751357236362;1751357236367;false
1;0;872;0;1751357236363;1751357236367;true
1;2;873;0;1751357236396;1751357236399;true
1;1;873;0;1751357236396;1751357236400;true
1;0;873;0;1751357236396;1751357236401;true
0;2;1032;54381;1751357236392;1751357236408;false
0;1;1032;85721;1751357236392;1751357236408;false
0;0;1032;182773;1751357236397;1751357236423;false
0;2;1033;54169;1751357236427;1751357236439;false
1;2;874;0;1751357236438;1751357236440;true
1;1;874;0;1751357236438;1751357236441;true
1;0;874;0;1751357236438;1751357236441;true
0;1;1033;84879;1751357236427;1751357236453;false
0;0;1033;183149;1751357236427;1751357236455;false
0;2;1034;54710;1751357236457;1751357236470;false
0;1;1034;85428;1751357236457;1751357236472;false
1;2;875;0;1751357236468;1751357236472;true
1;1;875;0;1751357236468;1751357236474;true
1;0;875;0;1751357236468;1751357236474;true
0;0;1034;183663;1751357236457;1751357236480;false
1;2;876;0;1751357236500;1751357236503;true
0;2;1035;53662;1751357236502;1751357236504;false
1;0;876;0;1751357236500;1751357236504;true
1;1;876;0;1751357236500;1751357236505;true
0;1;1035;84317;1751357236503;1751357236505;false
0;0;1035;181923;1751357236502;1751357236507;false
1;2;877;0;1751357236532;1751357236534;true
1;1;877;0;1751357236532;1751357236536;true
1;0;877;0;1751357236532;1751357236537;true
0;2;1036;54653;1751357236537;1751357236538;false
0;1;1036;85457;1751357236537;1751357236539;false
0;0;1036;183090;1751357236537;1751357236540;false
1;2;878;0;1751357236563;1751357236565;true
1;1;878;0;1751357236563;1751357236567;true
1;0;878;0;1751357236563;1751357236568;true
0;2;1037;54259;1751357236567;1751357236569;false
0;1;1037;86121;1751357236567;1751357236570;false
0;0;1037;183970;1751357236567;1751357236572;false
1;2;879;0;1751357236596;1751357236599;true
0;2;1038;54414;1751357236597;1751357236600;false
1;1;879;0;1751357236597;1751357236601;true
1;0;879;0;1751357236596;1751357236602;true
0;1;1038;85146;1751357236597;1751357236602;false
0;0;1038;182573;1751357236597;1751357236602;false
1;1;880;0;1751357236627;1751357236630;true
1;2;880;0;1751357236627;1751357236631;true
1;0;880;0;1751357236627;1751357236632;true
0;2;1039;54229;1751357236632;1751357236633;false
0;1;1039;85606;1751357236633;1751357236634;false
0;0;1039;182692;1751357236632;1751357236635;false
1;2;881;0;1751357236661;1751357236664;true
1;1;881;0;1751357236661;1751357236666;true
1;0;881;0;1751357236661;1751357236667;true
0;2;1040;54417;1751357236662;1751357236667;false
0;1;1040;84995;1751357236662;1751357236677;false
0;0;1040;181926;1751357236662;1751357236678;false
1;2;882;0;1751357236693;1751357236695;true
1;1;882;0;1751357236693;1751357236697;true
0;2;1041;53249;1751357236697;1751357236698;false
1;0;882;0;1751357236693;1751357236698;true
0;1;1041;84172;1751357236697;1751357236699;false
0;0;1041;180261;1751357236697;1751357236702;false
1;1;883;0;1751357236726;1751357236728;true
0;2;1042;52364;1751357236727;1751357236729;false
1;2;883;0;1751357236726;1751357236730;true
0;1;1042;82041;1751357236727;1751357236731;false
1;0;883;0;1751357236726;1751357236732;true
0;0;1042;176645;1751357236727;1751357236732;false
0;2;1043;52411;1751357236772;1751357236775;false
0;1;1043;82636;1751357236772;1751357236775;false
1;2;884;0;1751357236772;1751357236776;true
1;1;884;0;1751357236772;1751357236776;true
1;0;884;0;1751357236772;1751357236777;true
0;0;1043;175423;1751357236772;1751357236777;false
0;2;1044;52156;1751357236795;1751357236797;false
1;2;885;0;1751357236795;1751357236797;true
0;1;1044;81334;1751357236795;1751357236798;false
1;1;885;0;1751357236795;1751357236799;true
0;0;1044;173860;1751357236795;1751357236800;false
1;0;885;0;1751357236795;1751357236800;true
1;2;886;0;1751357236826;1751357236830;true
1;0;886;0;1751357236826;1751357236831;true
1;1;886;0;1751357236826;1751357236832;true
0;2;1045;50412;1751357236827;1751357236842;false
0;1;1045;78856;1751357236828;1751357236842;false
0;0;1045;168835;1751357236827;1751357236844;false
1;1;887;0;1751357236859;1751357236863;true
1;2;887;0;1751357236859;1751357236863;true
0;2;1046;49588;1751357236862;1751357236863;false
1;0;887;0;1751357236859;1751357236864;true
0;1;1046;77918;1751357236862;1751357236865;false
0;0;1046;167318;1751357236862;1751357236867;false
1;2;888;0;1751357236892;1751357236894;true
0;2;1047;49897;1751357236892;1751357236894;false
0;1;1047;78363;1751357236892;1751357236895;false
1;1;888;0;1751357236892;1751357236895;true
0;0;1047;167168;1751357236892;1751357236896;false
1;0;888;0;1751357236892;1751357236897;true
0;2;1048;49981;1751357236927;1751357236928;false
1;2;889;0;1751357236927;1751357236929;true
1;1;889;0;1751357236927;1751357236930;true
0;1;1048;77586;1751357236927;1751357236930;false
1;0;889;0;1751357236927;1751357236932;true
0;0;1048;165870;1751357236927;1751357236933;false
0;2;1049;48944;1751357236957;1751357236959;false
0;1;1049;76709;1751357236957;1751357236959;false
1;2;890;0;1751357236957;1751357236960;true
0;0;1049;163912;1751357236957;1751357236960;false
1;1;890;0;1751357236957;1751357236960;true
1;0;890;0;1751357236957;1751357236961;true
1;2;891;0;1751357236993;1751357236997;true
1;1;891;0;1751357236993;1751357236998;true
1;0;891;0;1751357236993;1751357236999;true
0;1;1050;76671;1751357236997;1751357237000;false
0;2;1050;48969;1751357236997;1751357237000;false
0;0;1050;164068;1751357236997;1751357237001;false
1;2;892;0;1751357237024;1751357237028;true
0;2;1051;49247;1751357237027;1751357237029;false
0;1;1051;76525;1751357237027;1751357237029;false
1;1;892;0;1751357237024;1751357237030;true
1;0;892;0;1751357237024;1751357237030;true
0;0;1051;163832;1751357237027;1751357237031;false
1;2;893;0;1751357237057;1751357237059;true
0;1;1052;77013;1751357237057;1751357237059;false
1;1;893;0;1751357237057;1751357237060;true
0;2;1052;49228;1751357237057;1751357237060;false
1;0;893;0;1751357237057;1751357237061;true
0;0;1052;164873;1751357237057;1751357237061;false
1;2;894;0;1751357237091;1751357237094;true
1;1;894;0;1751357237091;1751357237096;true
1;0;894;0;1751357237091;1751357237096;true
0;2;1053;49721;1751357237092;1751357237098;false
0;1;1053;77830;1751357237097;1751357237107;false
0;0;1053;166390;1751357237092;1751357237123;false
1;1;895;0;1751357237123;1751357237127;true
1;2;895;0;1751357237123;1751357237128;true
1;0;895;0;1751357237123;1751357237129;true
0;2;1054;49990;1751357237127;1751357237139;false
0;1;1054;77641;1751357237139;1751357237140;false
0;0;1054;165997;1751357237127;1751357237143;false
1;2;896;0;1751357237158;1751357237160;true
1;1;896;0;1751357237158;1751357237161;true
1;0;896;0;1751357237158;1751357237163;true
0;2;1055;49317;1751357237162;1751357237164;false
0;1;1055;76957;1751357237162;1751357237164;false
0;0;1055;164543;1751357237162;1751357237165;false
1;2;897;0;1751357237191;1751357237193;true
1;1;897;0;1751357237191;1751357237195;true
1;0;897;0;1751357237191;1751357237196;true
0;2;1056;49774;1751357237192;1751357237197;false
0;1;1056;77807;1751357237192;1751357237209;false
0;0;1056;165807;1751357237197;1751357237223;false
1;1;898;0;1751357237222;1751357237225;true
1;2;898;0;1751357237222;1751357237226;true
1;0;898;0;1751357237222;1751357237227;true
0;2;1057;49596;1751357237227;1751357237239;false
0;1;1057;77666;1751357237227;1751357237239;false
0;0;1057;166035;1751357237227;1751357237243;false
1;2;899;0;1751357237254;1751357237257;true
1;1;899;0;1751357237254;1751357237258;true
0;2;1058;49601;1751357237257;1751357237258;false
0;1;1058;77560;1751357237257;1751357237259;false
1;0;899;0;1751357237254;1751357237260;true
0;0;1058;165321;1751357237257;1751357237272;false
0;2;1059;49398;1751357237287;1751357237289;false
0;1;1059;77323;1751357237288;1751357237290;false
1;1;900;0;1751357237287;1751357237290;true
1;2;900;0;1751357237287;1751357237291;true
0;0;1059;166088;1751357237287;1751357237292;false
1;0;900;0;1751357237287;1751357237292;true
1;2;901;0;1751357237322;1751357237323;true
1;1;901;0;1751357237322;1751357237325;true
1;0;901;0;1751357237322;1751357237327;true
0;2;1060;49781;1751357237327;1751357237329;false
0;1;1060;77535;1751357237327;1751357237330;false
0;0;1060;166206;1751357237327;1751357237330;false
1;1;902;0;1751357237359;1751357237360;true
1;2;902;0;1751357237359;1751357237363;true
0;1;1061;77850;1751357237362;1751357237363;false
1;0;902;0;1751357237359;1751357237363;true
0;2;1061;49541;1751357237362;1751357237365;false
0;0;1061;166178;1751357237362;1751357237366;false
1;2;903;0;1751357237390;1751357237392;true
1;1;903;0;1751357237390;1751357237394;true
0;1;1062;72531;1751357237392;1751357237394;false
0;2;1062;49558;1751357237392;1751357237395;false
1;0;903;0;1751357237390;1751357237396;true
0;0;1062;154972;1751357237392;1751357237396;false
1;2;904;0;1751357237425;1751357237427;true
1;1;904;0;1751357237425;1751357237429;true
0;1;1063;78137;1751357237427;1751357237429;false
0;2;1063;49885;1751357237427;1751357237429;false
1;0;904;0;1751357237425;1751357237429;true
0;0;1063;166982;1751357237427;1751357237431;false
0;2;1064;49851;1751357237457;1751357237459;false
1;1;905;0;1751357237456;1751357237459;true
1;2;905;0;1751357237456;1751357237461;true
0;1;1064;77807;1751357237457;1751357237461;false
1;0;905;0;1751357237456;1751357237461;true
0;0;1064;166613;1751357237457;1751357237461;false
1;2;906;0;1751357237488;1751357237489;true
1;1;906;0;1751357237488;1751357237491;true
1;0;906;0;1751357237488;1751357237492;true
0;1;1065;77293;1751357237492;1751357237493;false
0;2;1065;49876;1751357237492;1751357237493;false
0;0;1065;167370;1751357237492;1751357237495;false
1;2;907;0;1751357237518;1751357237520;true
0;2;1066;50186;1751357237522;1751357237522;false
1;1;907;0;1751357237518;1751357237523;true
1;0;907;0;1751357237518;1751357237523;true
0;1;1066;78868;1751357237522;1751357237525;false
0;0;1066;168817;1751357237522;1751357237526;false
1;2;908;0;1751357237557;1751357237558;true
1;1;908;0;1751357237557;1751357237559;true
1;0;908;0;1751357237557;1751357237561;true
0;2;1067;50557;1751357237562;1751357237564;false
0;1;1067;79046;1751357237562;1751357237564;false
0;0;1067;168929;1751357237562;1751357237566;false
0;1;1068;78976;1751357237592;1751357237594;false
1;1;909;0;1751357237590;1751357237597;true
1;2;909;0;1751357237590;1751357237597;true
0;2;1068;50781;1751357237592;1751357237597;false
1;0;909;0;1751357237591;1751357237597;true
0;0;1068;168976;1751357237592;1751357237597;false
1;2;910;0;1751357237624;1751357237627;true
0;2;1069;50434;1751357237627;1751357237629;false
1;0;910;0;1751357237624;1751357237629;true
1;1;910;0;1751357237624;1751357237629;true
0;1;1069;79493;1751357237627;1751357237629;false
0;0;1069;168607;1751357237627;1751357237631;false
1;1;911;0;1751357237653;1751357237656;true
1;2;911;0;1751357237653;1751357237656;true
1;0;911;0;1751357237653;1751357237659;true
0;1;1070;78499;1751357237657;1751357237659;false
0;2;1070;50545;1751357237657;1751357237660;false
0;0;1070;168226;1751357237658;1751357237662;false
1;2;912;0;1751357237688;1751357237689;true
1;1;912;0;1751357237688;1751357237691;true
1;0;912;0;1751357237688;1751357237693;true
0;1;1071;78582;1751357237692;1751357237693;false
0;2;1071;49709;1751357237692;1751357237694;false
0;0;1071;167700;1751357237693;1751357237695;false
1;2;913;0;1751357237720;1751357237721;true
0;2;1072;50114;1751357237722;1751357237724;false
1;1;913;0;1751357237720;1751357237725;true
1;0;913;0;1751357237720;1751357237725;true
0;1;1072;78519;1751357237722;1751357237727;false
0;0;1072;167883;1751357237722;1751357237728;false
1;2;914;0;1751357237752;1751357237755;true
1;1;914;0;1751357237752;1751357237756;true
1;0;914;0;1751357237752;1751357237757;true
0;2;1073;49882;1751357237757;1751357237758;false
0;1;1073;77925;1751357237757;1751357237758;false
0;0;1073;166659;1751357237757;1751357237760;false
1;1;915;0;1751357237783;1751357237786;true
1;2;915;0;1751357237783;1751357237787;true
1;0;915;0;1751357237783;1751357237788;true
0;2;1074;49680;1751357237787;1751357237790;false
0;1;1074;77440;1751357237787;1751357237790;false
0;0;1074;166511;1751357237787;1751357237792;false
1;2;916;0;1751357237817;1751357237820;true
0;1;1075;78519;1751357237817;1751357237820;false
1;1;916;0;1751357237817;1751357237820;true
0;2;1075;50279;1751357237817;1751357237820;false
0;0;1075;167201;1751357237817;1751357237822;false
1;0;916;0;1751357237817;1751357237822;true
0;2;1076;50081;1751357237847;1751357237848;false
0;1;1076;78208;1751357237847;1751357237849;false
1;2;917;0;1751357237848;1751357237851;true
0;0;1076;167402;1751357237847;1751357237851;false
1;1;917;0;1751357237848;1751357237852;true
1;0;917;0;1751357237848;1751357237852;true
1;2;918;0;1751357237887;1751357237889;true
1;1;918;0;1751357237888;1751357237892;true
1;0;918;0;1751357237887;1751357237892;true
0;2;1077;49904;1751357237892;1751357237893;false
0;0;1077;166197;1751357237892;1751357237895;false
0;1;1077;77759;1751357237892;1751357237895;false
1;1;919;0;1751357237919;1751357237921;true
1;2;919;0;1751357237919;1751357237922;true
1;0;919;0;1751357237919;1751357237923;true
0;2;1078;49672;1751357237922;1751357237924;false
0;1;1078;77724;1751357237922;1751357237925;false
0;0;1078;166691;1751357237922;1751357237926;false
0;2;1079;49447;1751357237952;1751357237953;false
1;2;920;0;1751357237950;1751357237954;true
0;1;1079;77541;1751357237952;1751357237954;false
1;1;920;0;1751357237951;1751357237955;true
1;0;920;0;1751357237950;1751357237956;true
0;0;1079;165192;1751357237952;1751357237956;false
1;2;921;0;1751357237982;1751357237983;true
1;1;921;0;1751357237982;1751357237986;true
1;0;921;0;1751357237982;1751357237987;true
0;1;1080;77168;1751357237987;1751357237989;false
0;2;1080;49404;1751357237987;1751357237989;false
0;0;1080;165356;1751357237987;1751357237990;false
1;1;922;0;1751357238013;1751357238018;true
1;2;922;0;1751357238013;1751357238018;true
0;2;1081;49569;1751357238017;1751357238019;false
1;0;922;0;1751357238014;1751357238019;true
0;1;1081;77831;1751357238017;1751357238020;false
0;0;1081;166342;1751357238017;1751357238021;false
1;2;923;0;1751357238052;1751357238054;true
1;1;923;0;1751357238052;1751357238057;true
1;0;923;0;1751357238052;1751357238057;true
0;2;1082;49603;1751357238057;1751357238059;false
0;1;1082;77075;1751357238057;1751357238059;false
0;0;1082;165363;1751357238057;1751357238060;false
1;2;924;0;1751357238085;1751357238088;true
0;2;1083;49645;1751357238087;1751357238088;false
1;1;924;0;1751357238085;1751357238089;true
0;1;1083;77844;1751357238087;1751357238089;false
1;0;924;0;1751357238085;1751357238089;true
0;0;1083;166362;1751357238087;1751357238089;false
1;2;925;0;1751357238116;1751357238119;true
1;1;925;0;1751357238116;1751357238121;true
1;0;925;0;1751357238116;1751357238122;true
0;1;1084;76780;1751357238117;1751357238122;false
0;2;1084;49236;1751357238117;1751357238123;false
0;0;1084;165236;1751357238117;1751357238136;false
1;2;926;0;1751357238151;1751357238154;true
0;2;1085;49290;1751357238152;1751357238155;false
1;1;926;0;1751357238151;1751357238155;true
0;1;1085;77087;1751357238152;1751357238155;false
1;0;926;0;1751357238151;1751357238156;true
0;0;1085;164888;1751357238153;1751357238156;false
1;2;927;0;1751357238182;1751357238185;true
1;1;927;0;1751357238182;1751357238185;true
1;0;927;0;1751357238182;1751357238187;true
0;1;1086;77574;1751357238187;1751357238189;false
0;2;1086;49326;1751357238187;1751357238189;false
0;0;1086;166080;1751357238187;1751357238191;false
1;2;928;0;1751357238213;1751357238215;true
1;1;928;0;1751357238213;1751357238215;true
1;0;928;0;1751357238213;1751357238217;true
0;2;1087;49417;1751357238217;1751357238218;false
0;1;1087;77925;1751357238217;1751357238219;false
0;0;1087;165203;1751357238217;1751357238220;false
0;2;1088;49065;1751357238252;1751357238253;false
1;2;929;0;1751357238250;1751357238254;true
0;1;1088;77639;1751357238252;1751357238254;false
1;1;929;0;1751357238251;1751357238256;true
0;0;1088;165475;1751357238253;1751357238256;false
1;0;929;0;1751357238251;1751357238256;true
1;2;930;0;1751357238282;1751357238284;true
1;1;930;0;1751357238282;1751357238288;true
1;0;930;0;1751357238282;1751357238288;true
0;2;1089;49576;1751357238287;1751357238289;false
0;1;1089;77914;1751357238287;1751357238289;false
0;0;1089;165741;1751357238287;1751357238290;false
1;2;931;0;1751357238314;1751357238315;true
1;1;931;0;1751357238314;1751357238319;true
0;1;1090;77564;1751357238317;1751357238319;false
0;2;1090;49575;1751357238317;1751357238319;false
1;0;931;0;1751357238314;1751357238320;true
0;0;1090;165750;1751357238317;1751357238322;false
1;2;932;0;1751357238345;1751357238348;true
1;1;932;0;1751357238345;1751357238348;true
0;1;1091;77624;1751357238347;1751357238349;false
1;0;932;0;1751357238345;1751357238350;true
0;2;1091;49248;1751357238347;1751357238351;false
0;0;1091;165648;1751357238347;1751357238351;false
1;1;933;0;1751357238384;1751357238387;true
1;2;933;0;1751357238384;1751357238387;true
0;2;1092;49405;1751357238387;1751357238388;false
1;0;933;0;1751357238384;1751357238389;true
0;1;1092;77807;1751357238387;1751357238389;false
0;0;1092;165809;1751357238387;1751357238391;false
1;1;934;0;1751357238417;1751357238420;true
1;2;934;0;1751357238417;1751357238420;true
1;0;934;0;1751357238417;1751357238422;true
0;1;1093;77337;1751357238422;1751357238423;false
0;2;1093;49724;1751357238422;1751357238424;false
0;0;1093;165804;1751357238422;1751357238425;false
1;1;935;0;1751357238448;1751357238450;true
1;2;935;0;1751357238448;1751357238452;true
1;0;935;0;1751357238448;1751357238454;true
0;2;1094;49258;1751357238452;1751357238454;false
0;1;1094;77261;1751357238452;1751357238455;false
0;0;1094;165019;1751357238452;1751357238457;false
1;1;936;0;1751357238480;1751357238482;true
0;2;1095;49473;1751357238482;1751357238483;false
1;2;936;0;1751357238480;1751357238484;true
1;0;936;0;1751357238480;1751357238484;true
0;1;1095;77584;1751357238482;1751357238485;false
0;0;1095;164946;1751357238482;1751357238487;false
1;2;937;0;1751357238517;1751357238518;true
1;1;937;0;1751357238517;1751357238518;true
1;0;937;0;1751357238517;1751357238518;true
0;2;1096;49468;1751357238534;1751357238534;false
0;1;1096;77509;1751357238534;1751357238535;false
0;0;1096;166476;1751357238533;1751357238537;false
0;1;1097;78100;1751357238537;1751357238539;false
0;2;1097;49976;1751357238537;1751357238539;false
0;0;1097;166832;1751357238537;1751357238540;false
1;1;938;0;1751357238548;1751357238552;true
1;2;938;0;1751357238548;1751357238552;true
1;0;938;0;1751357238548;1751357238553;true
1;2;939;0;1751357238582;1751357238584;true
1;1;939;0;1751357238582;1751357238585;true
1;0;939;0;1751357238582;1751357238588;true
0;1;1098;77718;1751357238588;1751357238589;false
0;2;1098;49532;1751357238587;1751357238589;false
0;0;1098;165485;1751357238587;1751357238589;false
1;2;940;0;1751357238612;1751357238615;true
1;1;940;0;1751357238612;1751357238616;true
1;0;940;0;1751357238612;1751357238617;true
0;1;1099;77577;1751357238617;1751357238619;false
0;2;1099;49429;1751357238617;1751357238619;false
0;0;1099;165838;1751357238617;1751357238620;false
1;2;941;0;1751357238647;1751357238651;true
1;1;941;0;1751357238647;1751357238652;true
0;2;1100;48935;1751357238652;1751357238653;false
1;0;941;0;1751357238647;1751357238653;true
0;0;1100;164199;1751357238652;1751357238654;false
0;1;1100;76583;1751357238652;1751357238654;false
0;1;1101;76746;1751357238672;1751357238675;false
0;0;1101;163856;1751357238672;1751357238676;false
0;2;1101;49064;1751357238672;1751357238676;false
1;2;942;0;1751357238673;1751357238677;true
1;1;942;0;1751357238673;1751357238677;true
1;0;942;0;1751357238673;1751357238679;true
0;2;1102;48967;1751357238703;1751357238703;false
0;1;1102;77052;1751357238703;1751357238705;false
0;0;1102;164355;1751357238703;1751357238705;false
1;2;943;0;1751357238716;1751357238719;true
1;1;943;0;1751357238716;1751357238720;true
1;0;943;0;1751357238716;1751357238721;true
0;1;1103;76035;1751357238747;1751357238749;false
0;2;1103;48898;1751357238747;1751357238749;false
1;2;944;0;1751357238747;1751357238751;true
1;1;944;0;1751357238747;1751357238751;true
0;0;1103;163403;1751357238747;1751357238751;false
1;0;944;0;1751357238747;1751357238752;true
0;2;1104;49142;1751357238767;1751357238768;false
0;1;1104;76434;1751357238767;1751357238769;false
0;0;1104;164128;1751357238767;1751357238770;false
1;2;945;0;1751357238781;1751357238783;true
1;1;945;0;1751357238781;1751357238784;true
1;0;945;0;1751357238781;1751357238785;true
1;1;946;0;1751357238812;1751357238815;true
1;2;946;0;1751357238812;1751357238817;true
1;0;946;0;1751357238812;1751357238818;true
0;2;1105;49096;1751357238817;1751357238819;false
0;1;1105;77077;1751357238817;1751357238819;false
0;0;1105;164095;1751357238817;1751357238820;false
1;2;947;0;1751357238844;1751357238848;true
0;1;1106;77054;1751357238847;1751357238849;false
1;1;947;0;1751357238844;1751357238849;true
1;0;947;0;1751357238844;1751357238850;true
0;2;1106;48685;1751357238847;1751357238850;false
0;0;1106;164269;1751357238847;1751357238851;false
1;2;948;0;1751357238875;1751357238878;true
0;2;1107;48665;1751357238877;1751357238878;false
1;1;948;0;1751357238875;1751357238879;true
0;1;1107;76218;1751357238877;1751357238880;false
1;0;948;0;1751357238875;1751357238880;true
0;0;1107;163264;1751357238877;1751357238881;false
0;2;1108;49372;1751357238913;1751357238914;false
1;2;949;0;1751357238913;1751357238914;true
0;1;1108;77334;1751357238913;1751357238916;false
1;1;949;0;1751357238913;1751357238916;true
1;0;949;0;1751357238913;1751357238916;true
0;0;1108;165715;1751357238913;1751357238916;false
0;2;1109;49201;1751357238932;1751357238946;false
0;1;1109;76919;1751357238932;1751357238946;false
0;0;1109;164549;1751357238932;1751357238946;false
1;2;950;0;1751357238945;1751357238948;true
1;1;950;0;1751357238945;1751357238948;true
1;0;950;0;1751357238945;1751357238950;true
0;2;1110;48926;1751357238972;1751357238974;false
0;1;1110;76184;1751357238972;1751357238974;false
1;2;951;0;1751357238972;1751357238974;true
0;0;1110;163075;1751357238972;1751357238974;false
1;1;951;0;1751357238972;1751357238976;true
1;0;951;0;1751357238972;1751357238976;true
1;1;952;0;1751357239009;1751357239013;true
1;2;952;0;1751357239009;1751357239013;true
1;0;952;0;1751357239009;1751357239014;true
0;2;1111;49040;1751357239013;1751357239015;false
0;1;1111;76336;1751357239013;1751357239015;false
0;0;1111;163098;1751357239013;1751357239017;false
1;1;953;0;1751357239040;1751357239043;true
0;2;1112;49432;1751357239042;1751357239043;false
0;1;1112;76983;1751357239042;1751357239044;false
1;2;953;0;1751357239040;1751357239044;true
1;0;953;0;1751357239040;1751357239045;true
0;0;1112;164827;1751357239042;1751357239046;false
0;2;1113;49188;1751357239067;1751357239068;false
0;1;1113;77074;1751357239067;1751357239068;false
0;0;1113;164091;1751357239067;1751357239070;false
1;1;954;0;1751357239069;1751357239071;true
1;2;954;0;1751357239069;1751357239072;true
1;0;954;0;1751357239069;1751357239073;true
0;2;1114;48651;1751357239112;1751357239116;false
0;1;1114;76331;1751357239113;1751357239116;false
1;1;955;0;1751357239112;1751357239116;true
1;2;955;0;1751357239112;1751357239116;true
0;0;1114;162818;1751357239113;1751357239116;false
1;0;955;0;1751357239112;1751357239117;true
0;2;1115;48454;1751357239132;1751357239133;false
0;1;1115;76912;1751357239132;1751357239134;false
0;0;1115;163520;1751357239132;1751357239135;false
1;2;956;0;1751357239135;1751357239136;true
1;1;956;0;1751357239135;1751357239137;true
1;0;956;0;1751357239135;1751357239138;true
1;2;957;0;1751357239175;1751357239176;true
0;2;1116;48568;1751357239177;1751357239179;false
1;0;957;0;1751357239175;1751357239180;true
1;1;957;0;1751357239175;1751357239180;true
0;1;1116;75583;1751357239177;1751357239180;false
0;0;1116;161582;1751357239177;1751357239181;false
0;2;1117;48315;1751357239211;1751357239212;false
1;2;958;0;1751357239211;1751357239213;true
0;1;1117;76270;1751357239212;1751357239214;false
1;1;958;0;1751357239211;1751357239215;true
0;0;1117;163237;1751357239212;1751357239216;false
1;0;958;0;1751357239211;1751357239216;true
0;2;1118;48439;1751357239242;1751357239245;false
0;1;1118;76541;1751357239244;1751357239245;false
0;0;1118;162823;1751357239244;1751357239247;false
1;2;959;0;1751357239242;1751357239247;true
1;1;959;0;1751357239242;1751357239247;true
1;0;959;0;1751357239242;1751357239248;true
1;1;960;0;1751357239273;1751357239279;true
0;2;1119;48788;1751357239277;1751357239279;false
1;0;960;0;1751357239273;1751357239279;true
1;2;960;0;1751357239273;1751357239279;true
0;1;1119;76378;1751357239277;1751357239279;false
0;0;1119;163201;1751357239277;1751357239280;false
0;2;1120;48149;1751357239297;1751357239298;false
0;1;1120;75442;1751357239297;1751357239299;false
0;0;1120;161889;1751357239297;1751357239300;false
1;1;961;0;1751357239309;1751357239312;true
1;2;961;0;1751357239309;1751357239313;true
1;0;961;0;1751357239309;1751357239313;true
0;2;1121;49240;1751357239341;1751357239343;false
0;1;1121;76688;1751357239341;1751357239344;false
1;2;962;0;1751357239341;1751357239344;true
1;1;962;0;1751357239341;1751357239345;true
0;0;1121;163315;1751357239341;1751357239346;false
1;0;962;0;1751357239341;1751357239346;true
1;2;963;0;1751357239372;1751357239376;true
1;1;963;0;1751357239373;1751357239377;true
0;2;1122;49035;1751357239377;1751357239378;false
1;0;963;0;1751357239372;1751357239378;true
0;1;1122;77165;1751357239377;1751357239379;false
0;0;1122;164820;1751357239377;1751357239381;false
1;2;964;0;1751357239404;1751357239405;true
1;1;964;0;1751357239404;1751357239408;true
1;0;964;0;1751357239404;1751357239409;true
0;1;1123;76285;1751357239407;1751357239409;false
0;2;1123;48889;1751357239407;1751357239409;false
0;0;1123;163288;1751357239407;1751357239410;false
1;2;965;0;1751357239442;1751357239444;true
0;2;1124;48953;1751357239427;1751357239445;false
1;1;965;0;1751357239442;1751357239446;true
0;1;1124;77188;1751357239443;1751357239446;false
0;0;1124;164049;1751357239442;1751357239446;false
1;0;965;0;1751357239442;1751357239447;true
0;2;1125;48920;1751357239461;1751357239477;false
1;2;966;0;1751357239476;1751357239478;true
0;1;1125;76227;1751357239462;1751357239479;false
1;1;966;0;1751357239476;1751357239480;true
0;0;1125;162480;1751357239462;1751357239481;false
1;0;966;0;1751357239476;1751357239481;true
1;2;967;0;1751357239511;1751357239512;true
0;1;1126;76144;1751357239497;1751357239512;false
0;2;1126;48916;1751357239497;1751357239512;false
0;0;1126;163773;1751357239512;1751357239516;false
1;1;967;0;1751357239511;1751357239516;true
1;0;967;0;1751357239511;1751357239517;true
0;1;1127;77082;1751357239532;1751357239532;false
0;2;1127;48812;1751357239532;1751357239534;false
1;2;968;0;1751357239532;1751357239535;true
0;0;1127;163648;1751357239532;1751357239535;false
1;0;968;0;1751357239532;1751357239537;true
1;1;968;0;1751357239532;1751357239537;true
0;1;1128;76622;1751357239563;1751357239565;false
0;2;1128;48960;1751357239562;1751357239565;false
0;0;1128;163764;1751357239562;1751357239565;false
1;2;969;0;1751357239564;1751357239566;true
1;1;969;0;1751357239564;1751357239566;true
1;0;969;0;1751357239564;1751357239568;true
0;1;1129;76595;1751357239597;1751357239598;false
1;2;970;0;1751357239597;1751357239599;true
0;2;1129;49559;1751357239597;1751357239600;false
1;1;970;0;1751357239597;1751357239601;true
0;0;1129;164123;1751357239597;1751357239602;false
1;0;970;0;1751357239597;1751357239602;true
0;2;1130;48985;1751357239642;1751357239644;false
1;2;971;0;1751357239642;1751357239644;true
0;1;1130;77031;1751357239642;1751357239644;false
1;1;971;0;1751357239642;1751357239645;true
0;0;1130;165303;1751357239642;1751357239647;false
1;0;971;0;1751357239642;1751357239647;true
0;2;1131;49469;1751357239662;1751357239665;false
0;1;1131;77305;1751357239662;1751357239665;false
0;0;1131;165224;1751357239662;1751357239666;false
1;1;972;0;1751357239663;1751357239666;true
1;2;972;0;1751357239663;1751357239667;true
1;0;972;0;1751357239663;1751357239667;true
0;2;1132;50031;1751357239707;1751357239709;false
0;1;1132;78127;1751357239707;1751357239710;false
1;2;973;0;1751357239707;1751357239710;true
0;0;1132;166485;1751357239707;1751357239712;false
1;1;973;0;1751357239707;1751357239712;true
1;0;973;0;1751357239707;1751357239712;true
0;2;1133;50108;1751357239727;1751357239743;false
0;1;1133;78343;1751357239727;1751357239745;false
0;0;1133;168339;1751357239727;1751357239745;false
1;1;974;0;1751357239741;1751357239745;true
1;2;974;0;1751357239741;1751357239745;true
1;0;974;0;1751357239741;1751357239747;true
0;2;1134;49695;1751357239773;1751357239775;false
0;1;1134;78540;1751357239773;1751357239776;false
1;2;975;0;1751357239773;1751357239776;true
0;0;1134;167337;1751357239773;1751357239777;false
1;0;975;0;1751357239773;1751357239778;true
1;1;975;0;1751357239773;1751357239778;true
0;1;1135;78935;1751357239792;1751357239794;false
0;2;1135;50102;1751357239792;1751357239794;false
0;0;1135;168413;1751357239792;1751357239795;false
1;2;976;0;1751357239795;1751357239798;true
1;1;976;0;1751357239795;1751357239798;true
1;0;976;0;1751357239795;1751357239799;true
0;2;1136;50217;1751357239827;1751357239829;false
0;1;1136;78405;1751357239827;1751357239830;false
1;2;977;0;1751357239828;1751357239830;true
0;0;1136;167808;1751357239828;1751357239831;false
1;1;977;0;1751357239828;1751357239832;true
1;0;977;0;1751357239828;1751357239832;true
0;2;1137;49484;1751357239857;1751357239858;false
0;1;1137;77892;1751357239857;1751357239860;false
0;0;1137;166328;1751357239857;1751357239860;false
1;2;978;0;1751357239870;1751357239874;true
1;0;978;0;1751357239870;1751357239876;true
1;1;978;0;1751357239870;1751357239877;true
1;2;979;0;1751357239902;1751357239904;true
1;1;979;0;1751357239902;1751357239907;true
1;0;979;0;1751357239902;1751357239909;true
0;1;1138;77791;1751357239907;1751357239910;false
0;2;1138;49941;1751357239907;1751357239910;false
0;0;1138;167659;1751357239907;1751357239911;false
1;2;980;0;1751357239934;1751357239938;true
0;2;1139;50235;1751357239937;1751357239939;false
1;1;980;0;1751357239934;1751357239939;true
1;0;980;0;1751357239934;1751357239940;true
0;1;1139;78402;1751357239937;1751357239940;false
0;0;1139;167325;1751357239937;1751357239941;false
0;2;1140;49962;1751357239974;1751357239977;false
0;1;1140;78257;1751357239974;1751357239977;false
1;2;981;0;1751357239974;1751357239977;true
1;1;981;0;1751357239974;1751357239978;true
0;0;1140;167669;1751357239974;1751357239979;false
1;0;981;0;1751357239974;1751357239980;true
0;2;1141;49754;1751357239992;1751357239994;false
0;1;1141;77930;1751357239992;1751357239994;false
1;2;982;0;1751357239993;1751357239996;true
0;0;1141;167243;1751357239992;1751357239996;false
1;1;982;0;1751357239993;1751357239997;true
1;0;982;0;1751357239993;1751357239998;true
0;2;1142;49737;1751357240022;1751357240023;false
0;1;1142;78232;1751357240022;1751357240039;false
1;2;983;0;1751357240037;1751357240040;true
0;0;1142;167687;1751357240023;1751357240041;false
1;1;983;0;1751357240037;1751357240041;true
1;0;983;0;1751357240037;1751357240042;true
0;2;1143;49644;1751357240057;1751357240058;false
0;1;1143;77817;1751357240057;1751357240059;false
0;0;1143;166915;1751357240057;1751357240060;false
1;2;984;0;1751357240059;1751357240061;true
1;1;984;0;1751357240059;1751357240062;true
1;0;984;0;1751357240059;1751357240063;true
0;1;1144;77926;1751357240087;1751357240089;false
0;2;1144;50072;1751357240087;1751357240089;false
0;0;1144;167090;1751357240087;1751357240092;false
1;1;985;0;1751357240092;1751357240095;true
1;2;985;0;1751357240092;1751357240096;true
1;0;985;0;1751357240092;1751357240096;true
0;1;1145;77943;1751357240137;1751357240140;false
1;2;986;0;1751357240137;1751357240140;true
0;2;1145;50115;1751357240137;1751357240140;false
1;1;986;0;1751357240137;1751357240141;true
0;0;1145;167240;1751357240137;1751357240141;false
1;0;986;0;1751357240137;1751357240142;true
1;2;987;0;1751357240158;1751357240160;true
0;2;1146;50079;1751357240157;1751357240160;false
0;1;1146;79599;1751357240157;1751357240161;false
1;1;987;0;1751357240158;1751357240162;true
0;0;1146;168605;1751357240157;1751357240162;false
1;0;987;0;1751357240158;1751357240162;true
0;2;1147;49759;1751357240192;1751357240193;false
0;1;1147;78312;1751357240192;1751357240194;false
1;1;988;0;1751357240192;1751357240195;true
1;2;988;0;1751357240192;1751357240195;true
0;0;1147;167188;1751357240192;1751357240197;false
1;0;988;0;1751357240192;1751357240197;true
0;2;1148;50108;1751357240222;1751357240224;false
0;1;1148;77924;1751357240222;1751357240225;false
0;0;1148;166500;1751357240222;1751357240226;false
1;2;989;0;1751357240224;1751357240226;true
1;1;989;0;1751357240224;1751357240227;true
1;0;989;0;1751357240224;1751357240228;true
0;2;1149;50016;1751357240257;1751357240258;false
1;2;990;0;1751357240257;1751357240259;true
0;1;1149;79059;1751357240257;1751357240260;false
0;0;1149;168276;1751357240257;1751357240261;false
1;1;990;0;1751357240257;1751357240262;true
1;0;990;0;1751357240257;1751357240262;true
0;2;1150;50424;1751357240287;1751357240289;false
0;1;1150;78652;1751357240287;1751357240292;false
0;0;1150;168222;1751357240287;1751357240293;false
1;1;991;0;1751357240290;1751357240293;true
1;2;991;0;1751357240290;1751357240294;true
1;0;991;0;1751357240290;1751357240295;true
1;2;992;0;1751357240337;1751357240340;true
0;2;1151;49711;1751357240337;1751357240340;false
0;1;1151;77954;1751357240337;1751357240341;false
1;1;992;0;1751357240337;1751357240342;true
0;0;1151;167144;1751357240337;1751357240342;false
1;0;992;0;1751357240337;1751357240343;true
0;2;1152;50054;1751357240357;1751357240359;false
1;2;993;0;1751357240357;1751357240360;true
0;1;1152;78277;1751357240357;1751357240360;false
1;1;993;0;1751357240357;1751357240361;true
0;0;1152;166752;1751357240357;1751357240361;false
1;0;993;0;1751357240357;1751357240362;true
0;2;1153;49735;1751357240387;1751357240389;false
0;1;1153;77946;1751357240387;1751357240391;false
0;0;1153;166470;1751357240387;1751357240391;false
1;2;994;0;1751357240389;1751357240391;true
1;1;994;0;1751357240389;1751357240392;true
1;0;994;0;1751357240389;1751357240393;true
0;2;1154;50203;1751357240417;1751357240433;false
1;2;995;0;1751357240432;1751357240434;true
0;1;1154;78075;1751357240417;1751357240436;false
1;1;995;0;1751357240432;1751357240437;true
0;0;1154;166690;1751357240433;1751357240437;false
1;0;995;0;1751357240432;1751357240438;true
0;1;1155;78459;1751357240452;1751357240453;false
0;2;1155;49903;1751357240452;1751357240454;false
0;0;1155;167419;1751357240452;1751357240455;false
1;1;996;0;1751357240455;1751357240457;true
1;2;996;0;1751357240455;1751357240459;true
1;0;996;0;1751357240455;1751357240459;true
0;2;1156;50490;1751357240492;1751357240494;false
1;1;997;0;1751357240492;1751357240495;true
0;1;1156;78199;1751357240493;1751357240495;false
1;2;997;0;1751357240492;1751357240496;true
0;0;1156;167589;1751357240492;1751357240497;false
1;0;997;0;1751357240492;1751357240497;true
1;1;998;0;1751357240522;1751357240525;true
1;2;998;0;1751357240522;1751357240525;true
1;0;998;0;1751357240522;1751357240527;true
0;2;1157;50087;1751357240527;1751357240528;false
0;1;1157;77501;1751357240527;1751357240529;false
0;0;1157;166471;1751357240527;1751357240530;false
0;2;1158;49699;1751357240567;1751357240569;false
1;2;999;0;1751357240567;1751357240570;true
1;1;999;0;1751357240567;1751357240572;true
0;1;1158;77957;1751357240568;1751357240572;false
0;0;1158;166780;1751357240567;1751357240573;false
1;0;999;0;1751357240567;1751357240573;true
0;2;1159;49917;1751357240587;1751357240589;false
0;1;1159;77916;1751357240587;1751357240590;false
1;2;1000;0;1751357240587;1751357240590;true
1;1;1000;0;1751357240587;1751357240591;true
0;0;1159;167274;1751357240587;1751357240591;false
1;0;1000;0;1751357240587;1751357240591;true
1;2;1001;0;1751357240622;1751357240623;true
1;1;1001;0;1751357240622;1751357240625;true
0;1;1160;78092;1751357240622;1751357240625;false
0;2;1160;49667;1751357240622;1751357240625;false
0;0;1160;166734;1751357240622;1751357240625;false
1;0;1001;0;1751357240622;1751357240625;true
0;2;1161;49624;1751357240652;1751357240653;false
0;1;1161;77619;1751357240652;1751357240655;false
1;2;1002;0;1751357240653;1751357240656;true
0;0;1161;165550;1751357240652;1751357240656;false
1;1;1002;0;1751357240653;1751357240656;true
1;0;1002;0;1751357240653;1751357240657;true
1;2;1003;0;1751357240686;1751357240690;true
1;1;1003;0;1751357240687;1751357240691;true
1;0;1003;0;1751357240687;1751357240691;true
0;2;1162;49714;1751357240703;1751357240706;false
0;1;1162;77546;1751357240704;1751357240706;false
0;0;1162;166590;1751357240703;1751357240708;false
0;2;1163;50116;1751357240722;1751357240724;false
1;2;1004;0;1751357240722;1751357240724;true
0;1;1163;78433;1751357240722;1751357240725;false
1;1;1004;0;1751357240722;1751357240726;true
0;0;1163;168167;1751357240722;1751357240726;false
1;0;1004;0;1751357240722;1751357240727;true
1;1;1005;0;1751357240753;1751357240756;true
1;2;1005;0;1751357240753;1751357240758;true
1;0;1005;0;1751357240753;1751357240759;true
0;2;1164;50326;1751357240757;1751357240759;false
0;1;1164;78435;1751357240757;1751357240760;false
0;0;1164;167299;1751357240757;1751357240761;false
1;1;1006;0;1751357240786;1751357240788;true
1;2;1006;0;1751357240786;1751357240788;true
0;1;1165;78733;1751357240787;1751357240788;false
0;2;1165;50158;1751357240787;1751357240789;false
1;0;1006;0;1751357240786;1751357240790;true
0;0;1165;168609;1751357240787;1751357240791;false
1;2;1007;0;1751357240818;1751357240819;true
1;1;1007;0;1751357240818;1751357240821;true
1;0;1007;0;1751357240818;1751357240823;true
0;1;1166;79996;1751357240817;1751357240823;false
0;2;1166;50607;1751357240817;1751357240827;false
0;0;1166;171035;1751357240817;1751357240829;false
0;2;1167;52298;1751357240852;1751357240853;false
1;2;1008;0;1751357240852;1751357240855;true
0;1;1167;81998;1751357240852;1751357240855;false
1;1;1008;0;1751357240852;1751357240855;true
1;0;1008;0;1751357240852;1751357240857;true
0;0;1167;175825;1751357240852;1751357240857;false
0;2;1168;53953;1751357240899;1751357240901;false
0;1;1168;83699;1751357240900;1751357240903;false
1;2;1009;0;1751357240899;1751357240903;true
1;1;1009;0;1751357240899;1751357240904;true
0;0;1168;179482;1751357240900;1751357240904;false
1;0;1009;0;1751357240899;1751357240904;true
1;2;1010;0;1751357240917;1751357240919;true
0;2;1169;55206;1751357240917;1751357240920;false
0;0;1169;184028;1751357240917;1751357240922;false
1;1;1010;0;1751357240917;1751357240922;true
0;1;1169;85867;1751357240917;1751357240922;false
1;0;1010;0;1751357240917;1751357240922;true
0;2;1170;55627;1751357240947;1751357240948;false
0;1;1170;86575;1751357240947;1751357240964;false
1;2;1011;0;1751357240962;1751357240965;true
0;0;1170;185339;1751357240947;1751357240966;false
1;1;1011;0;1751357240962;1751357240966;true
1;0;1011;0;1751357240962;1751357240967;true
0;2;1171;54783;1751357240978;1751357240983;false
0;1;1171;85512;1751357240978;1751357240983;false
1;1;1012;0;1751357240983;1751357240985;true
1;2;1012;0;1751357240983;1751357240986;true
1;0;1012;0;1751357240983;1751357240987;true
0;0;1171;184037;1751357240978;1751357240988;false
1;2;1013;0;1751357241016;1751357241020;true
1;0;1013;0;1751357241016;1751357241022;true
1;1;1013;0;1751357241016;1751357241022;true
0;2;1172;54533;1751357241022;1751357241023;false
0;1;1172;85611;1751357241022;1751357241024;false
0;0;1172;183200;1751357241022;1751357241024;false
1;2;1014;0;1751357241050;1751357241052;true
0;2;1173;54653;1751357241052;1751357241053;false
1;1;1014;0;1751357241050;1751357241054;true
1;0;1014;0;1751357241050;1751357241055;true
0;1;1173;85847;1751357241053;1751357241056;false
0;0;1173;182889;1751357241052;1751357241056;false
1;1;1015;0;1751357241082;1751357241085;true
1;2;1015;0;1751357241082;1751357241085;true
1;0;1015;0;1751357241082;1751357241087;true
0;2;1174;54276;1751357241082;1751357241088;false
0;1;1174;85699;1751357241082;1751357241098;false
0;0;1174;183256;1751357241082;1751357241099;false
0;2;1175;54687;1751357241117;1751357241119;false
1;2;1016;0;1751357241117;1751357241120;true
1;1;1016;0;1751357241117;1751357241120;true
0;1;1175;85845;1751357241117;1751357241121;false
0;0;1175;183715;1751357241117;1751357241122;false
1;0;1016;0;1751357241117;1751357241122;true
0;2;1176;54759;1751357241147;1751357241149;false
1;2;1017;0;1751357241148;1751357241151;true
0;1;1176;85786;1751357241148;1751357241152;false
0;0;1176;183281;1751357241147;1751357241152;false
1;1;1017;0;1751357241148;1751357241152;true
1;0;1017;0;1751357241148;1751357241153;true
1;1;1018;0;1751357241182;1751357241186;true
1;2;1018;0;1751357241182;1751357241187;true
1;0;1018;0;1751357241182;1751357241188;true
0;1;1177;85554;1751357241189;1751357241190;false
0;2;1177;54835;1751357241187;1751357241191;false
0;0;1177;183689;1751357241187;1751357241192;false
1;2;1019;0;1751357241215;1751357241217;true
0;2;1178;55180;1751357241217;1751357241219;false
1;1;1019;0;1751357241216;1751357241220;true
1;0;1019;0;1751357241216;1751357241221;true
0;1;1178;85690;1751357241217;1751357241232;false
0;0;1178;183843;1751357241218;1751357241233;false
1;2;1020;0;1751357241247;1751357241250;true
1;1;1020;0;1751357241247;1751357241250;true
1;0;1020;0;1751357241247;1751357241252;true
0;2;1179;54368;1751357241252;1751357241254;false
0;1;1179;86004;1751357241252;1751357241255;false
0;0;1179;183821;1751357241252;1751357241255;false
1;2;1021;0;1751357241282;1751357241284;true
0;2;1180;54616;1751357241282;1751357241284;false
1;1;1021;0;1751357241282;1751357241285;true
0;1;1180;85363;1751357241282;1751357241285;false
1;0;1021;0;1751357241282;1751357241286;true
0;0;1180;183095;1751357241282;1751357241286;false
1;2;1022;0;1751357241315;1751357241317;true
1;1;1022;0;1751357241315;1751357241319;true
0;2;1181;54547;1751357241317;1751357241319;false
1;0;1022;0;1751357241315;1751357241320;true
0;1;1181;85482;1751357241317;1751357241321;false
0;0;1181;182852;1751357241317;1751357241321;false
1;2;1023;0;1751357241348;1751357241351;true
1;1;1023;0;1751357241348;1751357241351;true
1;0;1023;0;1751357241348;1751357241353;true
0;2;1182;54579;1751357241352;1751357241354;false
0;1;1182;86011;1751357241352;1751357241355;false
0;0;1182;184393;1751357241352;1751357241356;false
1;1;1024;0;1751357241381;1751357241383;true
1;2;1024;0;1751357241381;1751357241383;true
0;1;1183;85697;1751357241382;1751357241385;false
0;2;1183;54885;1751357241382;1751357241385;false
1;0;1024;0;1751357241381;1751357241385;true
0;0;1183;183568;1751357241382;1751357241387;false
1;2;1025;0;1751357241413;1751357241415;true
1;1;1025;0;1751357241413;1751357241417;true
0;2;1184;54372;1751357241417;1751357241418;false
1;0;1025;0;1751357241413;1751357241419;true
0;1;1184;85149;1751357241417;1751357241420;false
0;0;1184;182565;1751357241418;1751357241422;false
0;2;1185;54485;1751357241447;1751357241449;false
1;2;1026;0;1751357241447;1751357241449;true
1;1;1026;0;1751357241447;1751357241451;true
1;0;1026;0;1751357241447;1751357241452;true
0;0;1185;181423;1751357241447;1751357241452;false
0;1;1185;84644;1751357241449;1751357241452;false
1;2;1027;0;1751357241478;1751357241482;true
1;1;1027;0;1751357241478;1751357241482;true
0;1;1186;85411;1751357241477;1751357241482;false
0;2;1186;54723;1751357241477;1751357241482;false
1;0;1027;0;1751357241478;1751357241484;true
0;0;1186;181741;1751357241477;1751357241492;false
1;2;1028;0;1751357241517;1751357241519;true
1;1;1028;0;1751357241517;1751357241522;true
1;0;1028;0;1751357241517;1751357241523;true
0;2;1187;54410;1751357241522;1751357241525;false
0;1;1187;85033;1751357241522;1751357241525;false
0;0;1187;182424;1751357241522;1751357241526;false
0;2;1188;54491;1751357241547;1751357241549;false
1;1;1029;0;1751357241546;1751357241549;true
1;2;1029;0;1751357241546;1751357241549;true
0;1;1188;86159;1751357241547;1751357241550;false
1;0;1029;0;1751357241546;1751357241550;true
0;0;1188;183360;1751357241547;1751357241551;false
1;2;1030;0;1751357241581;1751357241584;true
1;1;1030;0;1751357241581;1751357241585;true
1;0;1030;0;1751357241581;1751357241586;true
0;2;1189;51108;1751357241582;1751357241598;false
0;1;1189;80134;1751357241582;1751357241599;false
0;0;1189;169546;1751357241597;1751357241600;false
1;2;1031;0;1751357241613;1751357241615;true
1;1;1031;0;1751357241613;1751357241617;true
0;2;1190;50947;1751357241617;1751357241618;false
1;0;1031;0;1751357241613;1751357241618;true
0;1;1190;80150;1751357241617;1751357241619;false
0;0;1190;170510;1751357241617;1751357241622;false
1;1;1032;0;1751357241644;1751357241648;true
1;2;1032;0;1751357241644;1751357241648;true
0;2;1191;54487;1751357241647;1751357241649;false
1;0;1032;0;1751357241644;1751357241649;true
0;1;1191;85611;1751357241647;1751357241650;false
0;0;1191;183297;1751357241647;1751357241651;false
1;2;1033;0;1751357241677;1751357241680;true
1;1;1033;0;1751357241677;1751357241680;true
1;0;1033;0;1751357241677;1751357241682;true
0;2;1192;54520;1751357241682;1751357241683;false
0;1;1192;85613;1751357241682;1751357241683;false
0;0;1192;183692;1751357241682;1751357241685;false
1;2;1034;0;1751357241713;1751357241714;true
1;1;1034;0;1751357241713;1751357241716;true
1;0;1034;0;1751357241713;1751357241718;true
0;1;1193;84824;1751357241717;1751357241719;false
0;2;1193;54835;1751357241717;1751357241719;false
0;0;1193;182703;1751357241717;1751357241721;false
1;2;1035;0;1751357241744;1751357241746;true
1;1;1035;0;1751357241744;1751357241749;true
0;2;1194;54178;1751357241747;1751357241749;false
1;0;1035;0;1751357241744;1751357241750;true
0;1;1194;84797;1751357241747;1751357241750;false
0;0;1194;181570;1751357241747;1751357241752;false
1;1;1036;0;1751357241776;1751357241781;true
1;2;1036;0;1751357241776;1751357241781;true
1;0;1036;0;1751357241776;1751357241782;true
0;2;1195;53903;1751357241782;1751357241783;false
0;1;1195;84804;1751357241782;1751357241784;false
0;0;1195;181729;1751357241782;1751357241784;false
1;2;1037;0;1751357241808;1751357241810;true
1;1;1037;0;1751357241808;1751357241812;true
1;0;1037;0;1751357241808;1751357241814;true
0;1;1196;84704;1751357241812;1751357241814;false
0;2;1196;54023;1751357241812;1751357241814;false
0;0;1196;180965;1751357241812;1751357241817;false
1;1;1038;0;1751357241845;1751357241849;true
1;2;1038;0;1751357241845;1751357241849;true
0;2;1197;53647;1751357241847;1751357241850;false
1;0;1038;0;1751357241845;1751357241850;true
0;1;1197;84109;1751357241847;1751357241851;false
0;0;1197;180810;1751357241847;1751357241851;false
1;2;1039;0;1751357241878;1751357241882;true
1;1;1039;0;1751357241878;1751357241883;true
1;0;1039;0;1751357241878;1751357241884;true
0;2;1198;53748;1751357241882;1751357241884;false
0;1;1198;83980;1751357241882;1751357241886;false
0;0;1198;180612;1751357241882;1751357241888;false
0;2;1199;52949;1751357241912;1751357241913;false
1;2;1040;0;1751357241910;1751357241913;true
1;1;1040;0;1751357241910;1751357241913;true
0;1;1199;83154;1751357241912;1751357241915;false
1;0;1040;0;1751357241910;1751357241916;true
0;0;1199;177755;1751357241912;1751357241916;false
1;2;1041;0;1751357241941;1751357241945;true
1;1;1041;0;1751357241941;1751357241945;true
1;0;1041;0;1751357241941;1751357241947;true
0;2;1200;52606;1751357241942;1751357241955;false
0;1;1200;81754;1751357241942;1751357241955;false
0;0;1200;175323;1751357241942;1751357241956;false
1;2;1042;0;1751357241973;1751357241974;true
1;1;1042;0;1751357241973;1751357241977;true
1;0;1042;0;1751357241973;1751357241979;true
0;2;1201;52046;1751357241977;1751357241979;false
0;1;1201;80591;1751357241977;1751357241980;false
0;0;1201;173081;1751357241977;1751357241981;false
1;2;1043;0;1751357242011;1751357242014;true
1;1;1043;0;1751357242011;1751357242016;true
1;0;1043;0;1751357242011;1751357242016;true
0;2;1202;50542;1751357242012;1751357242028;false
0;0;1202;168911;1751357242012;1751357242030;false
0;1;1202;79213;1751357242012;1751357242030;false
1;2;1044;0;1751357242045;1751357242046;true
0;2;1203;50133;1751357242047;1751357242048;false
1;1;1044;0;1751357242046;1751357242049;true
0;1;1203;78905;1751357242048;1751357242050;false
1;0;1044;0;1751357242045;1751357242050;true
0;0;1203;167841;1751357242047;1751357242051;false
1;1;1045;0;1751357242075;1751357242079;true
0;1;1204;77701;1751357242077;1751357242080;false
1;2;1045;0;1751357242075;1751357242080;true
0;2;1204;49791;1751357242077;1751357242080;false
1;0;1045;0;1751357242075;1751357242080;true
0;0;1204;165622;1751357242077;1751357242081;false
1;2;1046;0;1751357242110;1751357242113;true
0;2;1205;49481;1751357242112;1751357242114;false
1;1;1046;0;1751357242111;1751357242114;true
1;0;1046;0;1751357242111;1751357242115;true
0;1;1205;77123;1751357242112;1751357242115;false
0;0;1205;164450;1751357242112;1751357242116;false
1;2;1047;0;1751357242142;1751357242144;true
1;1;1047;0;1751357242142;1751357242145;true
1;0;1047;0;1751357242142;1751357242147;true
0;2;1206;48856;1751357242147;1751357242147;false
0;1;1206;76738;1751357242147;1751357242149;false
0;0;1206;163977;1751357242147;1751357242150;false
1;2;1048;0;1751357242173;1751357242175;true
1;1;1048;0;1751357242173;1751357242176;true
0;2;1207;48348;1751357242177;1751357242178;false
1;0;1048;0;1751357242173;1751357242178;true
0;1;1207;76054;1751357242177;1751357242179;false
0;0;1207;162430;1751357242177;1751357242182;false
1;2;1049;0;1751357242204;1751357242207;true
1;1;1049;0;1751357242204;1751357242208;true
1;0;1049;0;1751357242204;1751357242209;true
0;2;1208;48893;1751357242207;1751357242209;false
0;1;1208;76477;1751357242207;1751357242210;false
0;0;1208;163146;1751357242207;1751357242210;false
1;2;1050;0;1751357242242;1751357242245;true
1;1;1050;0;1751357242242;1751357242245;true
1;0;1050;0;1751357242242;1751357242247;true
0;2;1209;48431;1751357242247;1751357242248;false
0;1;1209;75881;1751357242247;1751357242249;false
0;0;1209;162400;1751357242247;1751357242250;false
0;2;1210;48588;1751357242267;1751357242268;false
0;1;1210;76448;1751357242267;1751357242269;false
0;0;1210;163026;1751357242267;1751357242270;false
1;1;1051;0;1751357242270;1751357242271;true
1;2;1051;0;1751357242270;1751357242271;true
1;0;1051;0;1751357242270;1751357242272;true
1;2;1052;0;1751357242306;1751357242308;true
0;2;1211;48403;1751357242307;1751357242309;false
1;1;1052;0;1751357242306;1751357242310;true
1;0;1052;0;1751357242306;1751357242311;true
0;0;1211;162334;1751357242307;1751357242311;false
0;1;1211;76208;1751357242308;1751357242311;false
1;2;1053;0;1751357242338;1751357242341;true
1;1;1053;0;1751357242339;1751357242341;true
1;0;1053;0;1751357242339;1751357242344;true
0;2;1212;48718;1751357242342;1751357242345;false
0;1;1212;76459;1751357242343;1751357242345;false
0;0;1212;163308;1751357242342;1751357242346;false
1;2;1054;0;1751357242375;1751357242378;true
0;2;1213;48703;1751357242377;1751357242378;false
1;1;1054;0;1751357242375;1751357242379;true
0;1;1213;76526;1751357242377;1751357242379;false
1;0;1054;0;1751357242375;1751357242380;true
0;0;1213;163240;1751357242378;1751357242382;false
1;2;1055;0;1751357242408;1751357242411;true
1;1;1055;0;1751357242408;1751357242412;true
1;0;1055;0;1751357242408;1751357242413;true
0;0;1214;162392;1751357242413;1751357242414;false
0;1;1214;76060;1751357242413;1751357242414;false
0;2;1214;48565;1751357242413;1751357242415;false
0;2;1215;48360;1751357242441;1751357242441;false
1;2;1056;0;1751357242440;1751357242441;true
1;1;1056;0;1751357242440;1751357242444;true
0;1;1215;76433;1751357242441;1751357242444;false
1;0;1056;0;1751357242440;1751357242444;true
0;0;1215;163969;1751357242441;1751357242444;false
1;2;1057;0;1751357242472;1751357242473;true
1;1;1057;0;1751357242472;1751357242473;true
1;0;1057;0;1751357242472;1751357242476;true
0;2;1216;49177;1751357242488;1751357242490;false
0;1;1216;77117;1751357242488;1751357242490;false
0;0;1216;164164;1751357242488;1751357242492;false
1;1;1058;0;1751357242509;1751357242512;true
1;2;1058;0;1751357242509;1751357242513;true
0;2;1217;49534;1751357242512;1751357242513;false
1;0;1058;0;1751357242509;1751357242514;true
0;1;1217;77752;1751357242512;1751357242514;false
0;0;1217;166303;1751357242512;1751357242516;false
0;2;1218;49500;1751357242542;1751357242543;false
1;2;1059;0;1751357242541;1751357242543;true
1;1;1059;0;1751357242541;1751357242543;true
1;0;1059;0;1751357242541;1751357242543;true
0;1;1218;77773;1751357242542;1751357242543;false
0;0;1218;166944;1751357242542;1751357242543;false
1;2;1060;0;1751357242573;1751357242575;true
1;1;1060;0;1751357242573;1751357242577;true
1;0;1060;0;1751357242573;1751357242578;true
0;2;1219;49242;1751357242577;1751357242578;false
0;1;1219;77389;1751357242577;1751357242579;false
0;0;1219;166229;1751357242577;1751357242581;false
1;2;1061;0;1751357242606;1751357242608;true
1;1;1061;0;1751357242606;1751357242610;true
1;0;1061;0;1751357242606;1751357242611;true
0;1;1220;78490;1751357242612;1751357242612;false
0;2;1220;49720;1751357242612;1751357242612;false
0;0;1220;165847;1751357242612;1751357242614;false
1;1;1062;0;1751357242638;1751357242639;true
1;2;1062;0;1751357242637;1751357242640;true
1;0;1062;0;1751357242637;1751357242640;true
0;2;1221;50757;1751357242642;1751357242643;false
0;0;1221;167684;1751357242642;1751357242644;false
0;1;1221;78646;1751357242642;1751357242644;false
1;2;1063;0;1751357242669;1751357242671;true
0;2;1222;49755;1751357242672;1751357242673;false
1;1;1063;0;1751357242669;1751357242674;true
1;0;1063;0;1751357242669;1751357242675;true
0;1;1222;78167;1751357242672;1751357242675;false
0;0;1222;167367;1751357242672;1751357242676;false
1;2;1064;0;1751357242699;1751357242700;true
1;1;1064;0;1751357242699;1751357242703;true
0;2;1223;49974;1751357242702;1751357242703;false
1;0;1064;0;1751357242699;1751357242704;true
0;1;1223;78514;1751357242702;1751357242705;false
0;0;1223;167825;1751357242702;1751357242707;false
1;2;1065;0;1751357242732;1751357242734;true
0;1;1224;73464;1751357242732;1751357242734;false
0;2;1224;47216;1751357242732;1751357242735;false
0;0;1224;155261;1751357242732;1751357242736;false
1;0;1065;0;1751357242732;1751357242736;true
1;1;1065;0;1751357242732;1751357242736;true
1;1;1066;0;1751357242772;1751357242775;true
1;2;1066;0;1751357242772;1751357242776;true
1;0;1066;0;1751357242772;1751357242777;true
0;2;1225;49765;1751357242777;1751357242779;false
0;1;1225;77585;1751357242777;1751357242779;false
0;0;1225;164990;1751357242777;1751357242779;false
1;2;1067;0;1751357242804;1751357242806;true
1;1;1067;0;1751357242804;1751357242808;true
1;0;1067;0;1751357242804;1751357242809;true
0;2;1226;49892;1751357242807;1751357242809;false
0;1;1226;77964;1751357242807;1751357242810;false
0;0;1226;166819;1751357242807;1751357242811;false
0;2;1227;49757;1751357242837;1751357242838;false
1;2;1068;0;1751357242836;1751357242838;true
1;1;1068;0;1751357242836;1751357242838;true
1;0;1068;0;1751357242836;1751357242839;true
0;1;1227;77632;1751357242837;1751357242840;false
0;0;1227;165560;1751357242837;1751357242840;false
1;2;1069;0;1751357242867;1751357242870;true
1;0;1069;0;1751357242867;1751357242872;true
1;1;1069;0;1751357242867;1751357242872;true
0;1;1228;77777;1751357242873;1751357242873;false
0;2;1228;49917;1751357242872;1751357242874;false
0;0;1228;165403;1751357242872;1751357242875;false
1;2;1070;0;1751357242901;1751357242903;true
0;2;1229;49774;1751357242902;1751357242903;false
1;1;1070;0;1751357242901;1751357242904;true
1;0;1070;0;1751357242901;1751357242905;true
0;1;1229;77623;1751357242902;1751357242922;false
0;0;1229;166467;1751357242902;1751357242923;false
0;2;1230;49078;1751357242937;1751357242939;false
1;2;1071;0;1751357242937;1751357242939;true
0;1;1230;77899;1751357242937;1751357242940;false
1;0;1071;0;1751357242937;1751357242941;true
1;1;1071;0;1751357242937;1751357242941;true
0;0;1230;166160;1751357242937;1751357242941;false
1;2;1072;0;1751357242969;1751357242970;true
1;1;1072;0;1751357242969;1751357242971;true
1;0;1072;0;1751357242969;1751357242973;true
0;2;1231;49621;1751357242972;1751357242973;false
0;1;1231;77376;1751357242972;1751357242974;false
0;0;1231;165734;1751357242972;1751357242975;false
1;2;1073;0;1751357243000;1751357243002;true
1;1;1073;0;1751357243000;1751357243003;true
0;2;1232;49718;1751357243002;1751357243003;false
1;0;1073;0;1751357243000;1751357243004;true
0;1;1232;77137;1751357243002;1751357243004;false
0;0;1232;165778;1751357243002;1751357243005;false
1;2;1074;0;1751357243031;1751357243031;true
0;2;1233;49450;1751357243032;1751357243033;false
1;1;1074;0;1751357243031;1751357243034;true
1;0;1074;0;1751357243031;1751357243035;true
0;1;1233;77432;1751357243032;1751357243035;false
0;0;1233;165981;1751357243032;1751357243035;false
0;1;1234;77315;1751357243063;1751357243065;false
1;2;1075;0;1751357243063;1751357243066;true
1;1;1075;0;1751357243063;1751357243066;true
1;0;1075;0;1751357243063;1751357243068;true
0;2;1234;49330;1751357243063;1751357243068;false
0;0;1234;164854;1751357243063;1751357243068;false
1;2;1076;0;1751357243103;1751357243106;true
1;1;1076;0;1751357243103;1751357243106;true
1;0;1076;0;1751357243103;1751357243108;true
0;1;1235;76939;1751357243103;1751357243108;false
0;2;1235;49472;1751357243103;1751357243119;false
0;0;1235;165886;1751357243103;1751357243121;false
1;2;1077;0;1751357243135;1751357243135;true
0;2;1236;49791;1751357243135;1751357243138;false
1;1;1077;0;1751357243135;1751357243138;true
1;0;1077;0;1751357243135;1751357243139;true
0;0;1236;165993;1751357243135;1751357243139;false
0;1;1236;77277;1751357243135;1751357243139;false
1;2;1078;0;1751357243166;1751357243166;true
1;1;1078;0;1751357243167;1751357243169;true
1;0;1078;0;1751357243166;1751357243170;true
0;1;1237;78565;1751357243172;1751357243173;false
0;2;1237;50002;1751357243172;1751357243173;false
0;0;1237;156237;1751357243172;1751357243175;false
1;2;1079;0;1751357243197;1751357243199;true
1;1;1079;0;1751357243197;1751357243200;true
1;0;1079;0;1751357243197;1751357243201;true
0;1;1238;77685;1751357243212;1751357243214;false
0;2;1238;49781;1751357243212;1751357243215;false
0;0;1238;167682;1751357243212;1751357243217;false
1;2;1080;0;1751357243228;1751357243229;true
1;1;1080;0;1751357243228;1751357243230;true
1;0;1080;0;1751357243228;1751357243231;true
0;2;1239;50121;1751357243232;1751357243233;false
0;1;1239;78122;1751357243232;1751357243233;false
0;0;1239;168253;1751357243232;1751357243234;false
0;1;1240;77619;1751357243262;1751357243264;false
1;2;1081;0;1751357243262;1751357243264;true
0;2;1240;50230;1751357243262;1751357243264;false
1;1;1081;0;1751357243262;1751357243265;true
0;0;1240;166416;1751357243262;1751357243266;false
1;0;1081;0;1751357243262;1751357243267;true
1;2;1082;0;1751357243302;1751357243304;true
1;0;1082;0;1751357243302;1751357243306;true
1;1;1082;0;1751357243302;1751357243307;true
0;2;1241;49513;1751357243307;1751357243308;false
0;1;1241;76797;1751357243307;1751357243308;false
0;0;1241;165046;1751357243307;1751357243310;false
1;2;1083;0;1751357243335;1751357243338;true
0;2;1242;49312;1751357243337;1751357243341;false
1;1;1083;0;1751357243335;1751357243341;true
1;0;1083;0;1751357243335;1751357243341;true
0;1;1242;76787;1751357243337;1751357243341;false
0;0;1242;164609;1751357243337;1751357243342;false
1;1;1084;0;1751357243365;1751357243368;true
1;2;1084;0;1751357243365;1751357243368;true
0;2;1243;48774;1751357243367;1751357243369;false
1;0;1084;0;1751357243365;1751357243370;true
0;1;1243;76761;1751357243368;1751357243370;false
0;0;1243;163495;1751357243368;1751357243371;false
1;2;1085;0;1751357243397;1751357243399;true
1;1;1085;0;1751357243397;1751357243400;true
1;0;1085;0;1751357243397;1751357243401;true
0;2;1244;48832;1751357243402;1751357243403;false
0;1;1244;76800;1751357243402;1751357243404;false
0;0;1244;164188;1751357243402;1751357243405;false
1;2;1086;0;1751357243428;1751357243431;true
1;1;1086;0;1751357243428;1751357243432;true
1;0;1086;0;1751357243428;1751357243432;true
0;1;1245;75837;1751357243432;1751357243434;false
0;2;1245;48612;1751357243432;1751357243434;false
0;0;1245;162746;1751357243432;1751357243435;false
0;2;1246;48806;1751357243467;1751357243470;false
0;1;1246;75483;1751357243467;1751357243470;false
1;1;1087;0;1751357243467;1751357243470;true
1;2;1087;0;1751357243467;1751357243471;true
1;0;1087;0;1751357243467;1751357243472;true
0;0;1246;162775;1751357243469;1751357243472;false
0;2;1247;48320;1751357243487;1751357243489;false
0;1;1247;75887;1751357243487;1751357243490;false
0;0;1247;161266;1751357243487;1751357243491;false
1;2;1088;0;1751357243499;1751357243500;true
1;0;1088;0;1751357243499;1751357243503;true
1;1;1088;0;1751357243499;1751357243503;true
0;2;1248;48645;1751357243522;1751357243525;false
0;1;1248;76073;1751357243522;1751357243525;false
0;0;1248;162102;1751357243522;1751357243525;false
1;2;1089;0;1751357243524;1751357243526;true
1;1;1089;0;1751357243524;1751357243527;true
1;0;1089;0;1751357243524;1751357243528;true
1;2;1090;0;1751357243566;1751357243568;true
0;1;1249;76755;1751357243566;1751357243569;false
1;1;1090;0;1751357243566;1751357243569;true
0;2;1249;49006;1751357243566;1751357243569;false
0;0;1249;163193;1751357243567;1751357243570;false
1;0;1090;0;1751357243566;1751357243570;true
1;2;1091;0;1751357243597;1751357243599;true
1;1;1091;0;1751357243597;1751357243600;true
1;0;1091;0;1751357243597;1751357243601;true
0;2;1250;48232;1751357243616;1751357243619;false
0;1;1250;75320;1751357243616;1751357243619;false
0;0;1250;161735;1751357243616;1751357243620;false
0;2;1251;48495;1751357243620;1751357243621;false
0;1;1251;75412;1751357243620;1751357243622;false
0;0;1251;161977;1751357243620;1751357243624;false
1;2;1092;0;1751357243623;1751357243626;true
1;1;1092;0;1751357243623;1751357243626;true
1;0;1092;0;1751357243623;1751357243627;true
0;2;1252;48524;1751357243652;1751357243653;false
0;1;1252;75247;1751357243652;1751357243654;false
0;0;1252;162396;1751357243652;1751357243655;false
1;2;1093;0;1751357243667;1751357243669;true
1;1;1093;0;1751357243667;1751357243670;true
1;0;1093;0;1751357243667;1751357243671;true
0;2;1253;48621;1751357243698;1751357243699;false
1;2;1094;0;1751357243698;1751357243700;true
0;1;1253;76043;1751357243698;1751357243700;false
1;1;1094;0;1751357243698;1751357243701;true
1;0;1094;0;1751357243698;1751357243702;true
0;0;1253;162388;1751357243698;1751357243702;false
0;1;1254;75698;1751357243717;1751357243719;false
0;2;1254;48682;1751357243717;1751357243719;false
0;0;1254;162409;1751357243717;1751357243721;false
1;2;1095;0;1751357243730;1751357243731;true
1;1;1095;0;1751357243730;1751357243734;true
1;0;1095;0;1751357243730;1751357243734;true
0;2;1255;48582;1751357243762;1751357243763;false
1;2;1096;0;1751357243761;1751357243764;true
1;1;1096;0;1751357243761;1751357243764;true
0;1;1255;76148;1751357243762;1751357243765;false
1;0;1096;0;1751357243761;1751357243765;true
0;0;1255;163299;1751357243762;1751357243777;false
1;2;1097;0;1751357243792;1751357243795;true
1;1;1097;0;1751357243792;1751357243796;true
1;0;1097;0;1751357243792;1751357243796;true
0;2;1256;49182;1751357243797;1751357243797;false
0;1;1256;76259;1751357243797;1751357243797;false
0;0;1256;163441;1751357243797;1751357243799;false
1;2;1098;0;1751357243823;1751357243825;true
1;1;1098;0;1751357243823;1751357243827;true
1;0;1098;0;1751357243823;1751357243827;true
0;2;1257;49338;1751357243827;1751357243828;false
0;1;1257;76996;1751357243827;1751357243829;false
0;0;1257;164730;1751357243827;1751357243831;false
1;2;1099;0;1751357243863;1751357243864;true
1;1;1099;0;1751357243863;1751357243867;true
1;0;1099;0;1751357243863;1751357243868;true
0;2;1258;49513;1751357243867;1751357243868;false
0;1;1258;77305;1751357243867;1751357243870;false
0;0;1258;165986;1751357243867;1751357243870;false
1;2;1100;0;1751357243894;1751357243898;true
1;1;1100;0;1751357243894;1751357243899;true
0;2;1259;49700;1751357243897;1751357243899;false
1;0;1100;0;1751357243894;1751357243900;true
0;1;1259;77415;1751357243897;1751357243900;false
0;0;1259;166813;1751357243897;1751357243901;false
0;2;1260;49823;1751357243917;1751357243918;false
0;1;1260;77914;1751357243917;1751357243920;false
0;0;1260;167524;1751357243918;1751357243922;false
1;2;1101;0;1751357243920;1751357243922;true
1;1;1101;0;1751357243920;1751357243923;true
1;0;1101;0;1751357243920;1751357243925;true
1;2;1102;0;1751357243953;1751357243955;true
0;1;1261;78145;1751357243952;1751357243956;false
0;0;1261;167057;1751357243952;1751357243956;false
0;2;1261;49588;1751357243952;1751357243956;false
1;1;1102;0;1751357243953;1751357243956;true
1;0;1102;0;1751357243953;1751357243957;true
0;1;1262;77323;1751357243982;1751357243983;false
0;2;1262;49771;1751357243982;1751357243983;false
0;0;1262;166259;1751357243982;1751357243985;false
1;2;1103;0;1751357243995;1751357243998;true
1;1;1103;0;1751357243995;1751357243999;true
1;0;1103;0;1751357243995;1751357243999;true
1;1;1104;0;1751357244025;1751357244027;true
1;2;1104;0;1751357244025;1751357244028;true
0;1;1263;77297;1751357244027;1751357244029;false
0;2;1263;49642;1751357244027;1751357244029;false
1;0;1104;0;1751357244025;1751357244030;true
0;0;1263;166034;1751357244028;1751357244031;false
1;2;1105;0;1751357244062;1751357244065;true
0;2;1264;49599;1751357244063;1751357244066;false
0;1;1264;76879;1751357244063;1751357244066;false
1;1;1105;0;1751357244062;1751357244067;true
1;0;1105;0;1751357244062;1751357244068;true
0;0;1264;164665;1751357244063;1751357244068;false
1;2;1106;0;1751357244094;1751357244097;true
0;1;1265;76386;1751357244097;1751357244099;false
0;2;1265;48471;1751357244097;1751357244099;false
1;0;1106;0;1751357244094;1751357244100;true
1;1;1106;0;1751357244095;1751357244100;true
0;0;1265;162807;1751357244098;1751357244101;false
1;2;1107;0;1751357244125;1751357244127;true
0;2;1266;48689;1751357244127;1751357244128;false
1;1;1107;0;1751357244125;1751357244128;true
1;0;1107;0;1751357244125;1751357244129;true
0;1;1266;76441;1751357244127;1751357244131;false
0;0;1266;162878;1751357244127;1751357244131;false
1;2;1108;0;1751357244156;1751357244157;true
0;2;1267;48934;1751357244157;1751357244158;false
1;1;1108;0;1751357244156;1751357244159;true
1;0;1108;0;1751357244156;1751357244160;true
0;1;1267;76363;1751357244157;1751357244163;false
0;0;1267;163474;1751357244157;1751357244164;false
0;1;1268;77246;1751357244182;1751357244183;false
0;2;1268;49345;1751357244182;1751357244183;false
0;0;1268;164936;1751357244182;1751357244185;false
1;2;1109;0;1751357244184;1751357244185;true
1;1;1109;0;1751357244184;1751357244186;true
1;0;1109;0;1751357244184;1751357244187;true
0;1;1269;77038;1751357244227;1751357244229;false
1;0;1110;0;1751357244226;1751357244230;true
1;1;1110;0;1751357244226;1751357244230;true
1;2;1110;0;1751357244226;1751357244230;true
0;2;1269;49210;1751357244227;1751357244230;false
0;0;1269;165363;1751357244227;1751357244231;false
1;2;1111;0;1751357244257;1751357244261;true
1;1;1111;0;1751357244257;1751357244262;true
1;0;1111;0;1751357244257;1751357244263;true
0;2;1270;49246;1751357244262;1751357244263;false
0;1;1270;77412;1751357244262;1751357244264;false
0;0;1270;164556;1751357244262;1751357244266;false
1;2;1112;0;1751357244289;1751357244292;true
0;2;1271;49323;1751357244292;1751357244293;false
1;1;1112;0;1751357244289;1751357244293;true
1;0;1112;0;1751357244289;1751357244294;true
0;1;1271;77107;1751357244292;1751357244295;false
0;0;1271;164945;1751357244292;1751357244296;false
1;2;1113;0;1751357244320;1751357244323;true
1;1;1113;0;1751357244320;1751357244324;true
0;2;1272;49304;1751357244322;1751357244325;false
1;0;1113;0;1751357244320;1751357244325;true
0;1;1272;77334;1751357244322;1751357244326;false
0;0;1272;164819;1751357244322;1751357244326;false
1;2;1114;0;1751357244351;1751357244351;true
1;1;1114;0;1751357244351;1751357244353;true
0;1;1273;77477;1751357244352;1751357244353;false
0;2;1273;48829;1751357244352;1751357244354;false
1;0;1114;0;1751357244351;1751357244355;true
0;0;1273;165552;1751357244352;1751357244356;false
0;1;1274;76749;1751357244392;1751357244394;false
0;2;1274;48646;1751357244393;1751357244394;false
1;2;1115;0;1751357244392;1751357244394;true
1;1;1115;0;1751357244392;1751357244395;true
0;0;1274;164111;1751357244392;1751357244396;false
1;0;1115;0;1751357244392;1751357244396;true
0;2;1275;50444;1751357244412;1751357244413;false
0;1;1275;79593;1751357244412;1751357244413;false
0;0;1275;170468;1751357244412;1751357244415;false
1;2;1116;0;1751357244424;1751357244427;true
1;1;1116;0;1751357244424;1751357244427;true
1;0;1116;0;1751357244424;1751357244427;true
1;2;1117;0;1751357244456;1751357244458;true
0;2;1276;51256;1751357244456;1751357244459;false
0;1;1276;80172;1751357244456;1751357244459;false
1;1;1117;0;1751357244456;1751357244459;true
1;0;1117;0;1751357244456;1751357244461;true
0;0;1276;171994;1751357244456;1751357244461;false
1;2;1118;0;1751357244488;1751357244491;true
1;1;1118;0;1751357244488;1751357244492;true
1;0;1118;0;1751357244488;1751357244494;true
0;2;1277;52808;1751357244492;1751357244494;false
0;1;1277;82511;1751357244492;1751357244495;false
0;0;1277;176205;1751357244492;1751357244496;false
1;2;1119;0;1751357244521;1751357244523;true
1;1;1119;0;1751357244521;1751357244524;true
0;2;1278;53131;1751357244522;1751357244524;false
1;0;1119;0;1751357244521;1751357244525;true
0;0;1278;178955;1751357244522;1751357244526;false
0;1;1278;83784;1751357244523;1751357244526;false
0;2;1279;51905;1751357244547;1751357244549;false
1;2;1120;0;1751357244547;1751357244549;true
0;1;1279;85668;1751357244547;1751357244549;false
1;1;1120;0;1751357244547;1751357244550;true
0;0;1279;170896;1751357244547;1751357244551;false
1;0;1120;0;1751357244547;1751357244552;true
0;1;1280;85232;1751357244577;1751357244579;false
0;2;1280;54429;1751357244577;1751357244580;false
0;0;1280;182672;1751357244577;1751357244581;false
1;2;1121;0;1751357244580;1751357244583;true
1;0;1121;0;1751357244580;1751357244584;true
1;1;1121;0;1751357244580;1751357244584;true
0;1;1281;84598;1751357244612;1751357244614;false
0;2;1281;54042;1751357244612;1751357244614;false
1;2;1122;0;1751357244613;1751357244615;true
0;0;1281;181098;1751357244612;1751357244616;false
1;1;1122;0;1751357244613;1751357244616;true
1;0;1122;0;1751357244613;1751357244617;true
1;2;1123;0;1751357244657;1751357244659;true
0;2;1282;53578;1751357244642;1751357244660;false
0;1;1282;84657;1751357244642;1751357244660;false
1;1;1123;0;1751357244657;1751357244661;true
1;0;1123;0;1751357244657;1751357244662;true
0;0;1282;179716;1751357244642;1751357244662;false
0;2;1283;53946;1751357244677;1751357244678;false
0;1;1283;84355;1751357244677;1751357244680;false
0;0;1283;180059;1751357244677;1751357244681;false
1;2;1124;0;1751357244679;1751357244681;true
1;1;1124;0;1751357244679;1751357244681;true
1;0;1124;0;1751357244679;1751357244682;true
0;2;1284;53960;1751357244712;1751357244713;false
0;1;1284;84858;1751357244712;1751357244714;false
1;2;1125;0;1751357244712;1751357244715;true
1;1;1125;0;1751357244712;1751357244716;true
0;0;1284;167805;1751357244712;1751357244716;false
1;0;1125;0;1751357244712;1751357244716;true
0;2;1285;54271;1751357244742;1751357244756;false
1;2;1126;0;1751357244756;1751357244758;true
0;1;1285;85261;1751357244742;1751357244758;false
0;0;1285;182142;1751357244742;1751357244759;false
1;1;1126;0;1751357244756;1751357244760;true
1;0;1126;0;1751357244756;1751357244761;true
1;2;1127;0;1751357244787;1751357244788;true
1;1;1127;0;1751357244787;1751357244791;true
1;0;1127;0;1751357244787;1751357244791;true
0;2;1286;53725;1751357244792;1751357244794;false
0;1;1286;84264;1751357244792;1751357244795;false
0;0;1286;179856;1751357244792;1751357244795;false
1;2;1128;0;1751357244818;1751357244820;true
1;1;1128;0;1751357244818;1751357244822;true
1;0;1128;0;1751357244818;1751357244823;true
0;2;1287;53403;1751357244822;1751357244823;false
0;1;1287;84586;1751357244822;1751357244825;false
0;0;1287;180176;1751357244822;1751357244827;false
1;1;1129;0;1751357244849;1751357244852;true
1;2;1129;0;1751357244849;1751357244853;true
0;2;1288;53868;1751357244852;1751357244854;false
1;0;1129;0;1751357244849;1751357244854;true
0;1;1288;84725;1751357244852;1751357244855;false
0;0;1288;181406;1751357244852;1751357244857;false
0;2;1289;54217;1751357244878;1751357244879;false
1;2;1130;0;1751357244878;1751357244880;true
0;1;1289;84805;1751357244878;1751357244880;false
1;1;1130;0;1751357244878;1751357244881;true
1;0;1130;0;1751357244878;1751357244882;true
0;0;1289;181358;1751357244878;1751357244883;false
1;2;1131;0;1751357244912;1751357244915;true
0;1;1290;84282;1751357244913;1751357244915;false
1;1;1131;0;1751357244912;1751357244916;true
0;0;1290;181977;1751357244912;1751357244916;false
0;2;1290;54583;1751357244912;1751357244916;false
1;0;1131;0;1751357244912;1751357244917;true
0;2;1291;52759;1751357244942;1751357244943;false
0;1;1291;83335;1751357244942;1751357244944;false
1;2;1132;0;1751357244943;1751357244946;true
1;1;1132;0;1751357244943;1751357244946;true
0;0;1291;178753;1751357244942;1751357244946;false
1;0;1132;0;1751357244943;1751357244947;true
0;2;1292;53393;1751357244972;1751357244975;false
0;1;1292;84018;1751357244972;1751357244975;false
0;0;1292;179088;1751357244972;1751357244976;false
1;2;1133;0;1751357244976;1751357244978;true
1;1;1133;0;1751357244976;1751357244978;true
1;0;1133;0;1751357244976;1751357244980;true
1;2;1134;0;1751357245017;1751357245019;true
1;1;1134;0;1751357245017;1751357245021;true
1;0;1134;0;1751357245017;1751357245022;true
0;2;1293;53037;1751357245022;1751357245023;false
0;1;1293;83248;1751357245022;1751357245024;false
0;0;1293;177834;1751357245022;1751357245025;false
0;2;1294;52977;1751357245056;1751357245058;false
1;2;1135;0;1751357245056;1751357245059;true
1;1;1135;0;1751357245056;1751357245060;true
0;1;1294;82791;1751357245057;1751357245060;false
1;0;1135;0;1751357245056;1751357245062;true
0;0;1294;177148;1751357245056;1751357245062;false
0;2;1295;52837;1751357245077;1751357245078;false
1;2;1136;0;1751357245077;1751357245079;true
0;1;1295;82806;1751357245077;1751357245079;false
1;1;1136;0;1751357245077;1751357245081;true
0;0;1295;176888;1751357245077;1751357245081;false
1;0;1136;0;1751357245077;1751357245081;true
0;2;1296;53206;1751357245108;1751357245109;false
0;1;1296;78428;1751357245108;1751357245109;false
0;0;1296;165242;1751357245108;1751357245111;false
1;2;1137;0;1751357245109;1751357245111;true
1;1;1137;0;1751357245109;1751357245111;true
1;0;1137;0;1751357245109;1751357245112;true
0;2;1297;52898;1751357245137;1751357245139;false
0;1;1297;82682;1751357245137;1751357245139;false
0;0;1297;177438;1751357245137;1751357245141;false
1;2;1138;0;1751357245141;1751357245142;true
1;1;1138;0;1751357245141;1751357245144;true
1;0;1138;0;1751357245141;1751357245145;true
1;2;1139;0;1751357245182;1751357245183;true
1;1;1139;0;1751357245182;1751357245187;true
1;0;1139;0;1751357245182;1751357245188;true
0;1;1298;82996;1751357245187;1751357245189;false
0;2;1298;53128;1751357245187;1751357245189;false
0;0;1298;177714;1751357245187;1751357245191;false
1;1;1140;0;1751357245207;1751357245209;true
1;2;1140;0;1751357245207;1751357245210;true
1;0;1140;0;1751357245207;1751357245212;true
0;2;1299;53541;1751357245212;1751357245214;false
0;1;1299;83583;1751357245212;1751357245214;false
0;0;1299;178182;1751357245212;1751357245215;false
0;2;1300;52500;1751357245242;1751357245243;false
1;2;1141;0;1751357245242;1751357245244;true
1;1;1141;0;1751357245242;1751357245244;true
0;1;1300;82530;1751357245242;1751357245245;false
1;0;1141;0;1751357245242;1751357245246;true
0;0;1300;177090;1751357245242;1751357245246;false
0;2;1301;53045;1751357245272;1751357245277;false
1;1;1142;0;1751357245277;1751357245279;true
1;2;1142;0;1751357245277;1751357245280;true
1;0;1142;0;1751357245277;1751357245281;true
0;1;1301;83824;1751357245272;1751357245289;false
0;0;1301;178156;1751357245272;1751357245289;false
1;2;1143;0;1751357245307;1751357245309;true
1;1;1143;0;1751357245307;1751357245309;true
0;2;1302;53257;1751357245307;1751357245309;false
0;1;1302;83419;1751357245307;1751357245311;false
1;0;1143;0;1751357245307;1751357245311;true
0;0;1302;177981;1751357245307;1751357245312;false
0;2;1303;52848;1751357245337;1751357245338;false
0;1;1303;83821;1751357245337;1751357245340;false
0;0;1303;177481;1751357245337;1751357245341;false
1;2;1144;0;1751357245339;1751357245341;true
1;1;1144;0;1751357245339;1751357245341;true
1;0;1144;0;1751357245339;1751357245342;true
0;2;1304;53311;1751357245372;1751357245374;false
1;2;1145;0;1751357245372;1751357245374;true
0;1;1304;83193;1751357245372;1751357245374;false
1;1;1145;0;1751357245372;1751357245374;true
1;0;1145;0;1751357245372;1751357245376;true
0;0;1304;178759;1751357245372;1751357245376;false
1;2;1146;0;1751357245407;1751357245408;true
0;1;1305;83563;1751357245407;1751357245409;false
0;2;1305;53298;1751357245407;1751357245409;false
1;1;1146;0;1751357245407;1751357245409;true
1;0;1146;0;1751357245407;1751357245410;true
0;0;1305;178734;1751357245407;1751357245411;false
0;2;1306;53060;1751357245437;1751357245438;false
0;1;1306;83469;1751357245437;1751357245439;false
1;2;1147;0;1751357245438;1751357245441;true
1;1;1147;0;1751357245438;1751357245441;true
0;0;1306;178948;1751357245437;1751357245441;false
1;0;1147;0;1751357245438;1751357245442;true
0;1;1307;83779;1751357245472;1751357245474;false
1;2;1148;0;1751357245472;1751357245474;true
0;2;1307;53634;1751357245472;1751357245474;false
1;1;1148;0;1751357245472;1751357245474;true
1;0;1148;0;1751357245472;1751357245475;true
0;0;1307;178967;1751357245472;1751357245475;false
1;2;1149;0;1751357245506;1751357245508;true
0;2;1308;53435;1751357245507;1751357245509;false
1;1;1149;0;1751357245506;1751357245510;true
1;0;1149;0;1751357245506;1751357245510;true
0;1;1308;84150;1751357245507;1751357245510;false
0;0;1308;178907;1751357245507;1751357245511;false
1;2;1150;0;1751357245538;1751357245540;true
1;1;1150;0;1751357245538;1751357245541;true
1;0;1150;0;1751357245538;1751357245542;true
0;2;1309;52676;1751357245542;1751357245544;false
0;1;1309;82648;1751357245542;1751357245545;false
0;0;1309;177201;1751357245542;1751357245546;false
1;1;1151;0;1751357245573;1751357245575;true
1;2;1151;0;1751357245573;1751357245575;true
0;2;1310;52743;1751357245573;1751357245576;false
0;0;1310;176257;1751357245573;1751357245577;false
1;0;1151;0;1751357245573;1751357245577;true
0;1;1310;82579;1751357245573;1751357245577;false
1;2;1152;0;1751357245604;1751357245607;true
0;2;1311;52217;1751357245607;1751357245608;false
1;1;1152;0;1751357245604;1751357245608;true
1;0;1152;0;1751357245604;1751357245609;true
0;0;1311;174644;1751357245608;1751357245610;false
0;1;1311;82439;1751357245607;1751357245610;false
1;2;1153;0;1751357245636;1751357245639;true
0;2;1312;52839;1751357245637;1751357245639;false
1;1;1153;0;1751357245636;1751357245640;true
1;0;1153;0;1751357245636;1751357245641;true
0;1;1312;82319;1751357245637;1751357245642;false
0;0;1312;176023;1751357245637;1751357245642;false
0;2;1313;52614;1751357245683;1751357245684;false
1;1;1154;0;1751357245683;1751357245686;true
1;2;1154;0;1751357245683;1751357245686;true
0;1;1313;81997;1751357245683;1751357245686;false
1;0;1154;0;1751357245683;1751357245687;true
0;0;1313;176120;1751357245683;1751357245687;false
0;2;1314;52721;1751357245703;1751357245704;false
1;1;1155;0;1751357245703;1751357245704;true
0;1;1314;82357;1751357245703;1751357245704;false
1;2;1155;0;1751357245703;1751357245704;true
1;0;1155;0;1751357245703;1751357245704;true
0;0;1314;176353;1751357245703;1751357245704;false
1;2;1156;0;1751357245736;1751357245740;true
1;1;1156;0;1751357245736;1751357245740;true
1;0;1156;0;1751357245736;1751357245741;true
0;2;1315;51762;1751357245738;1751357245754;false
0;1;1315;82442;1751357245738;1751357245755;false
0;0;1315;176315;1751357245738;1751357245755;false
1;2;1157;0;1751357245770;1751357245772;true
1;1;1157;0;1751357245770;1751357245772;true
1;0;1157;0;1751357245770;1751357245774;true
0;2;1316;52624;1751357245772;1751357245775;false
0;1;1316;82440;1751357245772;1751357245775;false
0;0;1316;175950;1751357245772;1751357245775;false
1;2;1158;0;1751357245801;1751357245802;true
1;1;1158;0;1751357245801;1751357245802;true
0;1;1317;82539;1751357245802;1751357245802;false
0;2;1317;53003;1751357245802;1751357245802;false
1;0;1158;0;1751357245801;1751357245802;true
0;0;1317;177334;1751357245802;1751357245805;false
0;2;1318;52921;1751357245845;1751357245847;false
0;1;1318;82815;1751357245845;1751357245847;false
1;1;1159;0;1751357245845;1751357245848;true
1;2;1159;0;1751357245845;1751357245849;true
0;0;1318;177203;1751357245845;1751357245849;false
1;0;1159;0;1751357245845;1751357245850;true
1;2;1160;0;1751357245867;1751357245869;true
0;1;1319;82205;1751357245867;1751357245869;false
0;2;1319;52026;1751357245867;1751357245871;false
1;1;1160;0;1751357245867;1751357245871;true
1;0;1160;0;1751357245867;1751357245871;true
0;0;1319;175921;1751357245867;1751357245872;false
1;2;1161;0;1751357245902;1751357245905;true
1;1;1161;0;1751357245902;1751357245906;true
1;0;1161;0;1751357245902;1751357245906;true
0;2;1320;52327;1751357245918;1751357245919;false
0;1;1320;82086;1751357245918;1751357245919;false
0;0;1320;175221;1751357245918;1751357245921;false
1;1;1162;0;1751357245935;1751357245937;true
1;2;1162;0;1751357245934;1751357245937;true
0;1;1321;81715;1751357245937;1751357245939;false
1;0;1162;0;1751357245935;1751357245939;true
0;2;1321;52697;1751357245937;1751357245939;false
0;0;1321;176309;1751357245937;1751357245939;false
1;2;1163;0;1751357245966;1751357245969;true
1;1;1163;0;1751357245966;1751357245969;true
0;1;1322;82197;1751357245967;1751357245969;false
1;0;1163;0;1751357245966;1751357245970;true
0;2;1322;52197;1751357245967;1751357245982;false
0;0;1322;175946;1751357245967;1751357245983;false
1;2;1164;0;1751357246002;1751357246004;true
1;1;1164;0;1751357246002;1751357246005;true
0;0;1323;177202;1751357246002;1751357246005;false
0;2;1323;52647;1751357246002;1751357246005;false
0;1;1323;82698;1751357246002;1751357246005;false
1;0;1164;0;1751357246002;1751357246005;true
0;2;1324;52499;1751357246032;1751357246034;false
1;2;1165;0;1751357246032;1751357246035;true
0;1;1324;82662;1751357246032;1751357246035;false
1;0;1165;0;1751357246032;1751357246036;true
1;1;1165;0;1751357246032;1751357246036;true
0;0;1324;176583;1751357246032;1751357246037;false
0;2;1325;53255;1751357246062;1751357246063;false
0;1;1325;83048;1751357246062;1751357246065;false
0;0;1325;177891;1751357246062;1751357246066;false
1;2;1166;0;1751357246065;1751357246066;true
1;1;1166;0;1751357246065;1751357246067;true
1;0;1166;0;1751357246065;1751357246069;true
1;2;1167;0;1751357246100;1751357246102;true
1;1;1167;0;1751357246100;1751357246103;true
0;2;1326;53258;1751357246102;1751357246103;false
0;1;1326;83638;1751357246102;1751357246103;false
1;0;1167;0;1751357246100;1751357246104;true
0;0;1326;178326;1751357246102;1751357246106;false
1;2;1168;0;1751357246133;1751357246134;true
1;1;1168;0;1751357246133;1751357246136;true
1;0;1168;0;1751357246133;1751357246137;true
0;2;1327;53480;1751357246137;1751357246139;false
0;0;1327;178615;1751357246137;1751357246141;false
0;1;1327;83091;1751357246137;1751357246141;false
1;2;1169;0;1751357246164;1751357246166;true
1;1;1169;0;1751357246164;1751357246168;true
0;2;1328;53917;1751357246167;1751357246168;false
1;0;1169;0;1751357246164;1751357246169;true
0;1;1328;84365;1751357246167;1751357246170;false
0;0;1328;180700;1751357246168;1751357246171;false
0;2;1329;53579;1751357246197;1751357246198;false
1;2;1170;0;1751357246197;1751357246199;true
1;1;1170;0;1751357246197;1751357246200;true
0;1;1329;84154;1751357246197;1751357246200;false
1;0;1170;0;1751357246197;1751357246201;true
0;0;1329;179518;1751357246197;1751357246201;false
0;2;1330;53821;1751357246234;1751357246235;false
0;1;1330;84055;1751357246234;1751357246237;false
1;2;1171;0;1751357246234;1751357246237;true
1;1;1171;0;1751357246234;1751357246239;true
0;0;1330;179619;1751357246234;1751357246239;false
1;0;1171;0;1751357246234;1751357246239;true
1;2;1172;0;1751357246266;1751357246268;true
1;1;1172;0;1751357246266;1751357246269;true
1;0;1172;0;1751357246266;1751357246271;true
0;2;1331;52458;1751357246267;1751357246283;false
0;0;1331;177374;1751357246267;1751357246283;false
0;1;1331;83265;1751357246267;1751357246284;false
1;2;1173;0;1751357246298;1751357246300;true
1;1;1173;0;1751357246298;1751357246301;true
1;0;1173;0;1751357246298;1751357246303;true
0;1;1332;82808;1751357246302;1751357246304;false
0;2;1332;52727;1751357246302;1751357246304;false
0;0;1332;177072;1751357246303;1751357246306;false
1;2;1174;0;1751357246330;1751357246332;true
1;1;1174;0;1751357246330;1751357246333;true
0;2;1333;53146;1751357246332;1751357246333;false
1;0;1174;0;1751357246330;1751357246334;true
0;0;1333;178772;1751357246332;1751357246336;false
0;1;1333;83688;1751357246332;1751357246336;false
1;1;1175;0;1751357246362;1751357246364;true
1;2;1175;0;1751357246362;1751357246366;true
1;0;1175;0;1751357246362;1751357246367;true
0;2;1334;53792;1751357246367;1751357246369;false
0;1;1334;83548;1751357246368;1751357246370;false
0;0;1334;179965;1751357246367;1751357246372;false
0;2;1335;53515;1751357246397;1751357246399;false
0;1;1335;83354;1751357246397;1751357246400;false
1;2;1176;0;1751357246396;1751357246400;true
1;1;1176;0;1751357246397;1751357246401;true
0;0;1335;179570;1751357246397;1751357246402;false
1;0;1176;0;1751357246396;1751357246402;true
0;2;1336;53413;1751357246432;1751357246433;false
1;2;1177;0;1751357246431;1751357246433;true
1;1;1177;0;1751357246431;1751357246434;true
1;0;1177;0;1751357246431;1751357246435;true
0;1;1336;83798;1751357246432;1751357246447;false
0;0;1336;179327;1751357246432;1751357246448;false
1;2;1178;0;1751357246466;1751357246469;true
1;1;1178;0;1751357246466;1751357246470;true
1;0;1178;0;1751357246466;1751357246471;true
0;2;1337;53968;1751357246467;1751357246483;false
0;1;1337;84298;1751357246467;1751357246484;false
0;0;1337;180485;1751357246467;1751357246485;false
1;1;1179;0;1751357246499;1751357246502;true
0;2;1338;53900;1751357246502;1751357246503;false
1;2;1179;0;1751357246499;1751357246503;true
1;0;1179;0;1751357246499;1751357246504;true
0;1;1338;84458;1751357246502;1751357246504;false
0;0;1338;181563;1751357246502;1751357246505;false
1;2;1180;0;1751357246533;1751357246535;true
1;1;1180;0;1751357246534;1751357246536;true
1;0;1180;0;1751357246534;1751357246537;true
0;2;1339;54768;1751357246537;1751357246537;false
0;1;1339;85891;1751357246537;1751357246538;false
0;0;1339;183363;1751357246537;1751357246540;false
1;2;1181;0;1751357246564;1751357246567;true
1;1;1181;0;1751357246564;1751357246568;true
0;2;1340;55254;1751357246567;1751357246568;false
0;1;1340;85712;1751357246567;1751357246568;false
1;0;1181;0;1751357246564;1751357246569;true
0;0;1340;183390;1751357246567;1751357246570;false
1;2;1182;0;1751357246597;1751357246601;true
1;1;1182;0;1751357246597;1751357246601;true
1;0;1182;0;1751357246597;1751357246601;true
0;2;1341;54737;1751357246614;1751357246616;false
0;1;1341;85637;1751357246614;1751357246616;false
0;0;1341;183345;1751357246614;1751357246618;false
1;2;1183;0;1751357246631;1751357246633;true
1;0;1183;0;1751357246631;1751357246636;true
1;1;1183;0;1751357246631;1751357246636;true
0;2;1342;54919;1751357246632;1751357246648;false
0;1;1342;85326;1751357246632;1751357246649;false
0;0;1342;182616;1751357246632;1751357246650;false
1;2;1184;0;1751357246663;1751357246666;true
1;1;1184;0;1751357246663;1751357246668;true
1;0;1184;0;1751357246663;1751357246668;true
0;1;1343;84894;1751357246667;1751357246670;false
0;2;1343;54033;1751357246667;1751357246671;false
0;0;1343;182028;1751357246667;1751357246671;false
1;2;1185;0;1751357246695;1751357246698;true
0;1;1344;85369;1751357246697;1751357246699;false
0;2;1344;54957;1751357246697;1751357246699;false
1;0;1185;0;1751357246695;1751357246699;true
1;1;1185;0;1751357246695;1751357246699;true
0;0;1344;182956;1751357246697;1751357246701;false
1;2;1186;0;1751357246727;1751357246729;true
1;1;1186;0;1751357246727;1751357246730;true
1;0;1186;0;1751357246727;1751357246730;true
0;1;1345;83889;1751357246727;1751357246743;false
0;2;1345;53764;1751357246727;1751357246743;false
0;0;1345;180637;1751357246727;1751357246744;false
1;2;1187;0;1751357246758;1751357246758;true
1;1;1187;0;1751357246758;1751357246760;true
1;0;1187;0;1751357246758;1751357246762;true
0;1;1346;83672;1751357246762;1751357246763;false
0;2;1346;53542;1751357246762;1751357246764;false
0;0;1346;178921;1751357246762;1751357246766;false
1;2;1188;0;1751357246796;1751357246800;true
1;1;1188;0;1751357246796;1751357246800;true
0;2;1347;52970;1751357246797;1751357246800;false
0;1;1347;83023;1751357246797;1751357246800;false
1;0;1188;0;1751357246796;1751357246800;true
0;0;1347;177091;1751357246797;1751357246800;false
1;2;1189;0;1751357246828;1751357246831;true
1;1;1189;0;1751357246828;1751357246831;true
1;0;1189;0;1751357246828;1751357246831;true
0;2;1348;52509;1751357246833;1751357246835;false
0;1;1348;82278;1751357246833;1751357246836;false
0;0;1348;176660;1751357246833;1751357246837;false
1;2;1190;0;1751357246860;1751357246861;true
1;1;1190;0;1751357246860;1751357246863;true
0;1;1349;81112;1751357246862;1751357246864;false
1;0;1190;0;1751357246860;1751357246864;true
0;2;1349;51778;1751357246862;1751357246864;false
0;0;1349;172707;1751357246862;1751357246866;false
1;2;1191;0;1751357246892;1751357246896;true
1;1;1191;0;1751357246892;1751357246896;true
1;0;1191;0;1751357246892;1751357246897;true
0;2;1350;51071;1751357246897;1751357246898;false
0;1;1350;79722;1751357246897;1751357246899;false
0;0;1350;170627;1751357246897;1751357246900;false
1;2;1192;0;1751357246924;1751357246927;true
1;1;1192;0;1751357246924;1751357246928;true
1;0;1192;0;1751357246924;1751357246929;true
0;2;1351;51243;1751357246927;1751357246929;false
0;1;1351;80160;1751357246928;1751357246931;false
0;0;1351;171092;1751357246927;1751357246932;false
1;2;1193;0;1751357246962;1751357246964;true
1;1;1193;0;1751357246962;1751357246965;true
1;0;1193;0;1751357246962;1751357246966;true
0;1;1352;78036;1751357246977;1751357246979;false
0;2;1352;50014;1751357246977;1751357246979;false
0;0;1352;166357;1751357246977;1751357246981;false
1;2;1194;0;1751357246994;1751357246995;true
1;1;1194;0;1751357246994;1751357246998;true
1;0;1194;0;1751357246994;1751357246998;true
0;2;1353;49761;1751357246997;1751357246998;false
0;1;1353;77709;1751357246997;1751357246999;false
0;0;1353;165808;1751357246997;1751357247000;false
1;2;1195;0;1751357247025;1751357247028;true
1;1;1195;0;1751357247025;1751357247028;true
0;2;1354;49481;1751357247027;1751357247028;false
1;0;1195;0;1751357247025;1751357247028;true
0;0;1354;165615;1751357247027;1751357247030;false
0;1;1354;77252;1751357247027;1751357247030;false
1;2;1196;0;1751357247057;1751357247057;true
1;1;1196;0;1751357247057;1751357247057;true
1;0;1196;0;1751357247057;1751357247061;true
0;1;1355;77814;1751357247064;1751357247066;false
0;2;1355;50131;1751357247064;1751357247066;false
0;0;1355;166234;1751357247064;1751357247067;false
1;2;1197;0;1751357247089;1751357247092;true
1;0;1197;0;1751357247089;1751357247092;true
1;1;1197;0;1751357247089;1751357247092;true
0;0;1356;164538;1751357247092;1751357247093;false
0;2;1356;49111;1751357247092;1751357247095;false
0;1;1356;76860;1751357247093;1751357247095;false
0;2;1357;48958;1751357247122;1751357247122;false
1;2;1198;0;1751357247122;1751357247124;true
0;1;1357;77347;1751357247122;1751357247124;false
1;1;1198;0;1751357247122;1751357247125;true
0;0;1357;164417;1751357247122;1751357247126;false
1;0;1198;0;1751357247122;1751357247126;true
1;1;1199;0;1751357247160;1751357247160;true
1;2;1199;0;1751357247160;1751357247165;true
1;0;1199;0;1751357247160;1751357247165;true
0;2;1358;49235;1751357247165;1751357247165;false
0;1;1358;76981;1751357247165;1751357247165;false
0;0;1358;164876;1751357247165;1751357247165;false
1;1;1200;0;1751357247192;1751357247193;true
1;2;1200;0;1751357247192;1751357247195;true
1;0;1200;0;1751357247192;1751357247196;true
0;2;1359;49090;1751357247207;1751357247208;false
0;1;1359;77139;1751357247207;1751357247209;false
0;0;1359;163991;1751357247207;1751357247211;false
1;2;1201;0;1751357247228;1751357247228;true
1;1;1201;0;1751357247228;1751357247228;true
1;0;1201;0;1751357247228;1751357247228;true
0;2;1360;48686;1751357247244;1751357247245;false
0;1;1360;76451;1751357247244;1751357247248;false
0;0;1360;163019;1751357247244;1751357247248;false
0;2;1361;49455;1751357247260;1751357247262;false
1;1;1202;0;1751357247260;1751357247263;true
1;2;1202;0;1751357247260;1751357247263;true
0;1;1361;76571;1751357247260;1751357247263;false
0;0;1361;164671;1751357247260;1751357247264;false
1;0;1202;0;1751357247260;1751357247264;true
1;2;1203;0;1751357247292;1751357247295;true
1;0;1203;0;1751357247292;1751357247296;true
1;1;1203;0;1751357247292;1751357247296;true
0;2;1362;48592;1751357247307;1751357247308;false
0;1;1362;76790;1751357247307;1751357247308;false
0;0;1362;163277;1751357247307;1751357247309;false
1;1;1204;0;1751357247323;1751357247328;true
1;0;1204;0;1751357247323;1751357247328;true
1;2;1204;0;1751357247323;1751357247328;true
0;1;1363;76060;1751357247327;1751357247328;false
0;2;1363;48381;1751357247327;1751357247328;false
0;0;1363;162513;1751357247327;1751357247331;false
1;1;1205;0;1751357247358;1751357247362;true
1;2;1205;0;1751357247358;1751357247362;true
1;0;1205;0;1751357247358;1751357247363;true
0;1;1364;76251;1751357247362;1751357247364;false
0;2;1364;48551;1751357247362;1751357247366;false
0;0;1364;163649;1751357247362;1751357247366;false
1;2;1206;0;1751357247389;1751357247391;true
1;1;1206;0;1751357247389;1751357247392;true
1;0;1206;0;1751357247389;1751357247393;true
0;2;1365;48838;1751357247392;1751357247394;false
0;1;1365;76637;1751357247392;1751357247394;false
0;0;1365;162939;1751357247392;1751357247395;false
1;1;1207;0;1751357247421;1751357247424;true
0;1;1366;75919;1751357247422;1751357247424;false
0;2;1366;48847;1751357247423;1751357247425;false
1;2;1207;0;1751357247421;1751357247425;true
1;0;1207;0;1751357247421;1751357247425;true
0;0;1366;162340;1751357247422;1751357247426;false
1;2;1208;0;1751357247453;1751357247455;true
1;1;1208;0;1751357247453;1751357247457;true
1;0;1208;0;1751357247453;1751357247458;true
0;2;1367;49124;1751357247457;1751357247459;false
0;1;1367;76936;1751357247457;1751357247459;false
0;0;1367;164198;1751357247457;1751357247460;false
1;2;1209;0;1751357247492;1751357247493;true
1;1;1209;0;1751357247492;1751357247495;true
1;0;1209;0;1751357247492;1751357247496;true
0;2;1368;48958;1751357247507;1751357247508;false
0;1;1368;76318;1751357247508;1751357247510;false
0;0;1368;162392;1751357247508;1751357247511;false
0;2;1369;48389;1751357247511;1751357247512;false
0;1;1369;76392;1751357247511;1751357247527;false
1;2;1210;0;1751357247526;1751357247527;true
0;0;1369;162231;1751357247511;1751357247529;false
1;1;1210;0;1751357247526;1751357247529;true
1;0;1210;0;1751357247526;1751357247530;true
1;2;1211;0;1751357247558;1751357247560;true
1;1;1211;0;1751357247558;1751357247560;true
1;0;1211;0;1751357247558;1751357247562;true
0;1;1370;75343;1751357247562;1751357247563;false
0;2;1370;48590;1751357247562;1751357247564;false
0;0;1370;161564;1751357247562;1751357247564;false
0;2;1371;47760;1751357247592;1751357247593;false
1;1;1212;0;1751357247591;1751357247594;true
1;2;1212;0;1751357247591;1751357247594;true
0;1;1371;75216;1751357247592;1751357247595;false
1;0;1212;0;1751357247591;1751357247595;true
0;0;1371;160698;1751357247592;1751357247596;false
1;2;1213;0;1751357247623;1751357247625;true
1;0;1213;0;1751357247623;1751357247628;true
1;1;1213;0;1751357247623;1751357247628;true
0;2;1372;48457;1751357247627;1751357247628;false
0;1;1372;75380;1751357247627;1751357247629;false
0;0;1372;161649;1751357247627;1751357247630;false
1;2;1214;0;1751357247655;1751357247656;true
1;1;1214;0;1751357247655;1751357247658;true
0;2;1373;48396;1751357247657;1751357247658;false
0;1;1373;74809;1751357247657;1751357247659;false
1;0;1214;0;1751357247655;1751357247659;true
0;0;1373;160205;1751357247657;1751357247661;false
1;2;1215;0;1751357247690;1751357247692;true
0;2;1374;48009;1751357247692;1751357247693;false
1;1;1215;0;1751357247690;1751357247693;true
0;1;1374;75413;1751357247692;1751357247694;false
1;0;1215;0;1751357247690;1751357247695;true
0;0;1374;160522;1751357247692;1751357247696;false
1;2;1216;0;1751357247721;1751357247724;true
0;2;1375;47620;1751357247724;1751357247725;false
1;0;1216;0;1751357247721;1751357247725;true
1;1;1216;0;1751357247721;1751357247726;true
0;1;1375;74268;1751357247724;1751357247726;false
0;0;1375;159356;1751357247724;1751357247728;false
1;2;1217;0;1751357247754;1751357247756;true
1;1;1217;0;1751357247754;1751357247758;true
1;0;1217;0;1751357247754;1751357247758;true
0;2;1376;47835;1751357247757;1751357247758;false
0;1;1376;75542;1751357247757;1751357247759;false
0;0;1376;160749;1751357247757;1751357247761;false
1;2;1218;0;1751357247784;1751357247787;true
1;0;1218;0;1751357247784;1751357247789;true
0;2;1377;47832;1751357247787;1751357247789;false
1;1;1218;0;1751357247784;1751357247789;true
0;1;1377;74943;1751357247787;1751357247790;false
0;0;1377;160523;1751357247787;1751357247790;false
1;2;1219;0;1751357247823;1751357247825;true
1;1;1219;0;1751357247823;1751357247827;true
1;0;1219;0;1751357247823;1751357247828;true
0;2;1378;48462;1751357247827;1751357247829;false
0;1;1378;75394;1751357247827;1751357247830;false
0;0;1378;160770;1751357247827;1751357247831;false
1;2;1220;0;1751357247855;1751357247857;true
0;2;1379;48222;1751357247857;1751357247858;false
1;0;1220;0;1751357247855;1751357247858;true
1;1;1220;0;1751357247855;1751357247858;true
0;1;1379;75794;1751357247857;1751357247858;false
0;0;1379;161852;1751357247857;1751357247858;false
1;2;1221;0;1751357247887;1751357247887;true
1;1;1221;0;1751357247887;1751357247888;true
1;0;1221;0;1751357247887;1751357247888;true
0;2;1380;48567;1751357247903;1751357247903;false
0;1;1380;75466;1751357247903;1751357247903;false
0;0;1380;161179;1751357247903;1751357247903;false
1;2;1222;0;1751357247919;1751357247920;true
1;1;1222;0;1751357247919;1751357247923;true
1;0;1222;0;1751357247919;1751357247923;true
0;2;1381;48895;1751357247922;1751357247923;false
0;0;1381;162376;1751357247922;1751357247923;false
0;1;1381;76034;1751357247922;1751357247926;false
1;2;1223;0;1751357247950;1751357247950;true
1;1;1223;0;1751357247950;1751357247950;true
1;0;1223;0;1751357247950;1751357247954;true
0;2;1382;48814;1751357247954;1751357247954;false
0;1;1382;75648;1751357247954;1751357247954;false
0;0;1382;161817;1751357247954;1751357247954;false
1;2;1224;0;1751357247982;1751357247982;true
1;1;1224;0;1751357247982;1751357247986;true
1;0;1224;0;1751357247982;1751357247987;true
0;2;1383;49049;1751357247987;1751357247988;false
0;1;1383;76348;1751357247987;1751357247988;false
0;0;1383;163292;1751357247987;1751357247990;false
0;2;1384;49109;1751357248007;1751357248008;false
0;1;1384;76403;1751357248007;1751357248009;false
0;0;1384;163149;1751357248007;1751357248011;false
1;2;1225;0;1751357248021;1751357248023;true
1;0;1225;0;1751357248021;1751357248025;true
1;1;1225;0;1751357248021;1751357248026;true
1;2;1226;0;1751357248054;1751357248054;true
1;1;1226;0;1751357248054;1751357248057;true
1;0;1226;0;1751357248054;1751357248057;true
0;2;1385;48879;1751357248057;1751357248059;false
0;0;1385;163914;1751357248057;1751357248059;false
0;1;1385;77129;1751357248057;1751357248060;false
0;2;1386;48928;1751357248087;1751357248088;false
1;1;1227;0;1751357248085;1751357248088;true
0;1;1386;76499;1751357248087;1751357248090;false
1;2;1227;0;1751357248085;1751357248090;true
1;0;1227;0;1751357248085;1751357248091;true
0;0;1386;163927;1751357248087;1751357248092;false
0;2;1387;49377;1751357248112;1751357248112;false
0;1;1387;76582;1751357248112;1751357248114;false
1;2;1228;0;1751357248112;1751357248114;true
1;1;1228;0;1751357248112;1751357248115;true
1;0;1228;0;1751357248112;1751357248115;true
0;0;1387;163570;1751357248112;1751357248115;false
1;1;1229;0;1751357248148;1751357248151;true
1;2;1229;0;1751357248148;1751357248151;true
1;0;1229;0;1751357248148;1751357248153;true
0;2;1388;49098;1751357248153;1751357248153;false
0;1;1388;76561;1751357248153;1751357248155;false
0;0;1388;164155;1751357248153;1751357248157;false
0;2;1389;49536;1751357248187;1751357248188;false
1;2;1230;0;1751357248187;1751357248189;true
0;1;1389;78028;1751357248187;1751357248189;false
1;1;1230;0;1751357248187;1751357248189;true
1;0;1230;0;1751357248187;1751357248190;true
0;0;1389;165498;1751357248187;1751357248190;false
0;2;1390;49514;1751357248207;1751357248207;false
0;1;1390;77537;1751357248207;1751357248209;false
0;0;1390;165258;1751357248207;1751357248209;false
1;2;1231;0;1751357248220;1751357248223;true
1;0;1231;0;1751357248220;1751357248223;true
1;1;1231;0;1751357248220;1751357248223;true
1;2;1232;0;1751357248252;1751357248254;true
1;1;1232;0;1751357248252;1751357248254;true
1;0;1232;0;1751357248252;1751357248254;true
0;2;1391;49190;1751357248268;1751357248268;false
0;1;1391;76909;1751357248268;1751357248268;false
0;0;1391;164657;1751357248268;1751357248270;false
1;2;1233;0;1751357248284;1751357248284;true
1;1;1233;0;1751357248284;1751357248284;true
1;0;1233;0;1751357248284;1751357248284;true
0;1;1392;77144;1751357248299;1751357248299;false
0;2;1392;49348;1751357248299;1751357248299;false
0;0;1392;165008;1751357248299;1751357248299;false
1;1;1234;0;1751357248315;1751357248315;true
1;2;1234;0;1751357248315;1751357248315;true
1;0;1234;0;1751357248315;1751357248315;true
0;2;1393;49137;1751357248331;1751357248331;false
0;1;1393;76749;1751357248331;1751357248331;false
0;0;1393;164091;1751357248331;1751357248335;false
1;2;1235;0;1751357248353;1751357248354;true
0;0;1394;153409;1751357248353;1751357248356;false
0;2;1394;46215;1751357248353;1751357248356;false
1;1;1235;0;1751357248353;1751357248356;true
0;1;1394;72081;1751357248353;1751357248357;false
1;0;1235;0;1751357248353;1751357248357;true
0;2;1395;49738;1751357248380;1751357248380;false
1;2;1236;0;1751357248380;1751357248380;true
0;1;1395;77915;1751357248380;1751357248380;false
1;1;1236;0;1751357248380;1751357248380;true
0;0;1395;166383;1751357248380;1751357248380;false
1;0;1236;0;1751357248380;1751357248380;true
0;1;1396;77245;1751357248419;1751357248421;false
1;2;1237;0;1751357248419;1751357248421;true
0;2;1396;49645;1751357248419;1751357248421;false
1;1;1237;0;1751357248419;1751357248421;true
0;0;1396;164893;1751357248419;1751357248423;false
1;0;1237;0;1751357248419;1751357248423;true
0;2;1397;49556;1751357248437;1751357248439;false
0;1;1397;77349;1751357248437;1751357248440;false
0;0;1397;165935;1751357248437;1751357248440;false
1;2;1238;0;1751357248451;1751357248453;true
1;1;1238;0;1751357248451;1751357248453;true
1;0;1238;0;1751357248451;1751357248455;true
1;2;1239;0;1751357248483;1751357248485;true
1;1;1239;0;1751357248483;1751357248487;true
1;0;1239;0;1751357248483;1751357248487;true
0;2;1398;49662;1751357248487;1751357248489;false
0;1;1398;77452;1751357248487;1751357248491;false
0;0;1398;165997;1751357248487;1751357248491;false
1;2;1240;0;1751357248507;1751357248508;true
0;1;1399;77633;1751357248507;1751357248509;false
1;0;1240;0;1751357248507;1751357248509;true
1;1;1240;0;1751357248507;1751357248510;true
0;2;1399;49960;1751357248507;1751357248510;false
0;0;1399;166151;1751357248507;1751357248512;false
0;2;1400;49471;1751357248537;1751357248539;false
0;1;1400;77419;1751357248537;1751357248540;false
0;0;1400;164980;1751357248537;1751357248540;false
1;2;1241;0;1751357248540;1751357248544;true
1;1;1241;0;1751357248540;1751357248544;true
1;0;1241;0;1751357248540;1751357248545;true
0;2;1401;49885;1751357248577;1751357248578;false
1;2;1242;0;1751357248577;1751357248579;true
0;1;1401;77867;1751357248577;1751357248579;false
1;1;1242;0;1751357248577;1751357248580;true
0;0;1401;165995;1751357248577;1751357248581;false
1;0;1242;0;1751357248577;1751357248581;true
1;2;1243;0;1751357248619;1751357248620;true
0;2;1402;49656;1751357248619;1751357248620;false
0;1;1402;77620;1751357248619;1751357248621;false
1;1;1243;0;1751357248619;1751357248622;true
0;0;1402;165462;1751357248619;1751357248622;false
1;0;1243;0;1751357248619;1751357248622;true
0;2;1403;50397;1751357248637;1751357248639;false
0;0;1403;167913;1751357248637;1751357248641;false
0;1;1403;78776;1751357248637;1751357248641;false
1;2;1244;0;1751357248639;1751357248641;true
1;1;1244;0;1751357248639;1751357248641;true
1;0;1244;0;1751357248639;1751357248642;true
1;2;1245;0;1751357248672;1751357248673;true
1;1;1245;0;1751357248672;1751357248675;true
0;0;1404;167409;1751357248672;1751357248675;false
0;2;1404;50196;1751357248673;1751357248675;false
0;1;1404;78456;1751357248672;1751357248676;false
1;0;1245;0;1751357248672;1751357248676;true
0;2;1405;50851;1751357248702;1751357248704;false
0;1;1405;79341;1751357248702;1751357248705;false
1;2;1246;0;1751357248705;1751357248706;true
0;0;1405;169542;1751357248702;1751357248707;false
1;1;1246;0;1751357248705;1751357248709;true
1;0;1246;0;1751357248705;1751357248709;true
0;2;1406;50332;1751357248737;1751357248738;false
0;1;1406;79057;1751357248737;1751357248739;false
0;0;1406;168993;1751357248737;1751357248740;false
1;2;1247;0;1751357248738;1751357248740;true
1;1;1247;0;1751357248738;1751357248741;true
1;0;1247;0;1751357248738;1751357248742;true
1;2;1248;0;1751357248783;1751357248784;true
0;2;1407;50121;1751357248783;1751357248784;false
1;1;1248;0;1751357248783;1751357248785;true
0;1;1407;78366;1751357248783;1751357248786;false
1;0;1248;0;1751357248783;1751357248787;true
0;0;1407;167573;1751357248783;1751357248787;false
0;2;1408;50052;1751357248802;1751357248803;false
1;2;1249;0;1751357248804;1751357248805;true
0;1;1408;78422;1751357248802;1751357248806;false
0;0;1408;167812;1751357248802;1751357248806;false
1;1;1249;0;1751357248804;1751357248807;true
1;0;1249;0;1751357248804;1751357248807;true
1;2;1250;0;1751357248846;1751357248847;true
1;1;1250;0;1751357248846;1751357248848;true
0;1;1409;78523;1751357248847;1751357248848;false
1;0;1250;0;1751357248846;1751357248849;true
0;2;1409;50352;1751357248847;1751357248850;false
0;0;1409;168784;1751357248847;1751357248850;false
0;2;1410;49656;1751357248872;1751357248873;false
1;2;1251;0;1751357248872;1751357248873;true
1;1;1251;0;1751357248872;1751357248874;true
0;0;1410;168236;1751357248872;1751357248875;false
1;0;1251;0;1751357248872;1751357248875;true
0;1;1410;78186;1751357248872;1751357248875;false
0;2;1411;50261;1751357248902;1751357248903;false
0;1;1411;79102;1751357248902;1751357248904;false
1;2;1252;0;1751357248903;1751357248904;true
0;0;1411;168632;1751357248902;1751357248906;false
1;1;1252;0;1751357248903;1751357248906;true
1;0;1252;0;1751357248903;1751357248907;true
0;2;1412;50312;1751357248937;1751357248938;false
0;1;1412;78649;1751357248937;1751357248939;false
1;1;1253;0;1751357248937;1751357248940;true
1;2;1253;0;1751357248937;1751357248940;true
1;0;1253;0;1751357248937;1751357248941;true
0;0;1412;168851;1751357248937;1751357248941;false
0;2;1413;50475;1751357248967;1751357248968;false
0;1;1413;78507;1751357248967;1751357248969;false
0;0;1413;168241;1751357248967;1751357248970;false
1;2;1254;0;1751357248969;1751357248971;true
1;1;1254;0;1751357248969;1751357248972;true
1;0;1254;0;1751357248969;1751357248973;true
1;2;1255;0;1751357249011;1751357249013;true
1;1;1255;0;1751357249011;1751357249015;true
1;0;1255;0;1751357249011;1751357249016;true
0;2;1414;50411;1751357249012;1751357249028;false
0;1;1414;78622;1751357249027;1751357249029;false
0;0;1414;168480;1751357249028;1751357249031;false
1;2;1256;0;1751357249037;1751357249039;true
0;2;1415;50551;1751357249037;1751357249039;false
0;1;1415;78709;1751357249037;1751357249039;false
1;1;1256;0;1751357249037;1751357249041;true
0;0;1415;169300;1751357249037;1751357249042;false
1;0;1256;0;1751357249037;1751357249042;true
0;2;1416;50141;1751357249067;1751357249068;false
0;1;1416;78997;1751357249067;1751357249069;false
1;2;1257;0;1751357249068;1751357249070;true
0;0;1416;168496;1751357249067;1751357249071;false
1;1;1257;0;1751357249068;1751357249072;true
1;0;1257;0;1751357249068;1751357249073;true
0;2;1417;50326;1751357249112;1751357249114;false
1;2;1258;0;1751357249112;1751357249115;true
1;1;1258;0;1751357249112;1751357249115;true
0;1;1417;79275;1751357249113;1751357249115;false
1;0;1258;0;1751357249112;1751357249116;true
0;0;1417;169349;1751357249112;1751357249117;false
0;2;1418;50619;1751357249132;1751357249132;false
0;1;1418;79509;1751357249132;1751357249136;false
1;2;1259;0;1751357249134;1751357249136;true
0;0;1418;169604;1751357249132;1751357249136;false
1;1;1259;0;1751357249134;1751357249137;true
1;0;1259;0;1751357249134;1751357249138;true
1;2;1260;0;1751357249175;1751357249177;true
0;2;1419;50469;1751357249177;1751357249177;false
1;1;1260;0;1751357249175;1751357249178;true
1;0;1260;0;1751357249175;1751357249179;true
0;1;1419;79034;1751357249177;1751357249179;false
0;0;1419;168947;1751357249177;1751357249180;false
1;0;1261;0;1751357249206;1751357249210;true
1;1;1261;0;1751357249206;1751357249211;true
1;2;1261;0;1751357249206;1751357249211;true
0;2;1420;51318;1751357249207;1751357249212;false
0;1;1420;79842;1751357249207;1751357249214;false
0;0;1420;170326;1751357249212;1751357249222;false
0;2;1421;50793;1751357249237;1751357249238;false
1;2;1262;0;1751357249237;1751357249239;true
1;1;1262;0;1751357249237;1751357249240;true
0;0;1421;169476;1751357249237;1751357249240;false
0;1;1421;78814;1751357249237;1751357249240;false
1;0;1262;0;1751357249237;1751357249240;true
0;2;1422;50809;1751357249267;1751357249268;false
0;1;1422;78818;1751357249267;1751357249269;false
1;2;1263;0;1751357249267;1751357249269;true
1;1;1263;0;1751357249267;1751357249269;true
1;0;1263;0;1751357249267;1751357249270;true
0;0;1422;168332;1751357249267;1751357249271;false
1;2;1264;0;1751357249312;1751357249314;true
0;2;1423;50171;1751357249312;1751357249314;false
1;1;1264;0;1751357249312;1751357249315;true
0;1;1423;78868;1751357249312;1751357249315;false
1;0;1264;0;1751357249312;1751357249316;true
0;0;1423;168871;1751357249312;1751357249316;false
1;2;1265;0;1751357249343;1751357249345;true
0;2;1424;50765;1751357249343;1751357249346;false
1;1;1265;0;1751357249343;1751357249346;true
0;0;1424;168607;1751357249343;1751357249347;false
0;1;1424;79116;1751357249343;1751357249347;false
1;0;1265;0;1751357249343;1751357249347;true
1;2;1266;0;1751357249374;1751357249375;true
1;1;1266;0;1751357249374;1751357249377;true
1;0;1266;0;1751357249374;1751357249379;true
0;1;1425;79209;1751357249377;1751357249379;false
0;2;1425;50824;1751357249377;1751357249379;false
0;0;1425;168983;1751357249377;1751357249381;false
1;2;1267;0;1751357249402;1751357249404;true
0;1;1426;78463;1751357249402;1751357249404;false
1;1;1267;0;1751357249402;1751357249406;true
0;2;1426;50064;1751357249402;1751357249406;false
0;0;1426;167425;1751357249402;1751357249406;false
1;0;1267;0;1751357249402;1751357249406;true
0;1;1427;78980;1751357249433;1751357249434;false
0;2;1427;50000;1751357249433;1751357249435;false
1;2;1268;0;1751357249433;1751357249435;true
1;1;1268;0;1751357249433;1751357249435;true
0;0;1427;168226;1751357249433;1751357249436;false
1;0;1268;0;1751357249433;1751357249436;true
0;2;1428;50563;1751357249463;1751357249463;false
0;1;1428;78820;1751357249463;1751357249464;false
1;2;1269;0;1751357249464;1751357249466;true
0;0;1428;168448;1751357249463;1751357249466;false
1;1;1269;0;1751357249464;1751357249467;true
1;0;1269;0;1751357249464;1751357249467;true
1;2;1270;0;1751357249498;1751357249500;true
1;1;1270;0;1751357249498;1751357249500;true
1;0;1270;0;1751357249498;1751357249502;true
0;2;1429;50133;1751357249502;1751357249503;false
0;1;1429;78895;1751357249502;1751357249504;false
0;0;1429;167535;1751357249502;1751357249504;false
1;2;1271;0;1751357249530;1751357249530;true
1;1;1271;0;1751357249530;1751357249534;true
1;0;1271;0;1751357249530;1751357249534;true
0;1;1430;78949;1751357249533;1751357249534;false
0;2;1430;50140;1751357249533;1751357249534;false
0;0;1430;168572;1751357249533;1751357249536;false
0;2;1431;50014;1751357249562;1751357249565;false
1;2;1272;0;1751357249564;1751357249565;true
1;1;1272;0;1751357249564;1751357249565;true
1;0;1272;0;1751357249564;1751357249566;true
0;1;1431;79313;1751357249562;1751357249576;false
0;0;1431;168834;1751357249562;1751357249577;false
0;2;1432;50380;1751357249597;1751357249597;false
1;2;1273;0;1751357249597;1751357249598;true
1;1;1273;0;1751357249597;1751357249600;true
0;1;1432;79092;1751357249597;1751357249600;false
0;0;1432;168115;1751357249597;1751357249600;false
1;0;1273;0;1751357249597;1751357249600;true
0;2;1433;50398;1751357249643;1751357249643;false
1;2;1274;0;1751357249643;1751357249646;true
1;1;1274;0;1751357249643;1751357249646;true
0;0;1433;168804;1751357249643;1751357249646;false
0;1;1433;78826;1751357249643;1751357249646;false
1;0;1274;0;1751357249643;1751357249646;true
0;2;1434;50510;1751357249674;1751357249674;false
0;1;1434;79909;1751357249674;1751357249676;false
1;2;1275;0;1751357249674;1751357249676;true
1;1;1275;0;1751357249674;1751357249677;true
1;0;1275;0;1751357249674;1751357249677;true
0;0;1434;169760;1751357249674;1751357249677;false
0;2;1435;50784;1751357249694;1751357249697;false
0;1;1435;79908;1751357249694;1751357249697;false
0;0;1435;170516;1751357249694;1751357249697;false
1;2;1276;0;1751357249697;1751357249698;true
1;1;1276;0;1751357249697;1751357249700;true
1;0;1276;0;1751357249697;1751357249701;true
1;2;1277;0;1751357249737;1751357249739;true
1;1;1277;0;1751357249737;1751357249739;true
1;0;1277;0;1751357249737;1751357249742;true
0;2;1436;50728;1751357249742;1751357249742;false
0;1;1436;79461;1751357249742;1751357249745;false
0;0;1436;170338;1751357249742;1751357249745;false
0;1;1437;75230;1751357249762;1751357249764;false
0;2;1437;51847;1751357249762;1751357249764;false
1;1;1278;0;1751357249762;1751357249764;true
1;2;1278;0;1751357249762;1751357249765;true
1;0;1278;0;1751357249762;1751357249766;true
0;0;1437;160203;1751357249762;1751357249766;false
1;2;1279;0;1751357249798;1751357249799;true
0;2;1438;51705;1751357249798;1751357249799;false
1;1;1279;0;1751357249798;1751357249799;true
0;1;1438;81003;1751357249798;1751357249799;false
0;0;1438;172349;1751357249798;1751357249799;false
1;0;1279;0;1751357249798;1751357249802;true
0;1;1439;81070;1751357249827;1751357249827;false
0;2;1439;51683;1751357249827;1751357249829;false
1;2;1280;0;1751357249827;1751357249830;true
1;1;1280;0;1751357249827;1751357249830;true
0;0;1439;173385;1751357249827;1751357249831;false
1;0;1280;0;1751357249827;1751357249831;true
0;2;1440;51714;1751357249857;1751357249859;false
0;1;1440;80769;1751357249857;1751357249860;false
0;0;1440;173387;1751357249857;1751357249861;false
1;2;1281;0;1751357249860;1751357249862;true
1;1;1281;0;1751357249860;1751357249863;true
1;0;1281;0;1751357249860;1751357249864;true
1;2;1282;0;1751357249903;1751357249904;true
0;2;1441;51427;1751357249903;1751357249904;false
0;1;1441;80504;1751357249903;1751357249905;false
1;1;1282;0;1751357249903;1751357249906;true
0;0;1441;172344;1751357249903;1751357249907;false
1;0;1282;0;1751357249903;1751357249907;true
0;2;1442;51582;1751357249922;1751357249923;false
0;1;1442;80964;1751357249922;1751357249924;false
0;0;1442;173244;1751357249922;1751357249926;false
1;2;1283;0;1751357249926;1751357249927;true
1;1;1283;0;1751357249926;1751357249929;true
1;0;1283;0;1751357249926;1751357249930;true
1;2;1284;0;1751357249959;1751357249962;true
1;1;1284;0;1751357249959;1751357249962;true
0;2;1443;52113;1751357249962;1751357249963;false
1;0;1284;0;1751357249959;1751357249964;true
0;1;1443;80946;1751357249963;1751357249966;false
0;0;1443;172281;1751357249962;1751357249967;false
0;2;1444;51034;1751357249992;1751357249993;false
1;2;1285;0;1751357249992;1751357249994;true
1;1;1285;0;1751357249992;1751357249994;true
1;0;1285;0;1751357249992;1751357249995;true
0;1;1444;79833;1751357249992;1751357250007;false
0;0;1444;172168;1751357249992;1751357250008;false
0;2;1445;51394;1751357250037;1751357250039;false
1;2;1286;0;1751357250037;1751357250040;true
1;1;1286;0;1751357250037;1751357250041;true
0;1;1445;80743;1751357250038;1751357250041;false
0;0;1445;171747;1751357250037;1751357250041;false
1;0;1286;0;1751357250037;1751357250042;true
0;2;1446;52147;1751357250057;1751357250059;false
0;1;1446;80723;1751357250057;1751357250059;false
1;2;1287;0;1751357250058;1751357250060;true
0;0;1446;173407;1751357250057;1751357250061;false
1;1;1287;0;1751357250058;1751357250062;true
1;0;1287;0;1751357250058;1751357250063;true
0;2;1447;51215;1751357250087;1751357250088;false
0;1;1447;80580;1751357250087;1751357250089;false
0;0;1447;172956;1751357250087;1751357250091;false
1;1;1288;0;1751357250091;1751357250093;true
1;2;1288;0;1751357250091;1751357250094;true
1;0;1288;0;1751357250091;1751357250096;true
1;2;1289;0;1751357250124;1751357250126;true
1;1;1289;0;1751357250124;1751357250128;true
0;2;1448;51750;1751357250127;1751357250128;false
1;0;1289;0;1751357250124;1751357250128;true
0;1;1448;81036;1751357250127;1751357250130;false
0;0;1448;174112;1751357250128;1751357250131;false
1;1;1290;0;1751357250158;1751357250160;true
1;0;1290;0;1751357250158;1751357250161;true
1;2;1290;0;1751357250158;1751357250161;true
0;2;1449;51770;1751357250162;1751357250162;false
0;1;1449;81065;1751357250162;1751357250163;false
0;0;1449;173366;1751357250162;1751357250164;false
0;2;1450;51790;1751357250192;1751357250193;false
1;2;1291;0;1751357250192;1751357250194;true
0;1;1450;80679;1751357250192;1751357250194;false
1;1;1291;0;1751357250192;1751357250195;true
0;0;1450;172886;1751357250192;1751357250196;false
1;0;1291;0;1751357250192;1751357250196;true
0;1;1451;80519;1751357250222;1751357250225;false
0;2;1451;51080;1751357250222;1751357250225;false
1;2;1292;0;1751357250223;1751357250225;true
0;0;1451;172642;1751357250222;1751357250226;false
1;1;1292;0;1751357250223;1751357250226;true
1;0;1292;0;1751357250223;1751357250227;true
0;2;1452;52176;1751357250259;1751357250260;false
0;1;1452;81717;1751357250259;1751357250261;false
1;2;1293;0;1751357250258;1751357250262;true
0;0;1452;174525;1751357250259;1751357250262;false
1;1;1293;0;1751357250258;1751357250263;true
1;0;1293;0;1751357250258;1751357250264;true
1;2;1294;0;1751357250290;1751357250292;true
1;0;1294;0;1751357250290;1751357250294;true
1;1;1294;0;1751357250290;1751357250294;true
0;2;1453;52324;1751357250292;1751357250306;false
0;1;1453;82225;1751357250292;1751357250306;false
0;0;1453;176124;1751357250292;1751357250306;false
1;2;1295;0;1751357250322;1751357250324;true
1;1;1295;0;1751357250322;1751357250324;true
0;2;1454;54024;1751357250322;1751357250325;false
0;1;1454;84567;1751357250322;1751357250326;false
1;0;1295;0;1751357250322;1751357250326;true
0;0;1454;181212;1751357250322;1751357250326;false
0;1;1455;85026;1751357250352;1751357250359;false
1;2;1296;0;1751357250357;1751357250359;true
0;2;1455;55193;1751357250352;1751357250359;false
0;0;1455;182891;1751357250352;1751357250360;false
1;1;1296;0;1751357250357;1751357250360;true
1;0;1296;0;1751357250357;1751357250362;true
1;2;1297;0;1751357250390;1751357250393;true
1;1;1297;0;1751357250390;1751357250394;true
1;0;1297;0;1751357250390;1751357250394;true
0;2;1456;55853;1751357250392;1751357250395;false
0;1;1456;87315;1751357250392;1751357250395;false
0;0;1456;186750;1751357250392;1751357250395;false
0;2;1457;55513;1751357250422;1751357250423;false
1;1;1298;0;1751357250422;1751357250423;true
1;2;1298;0;1751357250422;1751357250425;true
1;0;1298;0;1751357250422;1751357250425;true
0;1;1457;87235;1751357250423;1751357250426;false
0;0;1457;187115;1751357250422;1751357250436;false
1;2;1299;0;1751357250456;1751357250458;true
1;1;1299;0;1751357250456;1751357250459;true
0;2;1458;52371;1751357250457;1751357250459;false
1;0;1299;0;1751357250456;1751357250459;true
0;1;1458;86873;1751357250457;1751357250460;false
0;0;1458;174100;1751357250457;1751357250461;false
1;1;1300;0;1751357250489;1751357250491;true
1;2;1300;0;1751357250489;1751357250493;true
1;0;1300;0;1751357250489;1751357250494;true
0;2;1459;55464;1751357250492;1751357250494;false
0;1;1459;87443;1751357250492;1751357250495;false
0;0;1459;186942;1751357250492;1751357250496;false
1;2;1301;0;1751357250523;1751357250525;true
1;1;1301;0;1751357250524;1751357250527;true
1;0;1301;0;1751357250523;1751357250528;true
0;1;1460;86787;1751357250527;1751357250529;false
0;2;1460;55541;1751357250527;1751357250529;false
0;0;1460;185803;1751357250527;1751357250531;false
1;2;1302;0;1751357250562;1751357250563;true
1;1;1302;0;1751357250562;1751357250564;true
1;0;1302;0;1751357250562;1751357250566;true
0;2;1461;55294;1751357250573;1751357250575;false
0;1;1461;86191;1751357250574;1751357250577;false
0;0;1461;184767;1751357250573;1751357250577;false
1;2;1303;0;1751357250589;1751357250592;true
1;1;1303;0;1751357250589;1751357250593;true
1;0;1303;0;1751357250589;1751357250594;true
0;2;1462;54905;1751357250592;1751357250594;false
0;1;1462;86600;1751357250592;1751357250596;false
0;0;1462;185046;1751357250592;1751357250596;false
0;2;1463;55687;1751357250622;1751357250623;false
1;2;1304;0;1751357250620;1751357250623;true
1;1;1304;0;1751357250620;1751357250623;true
0;1;1463;86753;1751357250622;1751357250624;false
1;0;1304;0;1751357250620;1751357250625;true
0;0;1463;186642;1751357250622;1751357250626;false
1;2;1305;0;1751357250654;1751357250657;true
0;2;1464;55996;1751357250657;1751357250659;false
1;1;1305;0;1751357250654;1751357250659;true
1;0;1305;0;1751357250654;1751357250659;true
0;1;1464;86594;1751357250657;1751357250660;false
0;0;1464;186943;1751357250657;1751357250661;false
1;2;1306;0;1751357250686;1751357250688;true
1;1;1306;0;1751357250686;1751357250689;true
1;0;1306;0;1751357250686;1751357250690;true
0;2;1465;55535;1751357250687;1751357250703;false
0;1;1465;86710;1751357250687;1751357250703;false
0;0;1465;185753;1751357250687;1751357250705;false
0;1;1466;86329;1751357250733;1751357250736;false
0;2;1466;55042;1751357250733;1751357250736;false
1;2;1307;0;1751357250733;1751357250736;true
1;1;1307;0;1751357250733;1751357250737;true
1;0;1307;0;1751357250733;1751357250738;true
0;0;1466;184531;1751357250733;1751357250738;false
0;2;1467;55181;1751357250752;1751357250753;false
1;2;1308;0;1751357250752;1751357250753;true
0;1;1467;86413;1751357250752;1751357250754;false
1;1;1308;0;1751357250752;1751357250754;true
1;0;1308;0;1751357250752;1751357250755;true
0;0;1467;185598;1751357250752;1751357250756;false
0;2;1468;55341;1751357250783;1751357250785;false
0;1;1468;86396;1751357250783;1751357250786;false
1;2;1309;0;1751357250784;1751357250786;true
0;0;1468;185465;1751357250783;1751357250787;false
1;1;1309;0;1751357250784;1751357250788;true
1;0;1309;0;1751357250784;1751357250789;true
1;2;1310;0;1751357250820;1751357250822;true
1;1;1310;0;1751357250820;1751357250823;true
0;1;1469;86302;1751357250822;1751357250824;false
0;2;1469;55047;1751357250822;1751357250824;false
1;0;1310;0;1751357250820;1751357250825;true
0;0;1469;184173;1751357250822;1751357250837;false
1;2;1311;0;1751357250851;1751357250853;true
1;1;1311;0;1751357250851;1751357250855;true
1;0;1311;0;1751357250851;1751357250855;true
0;1;1470;86088;1751357250857;1751357250858;false
0;2;1470;55580;1751357250857;1751357250860;false
0;0;1470;184577;1751357250857;1751357250860;false
1;2;1312;0;1751357250888;1751357250891;true
1;1;1312;0;1751357250888;1751357250891;true
1;0;1312;0;1751357250888;1751357250893;true
0;1;1471;85852;1751357250892;1751357250894;false
0;0;1471;184221;1751357250892;1751357250896;false
0;2;1471;54725;1751357250892;1751357250896;false
1;2;1313;0;1751357250920;1751357250922;true
0;2;1472;55324;1751357250922;1751357250924;false
1;0;1313;0;1751357250920;1751357250925;true
1;1;1313;0;1751357250920;1751357250925;true
0;1;1472;85375;1751357250922;1751357250926;false
0;0;1472;183652;1751357250922;1751357250926;false
1;1;1314;0;1751357250952;1751357250955;true
1;2;1314;0;1751357250952;1751357250955;true
1;0;1314;0;1751357250952;1751357250957;true
0;2;1473;54669;1751357250957;1751357250958;false
0;1;1473;86255;1751357250957;1751357250959;false
0;0;1473;182901;1751357250957;1751357250959;false
1;2;1315;0;1751357250986;1751357250988;true
1;1;1315;0;1751357250986;1751357250990;true
1;0;1315;0;1751357250986;1751357250991;true
0;2;1474;54164;1751357250987;1751357251002;false
0;1;1474;85428;1751357250987;1751357251003;false
0;0;1474;182838;1751357250987;1751357251005;false
1;2;1316;0;1751357251019;1751357251021;true
1;1;1316;0;1751357251019;1751357251022;true
1;0;1316;0;1751357251019;1751357251023;true
0;2;1475;54397;1751357251022;1751357251025;false
0;1;1475;85306;1751357251022;1751357251025;false
0;0;1475;182672;1751357251022;1751357251025;false
1;2;1317;0;1751357251051;1751357251054;true
1;1;1317;0;1751357251051;1751357251055;true
1;0;1317;0;1751357251051;1751357251056;true
0;2;1476;54360;1751357251052;1751357251067;false
0;0;1476;182206;1751357251052;1751357251068;false
0;1;1476;84935;1751357251052;1751357251069;false
1;1;1318;0;1751357251082;1751357251084;true
1;2;1318;0;1751357251082;1751357251085;true
1;0;1318;0;1751357251082;1751357251086;true
0;2;1477;54180;1751357251089;1751357251090;false
0;1;1477;84805;1751357251089;1751357251091;false
0;0;1477;181805;1751357251089;1751357251092;false
0;2;1478;54548;1751357251113;1751357251115;false
0;1;1478;85172;1751357251113;1751357251115;false
1;1;1319;0;1751357251114;1751357251117;true
1;2;1319;0;1751357251114;1751357251117;true
0;0;1478;183249;1751357251113;1751357251117;false
1;0;1319;0;1751357251114;1751357251118;true
1;2;1320;0;1751357251147;1751357251149;true
1;1;1320;0;1751357251147;1751357251150;true
1;0;1320;0;1751357251147;1751357251152;true
0;2;1479;53973;1751357251152;1751357251154;false
0;1;1479;84844;1751357251152;1751357251154;false
0;0;1479;181853;1751357251152;1751357251155;false
1;2;1321;0;1751357251185;1751357251188;true
1;1;1321;0;1751357251185;1751357251188;true
0;1;1480;85360;1751357251187;1751357251190;false
1;0;1321;0;1751357251185;1751357251190;true
0;2;1480;54795;1751357251187;1751357251190;false
0;0;1480;183418;1751357251187;1751357251192;false
1;2;1322;0;1751357251218;1751357251221;true
1;1;1322;0;1751357251218;1751357251226;true
1;0;1322;0;1751357251218;1751357251226;true
0;2;1481;54549;1751357251226;1751357251227;false
0;1;1481;85060;1751357251226;1751357251227;false
0;0;1481;170751;1751357251226;1751357251228;false
1;2;1323;0;1751357251251;1751357251254;true
1;1;1323;0;1751357251251;1751357251254;true
1;0;1323;0;1751357251251;1751357251255;true
0;2;1482;53683;1751357251252;1751357251270;false
0;1;1482;83850;1751357251252;1751357251270;false
0;0;1482;179729;1751357251252;1751357251271;false
1;2;1324;0;1751357251285;1751357251287;true
0;1;1483;83760;1751357251286;1751357251288;false
0;2;1483;53440;1751357251286;1751357251288;false
1;1;1324;0;1751357251285;1751357251289;true
1;0;1324;0;1751357251285;1751357251289;true
0;0;1483;179937;1751357251286;1751357251290;false
1;1;1325;0;1751357251318;1751357251321;true
1;2;1325;0;1751357251318;1751357251322;true
1;0;1325;0;1751357251318;1751357251323;true
0;2;1484;53767;1751357251322;1751357251325;false
0;1;1484;84053;1751357251322;1751357251326;false
0;0;1484;179420;1751357251322;1751357251326;false
1;1;1326;0;1751357251349;1751357251352;true
1;2;1326;0;1751357251349;1751357251353;true
1;0;1326;0;1751357251349;1751357251354;true
0;2;1485;54391;1751357251352;1751357251354;false
0;1;1485;84465;1751357251352;1751357251356;false
0;0;1485;180777;1751357251352;1751357251356;false
1;2;1327;0;1751357251384;1751357251387;true
1;1;1327;0;1751357251384;1751357251388;true
0;2;1486;53674;1751357251387;1751357251388;false
1;0;1327;0;1751357251384;1751357251390;true
0;1;1486;83906;1751357251387;1751357251390;false
0;0;1486;180389;1751357251387;1751357251392;false
1;2;1328;0;1751357251417;1751357251419;true
1;1;1328;0;1751357251417;1751357251421;true
1;0;1328;0;1751357251417;1751357251422;true
0;1;1487;84686;1751357251422;1751357251424;false
0;2;1487;53673;1751357251422;1751357251424;false
0;0;1487;180999;1751357251422;1751357251425;false
0;2;1488;53295;1751357251442;1751357251443;false
0;1;1488;83040;1751357251442;1751357251445;false
1;2;1329;0;1751357251444;1751357251446;true
0;0;1488;177460;1751357251442;1751357251446;false
1;1;1329;0;1751357251444;1751357251447;true
1;0;1329;0;1751357251444;1751357251447;true
1;2;1330;0;1751357251484;1751357251486;true
1;1;1330;0;1751357251484;1751357251486;true
0;1;1489;84378;1751357251487;1751357251488;false
1;0;1330;0;1751357251484;1751357251488;true
0;2;1489;53870;1751357251487;1751357251489;false
0;0;1489;180063;1751357251487;1751357251491;false
1;2;1331;0;1751357251515;1751357251516;true
0;2;1490;54437;1751357251517;1751357251519;false
1;1;1331;0;1751357251515;1751357251520;true
1;0;1331;0;1751357251515;1751357251520;true
0;1;1490;84759;1751357251517;1751357251520;false
0;0;1490;182404;1751357251517;1751357251522;false
1;2;1332;0;1751357251549;1751357251552;true
0;2;1491;54344;1751357251552;1751357251553;false
1;1;1332;0;1751357251549;1751357251554;true
1;0;1332;0;1751357251549;1751357251554;true
0;1;1491;84378;1751357251552;1751357251555;false
0;0;1491;181134;1751357251552;1751357251556;false
1;2;1333;0;1751357251583;1751357251587;true
1;1;1333;0;1751357251584;1751357251588;true
1;0;1333;0;1751357251583;1751357251589;true
0;1;1492;83642;1751357251587;1751357251590;false
0;2;1492;53514;1751357251587;1751357251590;false
0;0;1492;180402;1751357251588;1751357251591;false
1;1;1334;0;1751357251615;1751357251618;true
0;2;1493;52953;1751357251617;1751357251619;false
1;0;1334;0;1751357251615;1751357251619;true
1;2;1334;0;1751357251615;1751357251619;true
0;1;1493;83365;1751357251617;1751357251621;false
0;0;1493;178825;1751357251617;1751357251621;false
1;2;1335;0;1751357251649;1751357251651;true
1;0;1335;0;1751357251649;1751357251653;true
1;1;1335;0;1751357251649;1751357251654;true
0;2;1494;53395;1751357251652;1751357251655;false
0;1;1494;83213;1751357251652;1751357251656;false
0;0;1494;177779;1751357251652;1751357251656;false
1;2;1336;0;1751357251681;1751357251684;true
1;1;1336;0;1751357251681;1751357251684;true
0;2;1495;53191;1751357251682;1751357251685;false
0;1;1495;83218;1751357251683;1751357251686;false
1;0;1336;0;1751357251681;1751357251686;true
0;0;1495;178664;1751357251682;1751357251687;false
1;2;1337;0;1751357251715;1751357251717;true
0;1;1496;83315;1751357251717;1751357251717;false
0;2;1496;53484;1751357251717;1751357251717;false
1;0;1337;0;1751357251715;1751357251717;true
1;1;1337;0;1751357251715;1751357251717;true
0;0;1496;179491;1751357251717;1751357251720;false
1;1;1338;0;1751357251748;1751357251751;true
1;2;1338;0;1751357251748;1751357251751;true
1;0;1338;0;1751357251748;1751357251752;true
0;2;1497;54778;1751357251752;1751357251753;false
0;1;1497;85530;1751357251752;1751357251754;false
0;0;1497;183183;1751357251752;1751357251755;false
1;2;1339;0;1751357251782;1751357251783;true
1;1;1339;0;1751357251782;1751357251784;true
1;0;1339;0;1751357251782;1751357251784;true
0;2;1498;54934;1751357251787;1751357251789;false
0;1;1498;85640;1751357251787;1751357251791;false
0;0;1498;183305;1751357251787;1751357251792;false
1;2;1340;0;1751357251814;1751357251816;true
1;1;1340;0;1751357251814;1751357251818;true
1;0;1340;0;1751357251814;1751357251820;true
0;2;1499;54436;1751357251818;1751357251820;false
0;1;1499;85116;1751357251818;1751357251821;false
0;0;1499;182331;1751357251818;1751357251822;false
1;2;1341;0;1751357251848;1751357251851;true
1;1;1341;0;1751357251848;1751357251852;true
1;0;1341;0;1751357251848;1751357251853;true
0;2;1500;54445;1751357251852;1751357251854;false
0;1;1500;85918;1751357251852;1751357251854;false
0;0;1500;182726;1751357251852;1751357251856;false
1;2;1342;0;1751357251880;1751357251883;true
1;1;1342;0;1751357251880;1751357251884;true
0;2;1501;54140;1751357251883;1751357251885;false
1;0;1342;0;1751357251880;1751357251885;true
0;1;1501;84500;1751357251883;1751357251886;false
0;0;1501;181537;1751357251883;1751357251887;false
1;1;1343;0;1751357251914;1751357251918;true
1;2;1343;0;1751357251914;1751357251918;true
0;2;1502;53275;1751357251917;1751357251918;false
0;1;1502;83773;1751357251917;1751357251918;false
1;0;1343;0;1751357251914;1751357251918;true
0;0;1502;179253;1751357251917;1751357251921;false
1;2;1344;0;1751357251947;1751357251949;true
1;1;1344;0;1751357251947;1751357251951;true
1;0;1344;0;1751357251947;1751357251952;true
0;1;1503;83208;1751357251952;1751357251953;false
0;2;1503;53570;1751357251952;1751357251954;false
0;0;1503;179047;1751357251952;1751357251954;false
1;2;1345;0;1751357251979;1751357251983;true
1;1;1345;0;1751357251979;1751357251983;true
1;0;1345;0;1751357251979;1751357251984;true
0;2;1504;54260;1751357251982;1751357251985;false
0;1;1504;84307;1751357251982;1751357251985;false
0;0;1504;180493;1751357251982;1751357251985;false
1;2;1346;0;1751357252012;1751357252014;true
1;1;1346;0;1751357252012;1751357252015;true
1;0;1346;0;1751357252012;1751357252016;true
0;2;1505;54025;1751357252030;1751357252032;false
0;1;1505;84463;1751357252030;1751357252032;false
0;0;1505;180822;1751357252030;1751357252034;false
0;2;1506;55077;1751357252034;1751357252036;false
0;1;1506;86140;1751357252034;1751357252037;false
0;0;1506;183857;1751357252035;1751357252038;false
1;2;1347;0;1751357252038;1751357252039;true
1;1;1347;0;1751357252038;1751357252042;true
1;0;1347;0;1751357252038;1751357252042;true
1;1;1348;0;1751357252079;1751357252080;true
1;2;1348;0;1751357252079;1751357252082;true
0;2;1507;54670;1751357252082;1751357252083;false
1;0;1348;0;1751357252079;1751357252083;true
0;1;1507;84873;1751357252082;1751357252085;false
0;0;1507;183012;1751357252082;1751357252085;false
1;2;1349;0;1751357252110;1751357252112;true
0;2;1508;54571;1751357252112;1751357252114;false
1;1;1349;0;1751357252110;1751357252114;true
1;0;1349;0;1751357252110;1751357252115;true
0;1;1508;85518;1751357252112;1751357252115;false
0;0;1508;183775;1751357252112;1751357252115;false
1;2;1350;0;1751357252143;1751357252144;true
1;1;1350;0;1751357252143;1751357252146;true
1;0;1350;0;1751357252143;1751357252147;true
0;2;1509;54432;1751357252147;1751357252147;false
0;1;1509;84617;1751357252147;1751357252149;false
0;0;1509;182005;1751357252147;1751357252149;false
1;2;1351;0;1751357252174;1751357252174;true
1;1;1351;0;1751357252174;1751357252176;true
1;0;1351;0;1751357252174;1751357252178;true
0;2;1510;55016;1751357252177;1751357252178;false
0;1;1510;86456;1751357252177;1751357252179;false
0;0;1510;185872;1751357252177;1751357252181;false
1;1;1352;0;1751357252211;1751357252214;true
1;2;1352;0;1751357252211;1751357252214;true
0;2;1511;55714;1751357252212;1751357252215;false
1;0;1352;0;1751357252211;1751357252215;true
0;1;1511;87154;1751357252212;1751357252215;false
0;0;1511;187160;1751357252213;1751357252216;false
1;2;1353;0;1751357252245;1751357252246;true
1;1;1353;0;1751357252245;1751357252246;true
1;0;1353;0;1751357252245;1751357252248;true
1;2;1354;0;1751357252275;1751357252276;true
1;1;1354;0;1751357252275;1751357252277;true
1;0;1354;0;1751357252275;1751357252277;true
1;2;1355;0;1751357252305;1751357252305;true
1;1;1355;0;1751357252305;1751357252305;true
1;0;1355;0;1751357252305;1751357252306;true
1;2;1356;0;1751357252349;1751357252350;true
1;1;1356;0;1751357252349;1751357252350;true
1;0;1356;0;1751357252349;1751357252350;true
1;1;1357;0;1751357252380;1751357252382;true
1;2;1357;0;1751357252380;1751357252382;true
1;0;1357;0;1751357252380;1751357252382;true
1;2;1358;0;1751357252411;1751357252412;true
1;1;1358;0;1751357252411;1751357252412;true
1;0;1358;0;1751357252411;1751357252413;true
1;2;1359;0;1751357252442;1751357252443;true
1;1;1359;0;1751357252442;1751357252444;true
1;0;1359;0;1751357252442;1751357252444;true
1;2;1360;0;1751357252474;1751357252475;true
1;1;1360;0;1751357252474;1751357252476;true
1;0;1360;0;1751357252474;1751357252476;true
1;2;1361;0;1751357252510;1751357252511;true
1;1;1361;0;1751357252510;1751357252511;true
1;0;1361;0;1751357252510;1751357252512;true
1;1;1362;0;1751357252542;1751357252543;true
1;2;1362;0;1751357252542;1751357252545;true
1;0;1362;0;1751357252542;1751357252546;true
1;2;1363;0;1751357252576;1751357252579;true
1;1;1363;0;1751357252576;1751357252579;true
1;0;1363;0;1751357252576;1751357252580;true
1;1;1364;0;1751357252603;1751357252604;true
1;2;1364;0;1751357252603;1751357252604;true
1;0;1364;0;1751357252603;1751357252604;true
1;2;1365;0;1751357252640;1751357252641;true
1;1;1365;0;1751357252640;1751357252641;true
1;0;1365;0;1751357252640;1751357252641;true
1;2;1366;0;1751357252670;1751357252672;true
1;0;1366;0;1751357252670;1751357252672;true
1;1;1366;0;1751357252670;1751357252672;true
1;2;1367;0;1751357252713;1751357252713;true
1;1;1367;0;1751357252713;1751357252714;true
1;0;1367;0;1751357252713;1751357252714;true
1;2;1368;0;1751357252742;1751357252744;true
1;1;1368;0;1751357252742;1751357252744;true
1;0;1368;0;1751357252742;1751357252744;true
1;1;1369;0;1751357252764;1751357252764;true
1;2;1369;0;1751357252764;1751357252765;true
1;0;1369;0;1751357252764;1751357252765;true
1;1;1370;0;1751357252810;1751357252811;true
1;2;1370;0;1751357252810;1751357252811;true
1;0;1370;0;1751357252810;1751357252811;true
1;2;1371;0;1751357252842;1751357252843;true
1;0;1371;0;1751357252842;1751357252844;true
1;1;1371;0;1751357252842;1751357252844;true
1;1;1372;0;1751357252875;1751357252875;true
1;2;1372;0;1751357252875;1751357252877;true
1;0;1372;0;1751357252875;1751357252878;true
1;2;1373;0;1751357252907;1751357252908;true
1;0;1373;0;1751357252907;1751357252909;true
1;1;1373;0;1751357252907;1751357252909;true
1;2;1374;0;1751357252943;1751357252943;true
1;0;1374;0;1751357252943;1751357252945;true
1;1;1374;0;1751357252943;1751357252945;true
1;2;1375;0;1751357252974;1751357252975;true
1;1;1375;0;1751357252974;1751357252975;true
1;0;1375;0;1751357252974;1751357252975;true
1;1;1376;0;1751357253006;1751357253007;true
1;2;1376;0;1751357253006;1751357253007;true
1;0;1376;0;1751357253006;1751357253008;true
1;2;1377;0;1751357253040;1751357253040;true
1;1;1377;0;1751357253040;1751357253042;true
1;0;1377;0;1751357253040;1751357253042;true
1;2;1378;0;1751357253071;1751357253071;true
1;1;1378;0;1751357253071;1751357253073;true
1;0;1378;0;1751357253071;1751357253073;true
1;1;1379;0;1751357253105;1751357253108;true
1;2;1379;0;1751357253105;1751357253108;true
1;0;1379;0;1751357253105;1751357253108;true
1;1;1380;0;1751357253138;1751357253138;true
1;2;1380;0;1751357253138;1751357253139;true
1;0;1380;0;1751357253138;1751357253140;true
1;2;1381;0;1751357253172;1751357253174;true
1;1;1381;0;1751357253173;1751357253174;true
1;0;1381;0;1751357253173;1751357253174;true
1;2;1382;0;1751357253205;1751357253206;true
1;1;1382;0;1751357253205;1751357253207;true
1;0;1382;0;1751357253205;1751357253207;true
1;2;1383;0;1751357253239;1751357253239;true
1;1;1383;0;1751357253239;1751357253240;true
1;0;1383;0;1751357253239;1751357253241;true
1;1;1384;0;1751357253270;1751357253271;true
1;2;1384;0;1751357253270;1751357253271;true
1;0;1384;0;1751357253270;1751357253272;true
1;2;1385;0;1751357253305;1751357253306;true
1;1;1385;0;1751357253305;1751357253306;true
1;0;1385;0;1751357253305;1751357253307;true
1;2;1386;0;1751357253338;1751357253339;true
1;1;1386;0;1751357253339;1751357253340;true
1;0;1386;0;1751357253339;1751357253340;true
1;2;1387;0;1751357253371;1751357253372;true
1;1;1387;0;1751357253371;1751357253372;true
1;0;1387;0;1751357253371;1751357253372;true
1;2;1388;0;1751357253404;1751357253406;true
1;1;1388;0;1751357253404;1751357253407;true
1;0;1388;0;1751357253404;1751357253407;true
1;1;1389;0;1751357253436;1751357253437;true
1;2;1389;0;1751357253436;1751357253438;true
1;0;1389;0;1751357253436;1751357253438;true
1;2;1390;0;1751357253470;1751357253472;true
1;0;1390;0;1751357253470;1751357253473;true
1;1;1390;0;1751357253470;1751357253473;true
1;1;1391;0;1751357253493;1751357253493;true
1;2;1391;0;1751357253493;1751357253493;true
1;0;1391;0;1751357253493;1751357253495;true
1;2;1392;0;1751357253524;1751357253525;true
1;1;1392;0;1751357253524;1751357253526;true
1;0;1392;0;1751357253524;1751357253526;true
1;2;1393;0;1751357253572;1751357253575;true
1;1;1393;0;1751357253573;1751357253576;true
1;0;1393;0;1751357253573;1751357253576;true
1;2;1394;0;1751357253603;1751357253604;true
1;1;1394;0;1751357253603;1751357253605;true
1;0;1394;0;1751357253603;1751357253605;true
1;2;1395;0;1751357253637;1751357253638;true
1;1;1395;0;1751357253637;1751357253638;true
1;0;1395;0;1751357253637;1751357253639;true
1;2;1396;0;1751357253668;1751357253668;true
1;1;1396;0;1751357253668;1751357253670;true
1;0;1396;0;1751357253668;1751357253670;true
1;1;1397;0;1751357253689;1751357253689;true
1;2;1397;0;1751357253689;1751357253689;true
1;0;1397;0;1751357253689;1751357253691;true
1;2;1398;0;1751357253736;1751357253738;true
1;1;1398;0;1751357253736;1751357253738;true
1;0;1398;0;1751357253736;1751357253738;true
1;2;1399;0;1751357253769;1751357253769;true
1;1;1399;0;1751357253769;1751357253770;true
1;0;1399;0;1751357253769;1751357253771;true
1;1;1400;0;1751357253801;1751357253801;true
1;2;1400;0;1751357253801;1751357253802;true
1;0;1400;0;1751357253801;1751357253802;true
1;1;1401;0;1751357253823;1751357253824;true
1;2;1401;0;1751357253823;1751357253824;true
1;0;1401;0;1751357253823;1751357253824;true
1;2;1402;0;1751357253858;1751357253858;true
1;1;1402;0;1751357253858;1751357253859;true
1;0;1402;0;1751357253858;1751357253859;true
1;2;1403;0;1751357253886;1751357253888;true
1;1;1403;0;1751357253886;1751357253888;true
1;0;1403;0;1751357253886;1751357253888;true
1;1;1404;0;1751357253920;1751357253920;true
1;2;1404;0;1751357253920;1751357253921;true
1;0;1404;0;1751357253920;1751357253921;true
1;1;1405;0;1751357253967;1751357253968;true
1;2;1405;0;1751357253967;1751357253968;true
1;0;1405;0;1751357253967;1751357253969;true
1;1;1406;0;1751357253986;1751357253987;true
1;2;1406;0;1751357253986;1751357253987;true
1;0;1406;0;1751357253986;1751357253987;true
1;1;1407;0;1751357254021;1751357254021;true
1;2;1407;0;1751357254021;1751357254021;true
1;0;1407;0;1751357254021;1751357254021;true
1;1;1408;0;1751357254052;1751357254052;true
1;2;1408;0;1751357254052;1751357254053;true
1;0;1408;0;1751357254052;1751357254053;true
1;2;1409;0;1751357254084;1751357254084;true
1;1;1409;0;1751357254084;1751357254084;true
1;0;1409;0;1751357254084;1751357254087;true
1;2;1410;0;1751357254117;1751357254117;true
1;1;1410;0;1751357254117;1751357254118;true
1;0;1410;0;1751357254117;1751357254118;true
1;1;1411;0;1751357254150;1751357254150;true
1;2;1411;0;1751357254150;1751357254151;true
1;0;1411;0;1751357254150;1751357254151;true
1;2;1412;0;1751357254184;1751357254184;true
1;1;1412;0;1751357254184;1751357254184;true
1;0;1412;0;1751357254184;1751357254184;true
1;2;1413;0;1751357254217;1751357254217;true
1;1;1413;0;1751357254217;1751357254218;true
1;0;1413;0;1751357254217;1751357254218;true
1;2;1414;0;1751357254249;1751357254250;true
1;1;1414;0;1751357254249;1751357254250;true
1;0;1414;0;1751357254249;1751357254250;true
1;2;1415;0;1751357254298;1751357254298;true
1;1;1415;0;1751357254298;1751357254299;true
1;0;1415;0;1751357254298;1751357254300;true
1;1;1416;0;1751357254315;1751357254316;true
1;2;1416;0;1751357254315;1751357254316;true
1;0;1416;0;1751357254315;1751357254316;true
1;2;1417;0;1751357254348;1751357254349;true
1;1;1417;0;1751357254348;1751357254349;true
1;0;1417;0;1751357254348;1751357254351;true
1;2;1418;0;1751357254382;1751357254383;true
1;1;1418;0;1751357254382;1751357254383;true
1;0;1418;0;1751357254382;1751357254383;true
1;2;1419;0;1751357254416;1751357254416;true
1;1;1419;0;1751357254416;1751357254416;true
1;0;1419;0;1751357254416;1751357254416;true
1;2;1420;0;1751357254449;1751357254449;true
1;1;1420;0;1751357254449;1751357254451;true
1;0;1420;0;1751357254449;1751357254451;true
1;1;1421;0;1751357254482;1751357254483;true
1;2;1421;0;1751357254482;1751357254483;true
1;0;1421;0;1751357254482;1751357254484;true
1;2;1422;0;1751357254515;1751357254515;true
1;1;1422;0;1751357254515;1751357254515;true
1;0;1422;0;1751357254515;1751357254515;true
